Cliente;Nota;Data da venda;Vencimento;Recebimento;Valor;Status
"AMEPLAN ASSISTENCIA";"000067618";"2025-11-27";"2025-12-27";"";11642,05;"Vencido"
"AMEPLAN ASSISTENCIA";"000067618";"2025-11-27";"2026-01-26";"";11642,05;"A vencer"
"AMEPLAN ASSISTENCIA";"000067618";"2025-11-27";"2026-02-25";"";11642,05;"A vencer"
"AMIL ASSISTENCIA MED";"000012646";"2025-11-28";"2026-03-08";"";8109,28;"A vencer"
"AMIL ASSISTENCIA MED";"000065895";"2025-10-06";"2026-01-14";"";44509,28;"A vencer"
"ANGIOCOR";"000056098";"2025-07-21";"2025-08-20";"";20000;"Vencido"
"ANGIOCOR";"000056098";"2025-07-21";"2025-09-20";"";41545;"Vencido"
"ANGIOCOR";"000056098";"2025-07-21";"2025-10-20";"";41545;"Vencido"
"ANGIOCOR";"000056098";"2025-07-21";"2025-11-20";"";41545;"Vencido"
"ANGIOCOR";"000056098";"2025-07-21";"2025-12-20";"";41545;"Vencido"
"ANGIOCOR";"000056098";"2025-07-21";"2026-01-20";"";41545;"A vencer"
"ANGIOCOR";"000056098";"2025-07-21";"2026-02-20";"";41545;"A vencer"
"ANGIOCOR";"000056098";"2025-07-21";"2026-03-20";"";41545;"A vencer"
"ASSIM SAUDE";"000012090";"2025-10-07";"2025-11-04";"";3040;"Vencido"
"ASSIM SAUDE";"000012091";"2025-10-07";"2025-11-04";"";23125;"Vencido"
"ASSISTENCIA MEDICA E";"000006101";"2009-03-18";"2009-04-17";"";5250;"Vencido"
"ASSISTENCIA MEDICA E";"000006102";"2009-03-18";"2009-05-15";"";5250;"Vencido"
"ASSISTENCIA MEDICA E";"000212601";"2009-02-17";"2009-03-19";"";5250;"Vencido"
"ASSISTENCIA MEDICA E";"000212602";"2009-02-17";"2009-05-04";"";5250;"Vencido"
"ASSISTENCIA MEDICA E";"000243502";"2009-03-18";"2009-05-15";"";5250;"Vencido"
"ASSISTENCIA MEDICA E";"243501";"2009-03-18";"2009-04-17";"";5250;"Vencido"
"ASSOCIACAO AUXILIADO";"002713301";"2017-03-28";"2017-04-27";"";51255;"Vencido"
"ASSOCIACAO BENEFICEN";"000049165";"2023-11-13";"2024-02-11";"";14000;"Vencido"
"ASSOCIACAO BENEFICEN";"000050836";"2024-02-21";"2024-05-21";"";195,45;"Vencido"
"ASSOCIACAO BENEFICEN";"000050837";"2024-02-21";"2024-05-21";"";195,45;"Vencido"
"ASSOCIACAO BENEFICEN";"000050838";"2024-02-21";"2024-05-21";"";195,45;"Vencido"
"ASSOCIACAO BENEFICEN";"000050874";"2024-02-23";"2024-05-23";"";499,14;"Vencido"
"ASSOCIACAO BENEFICEN";"000050875";"2024-02-23";"2024-05-23";"";195,45;"Vencido"
"ASSOCIACAO BENEFICEN";"000050876";"2024-02-23";"2024-05-23";"";195,45;"Vencido"
"ASSOCIACAO BENEFICEN";"000050928";"2024-02-27";"2024-05-27";"";12544,98;"Vencido"
"ASSOCIACAO BENEFICEN";"000050934";"2024-02-27";"2024-05-27";"";43763,58;"Vencido"
"ASSOCIACAO BENEFICEN";"000050937";"2024-02-27";"2024-05-27";"";55352,68;"Vencido"
"ASSOCIACAO BENEFICEN";"000051021";"2024-03-04";"2024-06-02";"";499,14;"Vencido"
"ASSOCIACAO BENEFICEN";"000051328";"2024-03-19";"2024-04-18";"";499,14;"Vencido"
"ASSOCIACAO BENEFICEN";"000051329";"2024-03-19";"2024-06-17";"";195,45;"Vencido"
"ASSOCIACAO BENEFICEN";"000051331";"2024-03-19";"2024-06-17";"";499,14;"Vencido"
"ASSOCIACAO BENEFICEN";"000051556";"2024-03-28";"2024-06-26";"";56045,67;"Vencido"
"ASSOCIACAO BENEFICEN";"000051557";"2024-03-28";"2024-06-26";"";14000;"Vencido"
"ASSOCIACAO BENEFICEN";"000051702";"2024-04-10";"2024-07-09";"";195,45;"Vencido"
"ASSOCIACAO BENEFICEN";"000051714";"2024-04-10";"2024-07-09";"";14000;"Vencido"
"ASSOCIACAO BENEFICEN";"000051745";"2024-04-11";"2024-07-10";"";195,45;"Vencido"
"ASSOCIACAO BENEFICEN";"000052752";"2024-06-18";"2024-09-16";"";195,45;"Vencido"
"ASSOCIACAO BENEFICEN";"000052753";"2024-06-18";"2024-09-16";"";195,45;"Vencido"
"ASSOCIACAO BENEFICEN";"000052755";"2024-06-18";"2024-09-16";"";195,45;"Vencido"
"ASSOCIACAO BENEFICEN";"000053473";"2024-07-24";"2024-10-22";"";14000;"Vencido"
"ASSOCIACAO BENEFICEN";"000054320";"2024-09-04";"2024-12-03";"";14000;"Vencido"
"ASSOCIACAO BENEFICEN";"000054854";"2024-09-27";"2024-12-26";"";55467,43;"Vencido"
"ASSOCIACAO BENEFICEN";"000055197";"2024-10-14";"2025-01-12";"";14000;"Vencido"
"ASSOCIACAO BENEFICEN";"000062726";"2025-07-07";"2025-10-05";"";11200;"Vencido"
"ASSOCIACAO HOSPITALA";"000066729";"2025-10-31";"2025-11-30";"";18415;"Vencido"
"ASSOCIACAO HOSPITALA";"000066729";"2025-10-31";"2025-12-30";"";18415;"Vencido"
"ASSOCIACAO HOSPITALA";"000066729";"2025-10-31";"2026-01-29";"";18415;"A vencer"
"ASSOCIACAO HOSPITALA";"000066729";"2025-10-31";"2026-02-28";"";18415;"A vencer"
"ATIVA MEDICAL COMERC";"000049006";"2023-10-30";"2023-11-10";"";39000;"Vencido"
"ATIVA MEDICAL COMERC";"000049006";"2023-10-30";"2023-12-10";"";39000;"Vencido"
"ATIVIA SERVICOS DE S";"000047567";"2023-07-20";"2023-10-18";"";20150;"Vencido"
"ATIVIA SERVICOS DE S";"000047665";"2023-07-27";"2023-10-10";"";38990;"Vencido"
"ATIVIA SERVICOS DE S";"000052346";"2024-05-24";"2024-07-18";"";43925;"Vencido"
"ATIVIA SERVICOS DE S";"000052346";"2024-05-24";"2024-07-23";"";43925;"Vencido"
"ATIVIA SERVICOS DE S";"000052346";"2024-05-24";"2024-08-22";"";43925;"Vencido"
"ATIVIA SERVICOS DE S";"000052346";"2024-05-24";"2024-09-23";"";43925;"Vencido"
"AUSTACLINICAS ASSIST";"000066715";"2025-10-30";"2025-12-29";"";39860;"Vencido"
"AUSTACOR";"000068460";"2025-12-23";"2026-03-23";"";38060;"A vencer"
"BANCO BRADESCO S.A.";"004367601";"2022-04-25";"2022-05-20";"";108761,94;"Vencido"
"BANCO BRADESCO S.A.";"004367602";"2022-04-25";"2022-06-20";"";108761,94;"Vencido"
"BANCO BRADESCO S.A.";"004386001";"2022-07-08";"2022-09-10";"";121396,75;"Vencido"
"BANCO BRADESCO S.A.";"004459701";"2022-10-07";"2023-01-28";"";70000;"Vencido"
"BANCO DO BRASIL S.A.";"004692301";"2023-06-01";"2023-07-15";"";71100;"Vencido"
"BIOCATH";"000068006";"2025-12-09";"2026-01-08";"";1845;"A vencer"
"BIOMEDICAL - BAHIA";"000844901";"2012-12-17";"2012-12-17";"";5887,5;"Vencido"
"BIOMEDICAL - BAHIA";"000844902";"2012-08-31";"2013-04-01";"";17887,5;"Vencido"
"BIOMEDICAL - BAHIA";"000844903";"2012-08-31";"2013-04-01";"";17887,5;"Vencido"
"BIOMEDICAL - BAHIA";"000844904";"2012-08-31";"2013-04-01";"";17887,5;"Vencido"
"BIOMEDICAL - BAHIA";"000864001";"2012-09-17";"2013-04-01";"";6750;"Vencido"
"BIOMEDICAL - BAHIA";"000864002";"2012-09-17";"2013-04-01";"";6750;"Vencido"
"BIOMEDICAL - BAHIA";"000864003";"2012-09-17";"2013-04-01";"";6750;"Vencido"
"BIOMEDICAL - BAHIA";"000864004";"2012-09-17";"2013-04-01";"";6750;"Vencido"
"BIOMEDICAL - BAHIA";"000894301";"2012-10-09";"2013-04-01";"";1500;"Vencido"
"BIOMEDICAL - BAHIA";"000894302";"2012-10-09";"2013-04-01";"";1500;"Vencido"
"BIOMEDICAL - BAHIA";"000894303";"2012-10-09";"2013-04-01";"";1500;"Vencido"
"BIOMEDICAL - BAHIA";"000894304";"2012-10-09";"2013-03-08";"";1500;"Vencido"
"BIOMEDICAL - BAHIA";"000896901";"2012-10-11";"2012-12-10";"";11425;"Vencido"
"BIOMEDICAL - BAHIA";"000896902";"2012-10-11";"2013-01-09";"";11425;"Vencido"
"BIOMEDICAL - BAHIA";"000896903";"2012-10-11";"2013-02-08";"";11425;"Vencido"
"BIOMEDICAL - BAHIA";"000896904";"2012-10-11";"2013-03-10";"";11425;"Vencido"
"BIOMEDICAL - BAHIA";"000906901";"2012-10-19";"2012-12-18";"";350;"Vencido"
"BIOMEDICAL - BAHIA";"000906903";"2012-10-19";"2013-02-16";"";350;"Vencido"
"BIOMEDICAL - BAHIA";"000906904";"2012-10-19";"2013-03-18";"";350;"Vencido"
"BIOMEDICAL - BAHIA";"000912801";"2012-10-25";"2012-12-24";"";769,76;"Vencido"
"BIOMEDICAL - BAHIA";"000912803";"2012-10-25";"2013-02-22";"";769,75;"Vencido"
"BIOMEDICAL - BAHIA";"000912804";"2012-10-25";"2013-03-24";"";769,75;"Vencido"
"BOM SAMARITANO";"000055868";"2024-11-11";"2025-04-24";"";153000;"Vencido"
"BOM SAMARITANO";"000062132";"2025-06-18";"2025-09-16";"";240,38;"Vencido"
"BOM SAMARITANO";"000067672";"2025-11-28";"2026-01-27";"";30670,4;"A vencer"
"BOM SAMARITANO";"000067674";"2025-11-28";"2026-01-27";"";13354,32;"A vencer"
"BOM SAMARITANO";"000067788";"2025-12-02";"2026-01-31";"";43508,8;"A vencer"
"BOM SAMARITANO";"000067789";"2025-12-02";"2026-01-31";"";43313,35;"A vencer"
"BOM SAMARITANO";"000067890";"2025-12-05";"2026-02-03";"";240,38;"A vencer"
"BRUNO LEONARDO SANTO";"000063641";"2025-08-04";"2025-10-03";"";15214,8;"Vencido"
"CABERJ INTEGRAL SAUD";"000011126";"2025-07-21";"2025-10-19";"";8023;"Vencido"
"CASA DE SAUDE NOSSA";"000011926";"2025-09-25";"2026-01-23";"";93540;"A vencer"
"CASA DE SAUDE NOSSA";"000012019";"2025-10-02";"2026-01-30";"";24255,8;"A vencer"
"CASA DE SAUDE SANTA";"000067858";"2025-12-04";"2026-03-04";"";29793,58;"A vencer"
"CASSEMS";"000063086";"2025-07-18";"2025-08-17";"";192200;"Vencido"
"CASSI SAO PAULO - SP";"000068090";"2025-12-11";"2026-02-09";"";31180,29;"A vencer"
"CENTRO MEDICO SANTA";"000061712";"2025-06-05";"2025-08-15";"";12515;"Vencido"
"CENTRO MEDICO SANTA";"000061712";"2025-06-05";"2025-08-29";"";12515;"Vencido"
"CENTRO MEDICO SANTA";"000061712";"2025-06-05";"2025-09-15";"";12515;"Vencido"
"CENTRO MEDICO SANTA";"000061712";"2025-06-05";"2025-09-30";"";12515;"Vencido"
"CENTRO MEDICO SANTA";"000064284";"2025-08-22";"2025-09-15";"";14300;"Vencido"
"CENTRO MEDICO SANTA";"000064284";"2025-08-22";"2025-09-30";"";14300;"Vencido"
"CENTRO MEDICO SANTA";"000064284";"2025-08-22";"2025-10-15";"";14300;"Vencido"
"CENTRO MEDICO SANTA";"000064284";"2025-08-22";"2025-10-31";"";14300;"Vencido"
"CENTRO MEDICO SANTA";"000064284";"2025-08-22";"2025-11-14";"";14300;"Vencido"
"CENTRO TRASMONTANO D";"000068091";"2025-12-11";"2026-02-09";"";32500;"A vencer"
"CLINICA MÉDICA NOSSA";"000250101";"2009-03-25";"2009-07-23";"";2034,5;"Vencido"
"COMPLEXO HOSPITALAR";"000011641";"2025-09-01";"2025-11-30";"";90000;"Vencido"
"COMPLEXO HOSPITALAR";"000012735";"2025-12-18";"2026-03-18";"";4690;"A vencer"
"CRUZ VERMELHA BRASIL";"000062238";"2025-06-23";"2025-10-21";"";132300;"Vencido"
"CRUZ VERMELHA BRASIL";"000065334";"2025-09-18";"2026-01-15";"";44034;"A vencer"
"CRUZ VERMELHA BRASIL";"000065397";"2025-09-19";"2026-01-17";"";77996;"A vencer"
"CRUZ VERMELHA BRASIL";"000068546";"2025-12-30";"2026-04-29";"";56249,23;"A vencer"
"EDSON DOS SANTOS MAR";"000202224";"2022-06-09";"2026-01-10";"";8102;"A vencer"
"EDSON DOS SANTOS MAR";"000202233";"2022-06-09";"2025-08-10";"";8102;"Vencido"
"EDSON DOS SANTOS MAR";"000202234";"2022-06-09";"2025-09-10";"";8102;"Vencido"
"EDSON DOS SANTOS MAR";"000202235";"2022-06-09";"2025-10-10";"";8102;"Vencido"
"EDSON DOS SANTOS MAR";"000202237";"2022-06-09";"2025-12-10";"";8102;"Vencido"
"FAJ";"000065799";"2025-10-02";"2026-01-30";"";29763,58;"A vencer"
"FAJ";"000067242";"2025-11-14";"2026-03-14";"";14000;"A vencer"
"FAJ";"000067823";"2025-12-03";"2026-04-02";"";30377,47;"A vencer"
"FAJ";"000068322";"2025-12-18";"2026-04-17";"";29763,58;"A vencer"
"FAJ";"000068562";"2025-12-30";"2026-04-29";"";29763,58;"A vencer"
"FENIX MEDICAL";"000065858";"2025-10-03";"2026-01-01";"";4888,66;"A vencer"
"FENIX MEDICAL";"000068450";"2025-12-23";"2026-01-22";"";9822,25;"A vencer"
"FENIX MEDICAL";"000068450";"2025-12-23";"2026-02-21";"";9822,25;"A vencer"
"FENIX MEDICAL";"000068450";"2025-12-23";"2026-03-23";"";9822,25;"A vencer"
"FENIX MEDICAL";"000068450";"2025-12-23";"2026-04-22";"";9822,25;"A vencer"
"FOR LIFE MATERIAIS H";"000065150";"2025-09-11";"2025-12-10";"";97675;"Vencido"
"FUNDACAO BAHIANA DE";"000026401";"2021-08-05";"2021-11-03";"";600;"Vencido"
"FUNDACAO BAHIANA DE";"000026501";"2021-08-05";"2021-11-03";"";600;"Vencido"
"FUNDACAO BAHIANA DE";"000065204";"2025-09-12";"2025-12-11";"";14000;"Vencido"
"FUNDACAO BAHIANA DE";"000065207";"2025-09-12";"2025-12-11";"";55200;"Vencido"
"FUNDACAO BAHIANA DE";"004142501";"2021-01-07";"2021-04-07";"";3000;"Vencido"
"FUNDACAO BAHIANA DE";"004143001";"2021-01-08";"2021-04-08";"";600;"Vencido"
"FUNDACAO BAHIANA DE";"004159401";"2021-01-29";"2021-04-29";"";1200;"Vencido"
"FUNDACAO BAHIANA DE";"004159501";"2021-01-29";"2021-04-29";"";2000;"Vencido"
"FUNDACAO BAHIANA DE";"004159601";"2021-01-29";"2021-04-29";"";2600;"Vencido"
"FUNDACAO BAHIANA DE";"004181701";"2021-03-08";"2021-06-06";"";2000;"Vencido"
"FUNDACAO BAHIANA DE";"004181801";"2021-03-08";"2021-06-06";"";600;"Vencido"
"FUNDACAO BAHIANA DE";"004187201";"2021-03-19";"2021-06-17";"";2000;"Vencido"
"FUNDACAO BAHIANA DE";"004195601";"2021-03-30";"2021-06-28";"";1200;"Vencido"
"FUNDACAO BAHIANA DE";"004195701";"2021-03-30";"2021-06-28";"";600;"Vencido"
"FUNDACAO BAHIANA DE";"004195801";"2021-03-30";"2021-06-28";"";2000;"Vencido"
"FUNDACAO BAHIANA DE";"004195901";"2021-03-30";"2021-06-28";"";2000;"Vencido"
"FUNDACAO BAHIANA DE";"004197301";"2021-03-31";"2021-06-29";"";2000;"Vencido"
"FUNDACAO BAHIANA DE";"004197401";"2021-03-31";"2021-06-29";"";600;"Vencido"
"FUNDACAO BAHIANA DE";"004203101";"2021-04-09";"2021-07-08";"";600;"Vencido"
"FUNDACAO BAHIANA DE";"004203201";"2021-04-09";"2021-07-08";"";600;"Vencido"
"FUNDACAO BAHIANA DE";"004203301";"2021-04-09";"2021-07-08";"";600;"Vencido"
"FUNDACAO BAHIANA DE";"004205401";"2021-04-14";"2021-07-13";"";600;"Vencido"
"FUNDACAO BAHIANA DE";"004209601";"2021-04-23";"2021-07-22";"";600;"Vencido"
"FUNDACAO BAHIANA DE";"004217701";"2021-05-06";"2021-08-04";"";2000;"Vencido"
"FUNDACAO BAHIANA DE";"004217801";"2021-05-06";"2021-08-04";"";2000;"Vencido"
"FUNDACAO BAHIANA DE";"004483701";"2022-10-28";"2023-01-26";"";6520;"Vencido"
"FUNDACAO BAHIANA DE";"004483801";"2022-10-28";"2023-01-26";"";6520;"Vencido"
"FUNDACAO BAHIANA DE";"004536201";"2023-01-04";"2023-04-04";"";4720;"Vencido"
"FUNDACAO BAHIANA DE";"004592601";"2023-03-10";"2023-06-08";"";3824,8;"Vencido"
"FUNDACAO BAHIANA DE";"004621901";"2023-04-06";"2023-07-05";"";7760;"Vencido"
"FUNDACAO FELÍCIO ROC";"000066006";"2025-10-08";"2026-01-06";"";172052;"A vencer"
"FUNDACAO FELÍCIO ROC";"000067550";"2025-11-26";"2026-02-24";"";22800;"A vencer"
"FUSVE";"000011505";"2025-08-20";"2025-10-04";"";32990;"Vencido"
"FUSVE";"000011506";"2025-08-20";"2025-10-04";"";3840;"Vencido"
"FUSVE";"000011507";"2025-08-20";"2025-10-04";"";3840;"Vencido"
"FUSVE";"000011508";"2025-08-20";"2025-10-04";"";3840;"Vencido"
"FUSVE";"000011509";"2025-08-20";"2025-10-04";"";32990;"Vencido"
"FUSVE";"000012034";"2025-10-03";"2025-11-17";"";5740;"Vencido"
"FUSVE";"000012035";"2025-10-03";"2025-11-17";"";5740;"Vencido"
"FUSVE";"000012036";"2025-10-03";"2025-11-17";"";30712,45;"Vencido"
"FUSVE";"000012037";"2025-10-03";"2025-11-17";"";5240;"Vencido"
"FUSVE";"000012038";"2025-10-03";"2025-11-17";"";3840;"Vencido"
"FUSVE";"000012043";"2025-10-03";"2025-11-17";"";6920;"Vencido"
"FUSVE";"000012044";"2025-10-03";"2025-11-17";"";7100;"Vencido"
"FUSVE";"000012327";"2025-10-30";"2025-12-14";"";3840;"Vencido"
"FUSVE";"000012328";"2025-10-30";"2025-12-14";"";3840;"Vencido"
"FUSVE";"000012329";"2025-10-30";"2025-12-14";"";32990;"Vencido"
"FUSVE";"000012330";"2025-10-30";"2025-12-14";"";3840;"Vencido"
"FUSVE";"000012331";"2025-10-30";"2025-12-14";"";6920;"Vencido"
"FUSVE";"000012332";"2025-10-30";"2025-12-14";"";16840;"Vencido"
"FUSVE";"000012333";"2025-10-30";"2025-12-14";"";12620;"Vencido"
"FUSVE";"000012334";"2025-10-30";"2025-12-14";"";5740;"Vencido"
"G E R";"000035001";"2014-09-19";"2014-10-19";"";5920;"Vencido"
"GERENCIA REGIONAL DO";"000006499";"2024-04-03";"2024-12-10";"";20861,66;"Vencido"
"GERENCIA REGIONAL DO";"000008143";"2024-10-10";"2024-12-09";"";8070;"Vencido"
"GERENCIA REGIONAL DO";"000008144";"2024-10-10";"2024-12-09";"";20150;"Vencido"
"GERENCIA REGIONAL DO";"000008146";"2024-10-10";"2024-12-09";"";10929;"Vencido"
"GERENCIA REGIONAL DO";"000008148";"2024-10-10";"2024-12-09";"";7450;"Vencido"
"GERENCIA REGIONAL DO";"000008149";"2024-10-10";"2024-12-09";"";6273,5;"Vencido"
"GERENCIA REGIONAL DO";"000008343";"2024-11-01";"2025-02-09";"";13295;"Vencido"
"GERENCIA REGIONAL DO";"000008409";"2024-11-05";"2025-01-04";"";20419,5;"Vencido"
"GERENCIA REGIONAL DO";"000008416";"2024-11-05";"2025-01-04";"";1966,5;"Vencido"
"GERENCIA REGIONAL DO";"000008422";"2024-11-05";"2025-01-04";"";71500;"Vencido"
"GERENCIA REGIONAL DO";"000008424";"2024-11-05";"2025-01-04";"";9723,5;"Vencido"
"GERENCIA REGIONAL DO";"000008426";"2024-11-05";"2025-01-04";"";20276,5;"Vencido"
"GERENCIA REGIONAL DO";"000008430";"2024-11-05";"2025-01-04";"";6273,5;"Vencido"
"GERENCIA REGIONAL DO";"000008434";"2024-11-06";"2025-01-05";"";8240;"Vencido"
"GERENCIA REGIONAL DO";"000008437";"2024-11-06";"2025-01-05";"";17440;"Vencido"
"GERENCIA REGIONAL DO";"000008439";"2024-11-06";"2025-01-05";"";110000;"Vencido"
"GERENCIA REGIONAL DO";"000008443";"2024-11-06";"2025-01-05";"";17310;"Vencido"
"GERENCIA REGIONAL DO";"000008444";"2024-11-06";"2025-01-05";"";132456;"Vencido"
"GERENCIA REGIONAL DO";"000008445";"2024-11-06";"2025-01-05";"";129700;"Vencido"
"GERENCIA REGIONAL DO";"000008447";"2024-11-06";"2025-01-05";"";20370;"Vencido"
"GERENCIA REGIONAL DO";"000008448";"2024-11-06";"2025-01-05";"";105610;"Vencido"
"GERENCIA REGIONAL DO";"000008449";"2024-11-06";"2025-01-05";"";11040;"Vencido"
"GERENCIA REGIONAL DO";"000008457";"2024-11-06";"2025-01-05";"";200;"Vencido"
"GERENCIA REGIONAL DO";"000008472";"2024-11-07";"2025-01-06";"";20073,5;"Vencido"
"GERENCIA REGIONAL DO";"000008474";"2024-11-07";"2025-01-06";"";63050;"Vencido"
"GERENCIA REGIONAL DO";"000008478";"2024-11-07";"2025-01-06";"";300;"Vencido"
"GERENCIA REGIONAL DO";"000008486";"2024-11-07";"2025-01-06";"";20380;"Vencido"
"GERENCIA REGIONAL DO";"000012061";"2025-10-06";"2025-12-05";"";16704,54;"Vencido"
"GERENCIA REGIONAL DO";"000012065";"2025-10-06";"2025-12-05";"";30078,91;"Vencido"
"GERENCIA REGIONAL DO";"000012067";"2025-10-06";"2025-12-05";"";32796,46;"Vencido"
"GERENCIA REGIONAL DO";"000012076";"2025-10-07";"2025-12-06";"";34142,54;"Vencido"
"GERENCIA REGIONAL DO";"000012702";"2025-12-10";"2026-02-08";"";7119,82;"A vencer"
"GERENCIA REGIONAL DO";"000068068";"2025-12-10";"2026-02-08";"";19067,6;"A vencer"
"GERENCIA REGIONAL DO";"004401302";"2022-06-30";"2025-01-10";"";36100;"Vencido"
"GERENCIA REGIONAL DO";"004460801";"2022-09-30";"2025-01-10";"";5780;"Vencido"
"GERENCIA REGIONAL DO";"004490701";"2022-11-08";"2025-01-10";"";80;"Vencido"
"GERENCIA REGIONAL DO";"004502901";"2022-11-25";"2025-01-10";"";156171,4;"Vencido"
"GRUPO CEMERU SAUDE";"000004543";"2023-07-24";"2023-09-22";"";9430;"Vencido"
"GS - PLANO GLOBAL DE";"000012158";"2025-10-14";"2026-01-12";"";10107,24;"A vencer"
"GS - PLANO GLOBAL DE";"000012158";"2025-10-14";"2026-02-11";"";10107,24;"A vencer"
"HCOR - HOSPITAL DO C";"000065170";"2025-09-11";"2025-12-10";"";118600;"Vencido"
"HELENA DE LIMA BRAGA";"000065237";"2025-09-15";"2025-11-14";"";189480;"Vencido"
"HEMOBAHIA";"002936104";"2018-01-30";"2018-06-30";"";675;"Vencido"
"HEMOBAHIA";"002960101";"2018-02-26";"2018-03-28";"";2700;"Vencido"
"HEMOBAHIA";"002960102";"2018-02-26";"2018-04-27";"";2700;"Vencido"
"HEMOBAHIA";"002960103";"2018-02-26";"2018-05-27";"";2700;"Vencido"
"HEMOBAHIA";"002960104";"2018-02-26";"2018-06-26";"";2700;"Vencido"
"HEMOBAHIA";"002997801";"2018-03-22";"2018-04-21";"";1350;"Vencido"
"HEMOBAHIA";"002997802";"2018-03-22";"2018-05-21";"";1350;"Vencido"
"HEMOBAHIA";"002997803";"2018-03-22";"2018-06-20";"";1350;"Vencido"
"HEMOBAHIA";"002997804";"2018-03-22";"2018-07-20";"";1350;"Vencido"
"HEMOBAHIA";"003006001";"2018-03-29";"2018-04-28";"";675;"Vencido"
"HEMOBAHIA";"003006002";"2018-03-29";"2018-05-28";"";675;"Vencido"
"HEMOBAHIA";"003006003";"2018-03-29";"2018-06-27";"";675;"Vencido"
"HEMOBAHIA";"003006004";"2018-03-29";"2018-07-27";"";675;"Vencido"
"HEMOBAHIA";"003114501";"2018-06-19";"2018-07-19";"";675;"Vencido"
"HEMOBAHIA";"003114502";"2018-06-19";"2018-08-18";"";675;"Vencido"
"HEMOBAHIA";"003114503";"2018-06-19";"2018-09-17";"";675;"Vencido"
"HEMOBAHIA";"003114504";"2018-06-19";"2018-10-17";"";675;"Vencido"
"HEMOBAHIA";"003242701";"2018-09-18";"2018-10-18";"";675;"Vencido"
"HEMOBAHIA";"003242702";"2018-09-18";"2018-11-17";"";675;"Vencido"
"HEMOBAHIA";"003242703";"2018-09-18";"2018-12-17";"";675;"Vencido"
"HEMOBAHIA";"003242704";"2018-09-18";"2019-01-16";"";675;"Vencido"
"HEMOCOR";"001992403";"2015-09-22";"2016-09-30";"";3800;"Vencido"
"HEMOCOR";"001992502";"2015-09-22";"2016-02-08";"";18900;"Vencido"
"HEMOCOR";"002048603";"2015-11-06";"2016-04-18";"";17850;"Vencido"
"HEMOCOR";"002048702";"2015-11-06";"2016-03-18";"";23800;"Vencido"
"HEMOCOR";"002052002";"2015-11-11";"2016-03-28";"";11900;"Vencido"
"HEMOCOR";"002058102";"2015-11-13";"2016-03-28";"";5950;"Vencido"
"HEMOCOR";"002060902";"2015-11-17";"2016-03-28";"";11900;"Vencido"
"HEMOCOR";"002123802";"2016-01-18";"2016-05-29";"";5950;"Vencido"
"HEMOCOR";"002131402";"2016-01-26";"2016-05-26";"";5950;"Vencido"
"HEMOCOR";"002170503";"2016-02-23";"2016-09-25";"";4892,5;"Vencido"
"HOSP CASA SAO BERNAR";"000005181";"2023-10-16";"2023-11-15";"";15531;"Vencido"
"HOSP REGIONAL DE SOR";"000067056";"2025-11-07";"2026-01-06";"";4180;"A vencer"
"HOSP REGIONAL DE SOR";"000067059";"2025-11-07";"2026-01-06";"";4180;"A vencer"
"HOSP REGIONAL DE SOR";"000067062";"2025-11-07";"2026-01-06";"";7260;"A vencer"
"HOSP REGIONAL DE SOR";"000067512";"2025-11-25";"2026-01-24";"";7799;"A vencer"
"HOSP REGIONAL DE SOR";"000067513";"2025-11-25";"2026-01-24";"";4334;"A vencer"
"HOSP REGIONAL DE SOR";"000067515";"2025-11-25";"2026-01-24";"";4334;"A vencer"
"HOSP. CASA EVANGELIC";"000298301";"2022-12-27";"2023-02-25";"";105756;"Vencido"
"HOSPITAL ANGELINA CA";"000065763";"2025-10-01";"2025-12-30";"";40749,1;"Vencido"
"HOSPITAL ANGELINA CA";"000065778";"2025-10-02";"2025-12-31";"";14467,86;"A vencer"
"HOSPITAL ANGELINA CA";"000066868";"2025-11-04";"2026-02-02";"";41147,09;"A vencer"
"HOSPITAL ANGELINA CA";"000067169";"2025-11-12";"2026-02-10";"";13883,19;"A vencer"
"HOSPITAL ANGELINA CA";"000067599";"2025-11-27";"2026-02-25";"";53064,82;"A vencer"
"HOSPITAL ANGELINA CA";"000067600";"2025-11-27";"2026-02-25";"";41332,76;"A vencer"
"HOSPITAL ANGELINA CA";"000067785";"2025-12-02";"2026-03-02";"";24206,8;"A vencer"
"HOSPITAL ASSUNCAO";"004415401";"2022-07-29";"2022-08-28";"";85930,5;"Vencido"
"HOSPITAL BARRA D'OR";"000011735";"2025-09-11";"2026-01-10";"";147853;"A vencer"
"HOSPITAL BENEFICENTE";"000067872";"2025-12-04";"2026-01-03";"";31382,5;"A vencer"
"HOSPITAL BENEFICENTE";"000067872";"2025-12-04";"2026-02-02";"";31382,5;"A vencer"
"HOSPITAL BENEFICIENC";"000067491";"2025-11-24";"2026-03-24";"";320000;"A vencer"
"HOSPITAL BENEFICIENC";"000067869";"2025-12-04";"2026-04-03";"";111840,73;"A vencer"
"HOSPITAL BENEFICIENC";"000068250";"2025-12-17";"2026-04-16";"";117036,53;"A vencer"
"HOSPITAL CEPOG LTDA";"000064220";"2025-08-20";"2026-01-20";"";6300;"A vencer"
"HOSPITAL CEPOG LTDA";"000068497";"2025-12-26";"2026-02-15";"";6133,33;"A vencer"
"HOSPITAL CEPOG LTDA";"000068497";"2025-12-26";"2026-03-15";"";6133,33;"A vencer"
"HOSPITAL CEPOG LTDA";"000068497";"2025-12-26";"2026-04-15";"";6133,34;"A vencer"
"HOSPITAL COPA DOR ST";"000006345";"2024-03-07";"2024-08-10";"";7371;"Vencido"
"HOSPITAL DA BAHIA";"000064491";"2025-08-27";"2025-09-25";"";73500;"Vencido"
"HOSPITAL DA FUNDACAO";"000067094";"2025-11-10";"2026-01-09";"";43899,21;"A vencer"
"HOSPITAL DA FUNDACAO";"000067803";"2025-12-02";"2026-01-31";"";50270,06;"A vencer"
"HOSPITAL DE BASE";"000064919";"2025-09-04";"2026-01-02";"";15750;"A vencer"
"HOSPITAL DE BASE";"000065793";"2025-10-02";"2026-01-30";"";34200;"A vencer"
"HOSPITAL DE BASE";"000065860";"2025-10-03";"2026-01-31";"";26600;"A vencer"
"HOSPITAL DE BASE";"000066240";"2025-10-16";"2026-02-13";"";38630,2;"A vencer"
"HOSPITAL DE BASE";"000066241";"2025-10-16";"2026-02-13";"";27339,72;"A vencer"
"HOSPITAL DE BASE";"000066424";"2025-10-22";"2026-02-19";"";5213;"A vencer"
"HOSPITAL DE BASE";"000066899";"2025-11-04";"2026-03-04";"";17500;"A vencer"
"HOSPITAL DE BASE";"000067551";"2025-11-26";"2026-03-26";"";38630,2;"A vencer"
"HOSPITAL DE BASE";"000067552";"2025-11-26";"2026-03-26";"";12600;"A vencer"
"HOSPITAL DE BASE";"000067555";"2025-11-26";"2026-03-26";"";38630,2;"A vencer"
"HOSPITAL DE BASE";"000067678";"2025-11-28";"2026-03-28";"";68850;"A vencer"
"HOSPITAL DE CLINICAS";"000066679";"2025-10-30";"2026-01-28";"";55467,43;"A vencer"
"HOSPITAL DE CLINICAS";"000066929";"2025-11-05";"2026-02-03";"";480,76;"A vencer"
"HOSPITAL DE CLINICAS";"000066930";"2025-11-05";"2026-02-03";"";42308,56;"A vencer"
"HOSPITAL DE CLINICAS";"000067602";"2025-11-27";"2026-02-25";"";30244,34;"A vencer"
"HOSPITAL DE CLINICAS";"000068557";"2025-12-30";"2026-03-30";"";42922,45;"A vencer"
"HOSPITAL DE CLINICAS";"000068558";"2025-12-30";"2026-03-30";"";42308,56;"A vencer"
"HOSPITAL DE CLINICAS";"000068559";"2025-12-30";"2026-03-30";"";42308,56;"A vencer"
"HOSPITAL DO SERVIDOR";"000067011";"2025-11-06";"2025-12-06";"";31613,34;"Vencido"
"HOSPITAL DOM JOAQUIM";"000066521";"2025-10-24";"2026-01-22";"";14240,38;"A vencer"
"HOSPITAL DOM JOAQUIM";"000066770";"2025-10-31";"2026-01-29";"";43403,21;"A vencer"
"HOSPITAL DOM JOAQUIM";"000066779";"2025-10-31";"2026-01-29";"";14435,83;"A vencer"
"HOSPITAL DOM JOAQUIM";"000067036";"2025-11-07";"2026-02-05";"";43508,8;"A vencer"
"HOSPITAL DOM JOAQUIM";"000067037";"2025-11-07";"2026-02-05";"";43508,8;"A vencer"
"HOSPITAL DOM JOAQUIM";"000067038";"2025-11-07";"2026-02-05";"";43508,8;"A vencer"
"HOSPITAL E CLINICA S";"000011823";"2025-09-17";"2026-01-15";"";128000;"A vencer"
"HOSPITAL E CLINICA S";"000012700";"2025-12-10";"2026-04-09";"";97403,7;"A vencer"
"HOSPITAL E MATERNIDA";"000052802";"2024-06-19";"2024-10-17";"";30724;"Vencido"
"HOSPITAL E MATERNIDA";"000064967";"2025-09-05";"2026-01-12";"";6820;"A vencer"
"HOSPITAL E MATERNIDA";"000065259";"2025-09-16";"2026-01-22";"";43945;"A vencer"
"HOSPITAL E MATERNIDA";"000068254";"2025-12-17";"2026-03-22";"";60018;"A vencer"
"HOSPITAL E MATERNIDA";"000068494";"2025-12-26";"2026-03-26";"";190200;"A vencer"
"HOSPITAL E MATERNIDA";"000179901";"2008-12-23";"2009-03-23";"";14600;"Vencido"
"HOSPITAL E MATERNIDA";"000180301";"2008-12-24";"2009-03-24";"";7300;"Vencido"
"HOSPITAL ESCOLA ALVA";"000012604";"2025-11-24";"2025-12-24";"";156100;"Vencido"
"HOSPITAL ESPERANCA O";"000065163";"2025-09-11";"2026-01-10";"";132200;"A vencer"
"HOSPITAL ESPERANCA S";"000066723";"2025-10-31";"2026-03-10";"";4600;"A vencer"
"HOSPITAL ICARAI";"000009790";"2025-03-26";"2025-07-24";"";3190;"Vencido"
"HOSPITAL ICARAI";"000010679";"2025-06-11";"2025-10-09";"";32815,2;"Vencido"
"HOSPITAL ICARAI";"000011923";"2025-09-25";"2026-01-23";"";31968,4;"A vencer"
"HOSPITAL ICARAI";"000012606";"2025-11-24";"2026-03-24";"";33433,02;"A vencer"
"HOSPITAL ILHA DO GOV";"000008567";"2024-11-22";"2025-02-20";"";17724;"Vencido"
"HOSPITAL ILHA DO GOV";"000009089";"2024-12-27";"2025-03-27";"";40936,55;"Vencido"
"HOSPITAL ILHA DO GOV";"000011228";"2025-07-30";"2025-10-28";"";31519,2;"Vencido"
"HOSPITAL ILHA DO GOV";"000011258";"2025-07-31";"2025-10-29";"";5668,7;"Vencido"
"HOSPITAL ILHA DO GOV";"000011266";"2025-08-01";"2025-10-30";"";22672,36;"Vencido"
"HOSPITAL ILHA DO GOV";"000011267";"2025-08-01";"2025-10-30";"";5668,7;"Vencido"
"HOSPITAL LEFORTE - L";"000063136";"2025-07-21";"2025-10-22";"";42845;"Vencido"
"HOSPITAL LUXEMBURGO";"000066900";"2025-11-04";"2026-02-02";"";14435,83;"A vencer"
"HOSPITAL LUXEMBURGO";"000067589";"2025-11-27";"2026-02-25";"";14854,27;"A vencer"
"HOSPITAL MATER DEI S";"000066598";"2025-10-28";"2026-02-01";"";9929,28;"A vencer"
"HOSPITAL MATERNIDADE";"000050536";"2024-02-02";"2024-04-02";"";8950;"Vencido"
"HOSPITAL MATERNIDADE";"000050536";"2024-02-02";"2024-05-02";"";8950;"Vencido"
"HOSPITAL MATERNIDADE";"000050539";"2024-02-02";"2024-05-02";"";9450;"Vencido"
"HOSPITAL MATERNIDADE";"000050540";"2024-02-02";"2024-04-02";"";9556,5;"Vencido"
"HOSPITAL MATERNIDADE";"000050540";"2024-02-02";"2024-05-02";"";9556,5;"Vencido"
"HOSPITAL MATERNIDADE";"000050895";"2024-02-26";"2024-03-27";"";6625;"Vencido"
"HOSPITAL MATERNIDADE";"000050895";"2024-02-26";"2024-04-26";"";6625;"Vencido"
"HOSPITAL MATERNIDADE";"000050895";"2024-02-26";"2024-05-26";"";6625;"Vencido"
"HOSPITAL MATERNIDADE";"000050895";"2024-02-26";"2024-06-25";"";6625;"Vencido"
"HOSPITAL MATERNIDADE";"000065153";"2025-09-11";"2026-01-10";"";158206;"A vencer"
"HOSPITAL MATERNIDADE";"000065162";"2025-09-11";"2026-01-10";"";115670;"A vencer"
"HOSPITAL MATERNIDADE";"000065856";"2025-10-03";"2026-01-31";"";6000;"A vencer"
"HOSPITAL MATERNIDADE";"000066420";"2025-10-22";"2026-02-20";"";182400;"A vencer"
"HOSPITAL MATERNIDADE";"004504501";"2022-11-25";"2024-08-05";"";68680;"Vencido"
"HOSPITAL POLICLIN";"000067492";"2025-11-24";"2026-01-23";"";50695,33;"A vencer"
"HOSPITAL POLICLIN";"000067492";"2025-11-24";"2026-02-22";"";50695,33;"A vencer"
"HOSPITAL POLICLIN";"000067492";"2025-11-24";"2026-03-24";"";50695,34;"A vencer"
"HOSPITAL POLICLIN";"000067845";"2025-12-04";"2026-02-02";"";57500;"A vencer"
"HOSPITAL POLICLIN";"000067845";"2025-12-04";"2026-03-04";"";57500;"A vencer"
"HOSPITAL PORTUGUES D";"000064792";"2025-09-02";"2025-12-01";"";15570;"Vencido"
"HOSPITAL PORTUGUES D";"000064793";"2025-09-02";"2025-12-01";"";69100;"Vencido"
"HOSPITAL PRO-CARDIAC";"000012349";"2025-10-31";"2026-02-08";"";13447,23;"A vencer"
"HOSPITAL REGIONAL DE";"000068135";"2025-12-15";"2026-01-14";"";22168,32;"A vencer"
"HOSPITAL REGIONAL DE";"000068137";"2025-12-15";"2026-01-14";"";29763,58;"A vencer"
"HOSPITAL REGIONAL DO";"000067605";"2025-11-27";"2026-01-26";"";43403,21;"A vencer"
"HOSPITAL REGIONAL DO";"000067608";"2025-11-27";"2026-01-26";"";43403,21;"A vencer"
"HOSPITAL REGIONAL DO";"000068024";"2025-12-09";"2026-01-08";"";9226;"A vencer"
"HOSPITAL REGIONAL DO";"000068482";"2025-12-26";"2026-02-23";"";43313,35;"A vencer"
"HOSPITAL REGIONAL DO";"000068484";"2025-12-26";"2026-02-23";"";14000;"A vencer"
"HOSPITAL REGIONAL DO";"000068486";"2025-12-26";"2026-02-23";"";43403,21;"A vencer"
"HOSPITAL REGIONAL DO";"000068522";"2025-12-29";"2026-01-28";"";11206;"A vencer"
"HOSPITAL SAMCORDIS";"00010595C";"2025-11-24";"2026-01-30";"";30758,17;"A vencer"
"HOSPITAL SANTA CECIL";"000012397";"2025-10-31";"2026-01-29";"";2356;"A vencer"
"HOSPITAL SANTA CRUZ";"048398";"2025-02-24";"2025-05-10";"";4057,02;"Vencido"
"HOSPITAL SANTA CRUZ";"048398";"2025-02-24";"2025-06-10";"";4057,02;"Vencido"
"HOSPITAL SANTA CRUZ";"048398";"2025-02-24";"2025-07-10";"";4057,02;"Vencido"
"HOSPITAL SANTA CRUZ";"048398";"2025-02-24";"2025-08-10";"";4057,02;"Vencido"
"HOSPITAL SANTA CRUZ";"048398";"2025-02-24";"2025-09-10";"";4057,02;"Vencido"
"HOSPITAL SANTA CRUZ";"048398";"2025-02-24";"2025-10-10";"";4057,02;"Vencido"
"HOSPITAL SANTA CRUZ";"048398";"2025-02-24";"2025-11-10";"";4057,02;"Vencido"
"HOSPITAL SANTA CRUZ";"048398";"2025-02-24";"2025-12-10";"";4057,02;"Vencido"
"HOSPITAL SANTA CRUZ";"048398";"2025-02-24";"2026-01-10";"";4057,02;"A vencer"
"HOSPITAL SANTA CRUZ";"048398";"2025-02-24";"2026-02-10";"";4057,02;"A vencer"
"HOSPITAL SANTA CRUZ";"048398";"2025-02-24";"2026-03-10";"";4057,02;"A vencer"
"HOSPITAL SANTA CRUZ";"048398";"2025-02-24";"2026-04-10";"";4057,02;"A vencer"
"HOSPITAL SANTA CRUZ";"048398";"2025-02-24";"2026-05-10";"";4057,02;"A vencer"
"HOSPITAL SANTA CRUZ";"048398";"2025-02-24";"2026-06-10";"";4057,02;"A vencer"
"HOSPITAL SANTA CRUZ";"048398";"2025-02-24";"2026-07-10";"";4057,02;"A vencer"
"HOSPITAL SANTA CRUZ";"048398";"2025-02-24";"2026-08-10";"";4057,02;"A vencer"
"HOSPITAL SANTA CRUZ";"048398";"2025-02-24";"2026-09-10";"";4057,02;"A vencer"
"HOSPITAL SANTA CRUZ";"048398";"2025-02-24";"2026-10-10";"";4057,02;"A vencer"
"HOSPITAL SANTA CRUZ";"048398";"2025-02-24";"2026-11-10";"";4057,02;"A vencer"
"HOSPITAL SANTA CRUZ";"048398";"2025-02-24";"2026-12-10";"";4057,02;"A vencer"
"HOSPITAL SANTA CRUZ";"048398";"2025-02-24";"2027-01-10";"";4057,02;"A vencer"
"HOSPITAL SANTA CRUZ";"048398";"2025-02-24";"2027-02-10";"";4057,02;"A vencer"
"HOSPITAL SANTA CRUZ";"048398";"2025-02-24";"2027-03-10";"";4057,02;"A vencer"
"HOSPITAL SANTA CRUZ";"048398";"2025-02-24";"2027-04-10";"";4057,02;"A vencer"
"HOSPITAL SANTA CRUZ";"048398";"2025-02-24";"2027-05-10";"";4057,02;"A vencer"
"HOSPITAL SANTA CRUZ";"048398";"2025-02-24";"2027-06-10";"";4057,1;"A vencer"
"HOSPITAL SANTA CRUZ";"054077";"2025-02-24";"2025-05-10";"";6824,09;"Vencido"
"HOSPITAL SANTA CRUZ";"054077";"2025-02-24";"2025-06-10";"";6824,09;"Vencido"
"HOSPITAL SANTA CRUZ";"054077";"2025-02-24";"2025-07-10";"";6824,09;"Vencido"
"HOSPITAL SANTA CRUZ";"054077";"2025-02-24";"2025-08-10";"";6824,09;"Vencido"
"HOSPITAL SANTA CRUZ";"054077";"2025-02-24";"2025-09-10";"";6824,09;"Vencido"
"HOSPITAL SANTA CRUZ";"054077";"2025-02-24";"2025-10-10";"";6824,09;"Vencido"
"HOSPITAL SANTA CRUZ";"054077";"2025-02-24";"2025-11-10";"";6824,09;"Vencido"
"HOSPITAL SANTA CRUZ";"054077";"2025-02-24";"2025-12-10";"";6824,09;"Vencido"
"HOSPITAL SANTA CRUZ";"054077";"2025-02-24";"2026-01-10";"";6824,09;"A vencer"
"HOSPITAL SANTA CRUZ";"054077";"2025-02-24";"2026-02-10";"";6824,09;"A vencer"
"HOSPITAL SANTA CRUZ";"054077";"2025-02-24";"2026-03-10";"";6824,09;"A vencer"
"HOSPITAL SANTA CRUZ";"054077";"2025-02-24";"2026-04-10";"";6824,09;"A vencer"
"HOSPITAL SANTA CRUZ";"054077";"2025-02-24";"2026-05-10";"";6824,09;"A vencer"
"HOSPITAL SANTA CRUZ";"054077";"2025-02-24";"2026-06-10";"";6824,09;"A vencer"
"HOSPITAL SANTA CRUZ";"054077";"2025-02-24";"2026-07-10";"";6824,09;"A vencer"
"HOSPITAL SANTA CRUZ";"054077";"2025-02-24";"2026-08-10";"";6824,09;"A vencer"
"HOSPITAL SANTA CRUZ";"054077";"2025-02-24";"2026-09-10";"";6824,09;"A vencer"
"HOSPITAL SANTA CRUZ";"054077";"2025-02-24";"2026-10-10";"";6824,09;"A vencer"
"HOSPITAL SANTA CRUZ";"054077";"2025-02-24";"2026-11-10";"";6824,09;"A vencer"
"HOSPITAL SANTA CRUZ";"054077";"2025-02-24";"2026-12-10";"";6824,09;"A vencer"
"HOSPITAL SANTA CRUZ";"054077";"2025-02-24";"2027-01-10";"";6824,09;"A vencer"
"HOSPITAL SANTA CRUZ";"054077";"2025-02-24";"2027-02-10";"";6824,09;"A vencer"
"HOSPITAL SANTA CRUZ";"054077";"2025-02-24";"2027-03-10";"";6824,09;"A vencer"
"HOSPITAL SANTA CRUZ";"054077";"2025-02-24";"2027-04-10";"";6824,09;"A vencer"
"HOSPITAL SANTA CRUZ";"054077";"2025-02-24";"2027-05-10";"";6824,09;"A vencer"
"HOSPITAL SANTA CRUZ";"054077";"2025-02-24";"2027-06-10";"";6824,17;"A vencer"
"HOSPITAL SANTA HELEN";"001932301";"2015-08-06";"2015-09-05";"";45650;"Vencido"
"HOSPITAL SANTA HELEN";"002053101";"2015-11-11";"2015-12-11";"";63250;"Vencido"
"HOSPITAL SANTA HELEN";"002053201";"2015-11-11";"2015-12-11";"";73850;"Vencido"
"HOSPITAL SANTA IZABE";"000065492";"2025-09-23";"2026-01-20";"";69600;"A vencer"
"HOSPITAL SANTA IZABE";"000066716";"2025-10-30";"2026-01-28";"";26097,12;"A vencer"
"HOSPITAL SANTA VIRGI";"000065550";"2025-09-25";"2026-01-23";"";1619,94;"A vencer"
"HOSPITAL SAO CAMILO";"000066784";"2025-10-31";"2026-01-29";"";17300;"A vencer"
"HOSPITAL SAO CAMILO";"000067511";"2025-11-25";"2026-02-23";"";6948,7;"A vencer"
"HOSPITAL SAO JOSE";"000012644";"2025-11-28";"2026-01-27";"";57500;"A vencer"
"HOSPITAL SAO LUCAS";"000012780";"2025-12-23";"2026-04-02";"";118100;"A vencer"
"HOSPITAL SAO LUCAS D";"000058965";"2025-07-07";"2025-12-29";"";9166,67;"Vencido"
"HOSPITAL SAO LUCAS D";"000058965";"2025-07-07";"2026-01-30";"";9166,67;"A vencer"
"HOSPITAL SAO LUCAS D";"000058965";"2025-07-07";"2026-02-27";"";9166,67;"A vencer"
"HOSPITAL SAO LUCAS D";"000058965";"2025-07-07";"2026-03-31";"";9166,67;"A vencer"
"HOSPITAL SAO LUCAS D";"000058965";"2025-07-07";"2026-04-30";"";9166,67;"A vencer"
"HOSPITAL SAO LUCAS D";"000058965";"2025-07-07";"2026-05-29";"";9166,63;"A vencer"
"HOSPITAL SAO PAULO";"000058860";"2025-03-07";"2025-04-21";"";43643,59;"Vencido"
"HOSPITAL SAO PAULO";"000060511";"2025-05-06";"2025-06-20";"";43508,8;"Vencido"
"HOSPITAL SAO PAULO";"000060639";"2025-05-12";"2025-06-26";"";49317,9;"Vencido"
"HOSPITAL SAO PAULO";"000061764";"2025-06-06";"2025-07-21";"";44799,47;"Vencido"
"HOSPITAL SAO PAULO";"000063003";"2025-07-16";"2025-08-30";"";44319,31;"Vencido"
"HOSPITAL SAO PAULO";"000063702";"2025-08-06";"2025-09-20";"";43598,66;"Vencido"
"HOSPITAL SAO PAULO";"000064726";"2025-09-01";"2025-10-16";"";43741,07;"Vencido"
"HOSPITAL SAO PAULO";"000065238";"2025-09-15";"2025-10-30";"";28240,38;"Vencido"
"HOSPITAL SAO PAULO";"000065750";"2025-10-01";"2025-11-15";"";43508,8;"Vencido"
"HOSPITAL SAO PAULO";"000065761";"2025-10-01";"2025-11-15";"";61625,11;"Vencido"
"HOSPITAL SAO PAULO";"000067757";"2025-12-01";"2026-01-15";"";43598,66;"A vencer"
"HOSPITAL SAO VICENTE";"000010401";"2025-05-29";"2025-07-28";"";80450;"Vencido"
"HOSPITAL SAO VICENTE";"000012326";"2025-10-30";"2025-12-29";"";154556;"Vencido"
"HOSPITAL SAO VICENTE";"000059357";"2025-03-27";"2025-07-25";"";172560;"Vencido"
"HOSPITAL SAO VICENTE";"000059621";"2025-04-04";"2025-08-02";"";42308,56;"Vencido"
"HOSPITAL SAO VICENTE";"000063306";"2025-07-24";"2025-11-21";"";42922,45;"Vencido"
"HOSPITAL SAO VICENTE";"000063491";"2025-07-31";"2025-11-28";"";42308,56;"Vencido"
"HOSPITAL SAO VICENTE";"000065266";"2025-09-16";"2026-01-14";"";42922,45;"A vencer"
"HOSPITAL SAO VICENTE";"000065443";"2025-09-22";"2025-12-21";"";32050;"Vencido"
"HOSPITAL UNIMED";"000066317";"2025-10-20";"2026-04-18";"";138500;"A vencer"
"HOSPITAL UNIMED";"000067166";"2025-11-12";"2026-05-11";"";95500;"A vencer"
"HOSPITAL UNIMED";"000067168";"2025-11-12";"2026-05-11";"";138500;"A vencer"
"HOSPITAL UNIMED";"000067887";"2025-12-05";"2026-01-04";"";30533,33;"A vencer"
"HOSPITAL UNIMED";"000067887";"2025-12-05";"2026-02-03";"";30533,33;"A vencer"
"HOSPITAL UNIMED";"000067887";"2025-12-05";"2026-03-05";"";30533,34;"A vencer"
"HOSPITAL UNIMED";"000068101";"2025-12-11";"2026-01-10";"";90500;"A vencer"
"HOSPITAL UNIMED";"000068101";"2025-12-11";"2026-02-09";"";90500;"A vencer"
"HOSPITAL UNIMED";"000068101";"2025-12-11";"2026-03-11";"";90500;"A vencer"
"HOSPITAL UNIMED";"000068251";"2025-12-17";"2026-01-15";"";28016,67;"A vencer"
"HOSPITAL UNIMED";"000068251";"2025-12-17";"2026-02-14";"";28016,67;"A vencer"
"HOSPITAL UNIMED";"000068251";"2025-12-17";"2026-03-16";"";28016,67;"A vencer"
"HOSPITAL UNIMED";"000068251";"2025-12-17";"2026-04-15";"";28016,67;"A vencer"
"HOSPITAL UNIMED";"000068251";"2025-12-17";"2026-05-15";"";28016,67;"A vencer"
"HOSPITAL UNIMED";"000068251";"2025-12-17";"2026-06-14";"";28016,65;"A vencer"
"HOSPITAL UNIMED AMER";"000066105";"2025-10-13";"2026-01-11";"";5333,34;"A vencer"
"HOSPITAL UNIMED AMER";"000066422";"2025-10-22";"2026-01-20";"";23333,34;"A vencer"
"HOSPITAL UNIVERSITAR";"000065691";"2025-09-30";"2025-11-29";"";55467,43;"Vencido"
"HOSPITAL UNIVERSITAR";"000065805";"2025-10-02";"2025-12-01";"";42922,54;"Vencido"
"HOSPITAL UNIVERSITAR";"000068054";"2025-12-10";"2026-01-09";"";24184,67;"A vencer"
"HOSPITAL UNIVERSITAR";"000068054";"2025-12-10";"2026-02-08";"";24184,67;"A vencer"
"HOSPITAL UNIVERSITAR";"000068054";"2025-12-10";"2026-03-10";"";24184,68;"A vencer"
"HOSPITAL UNIVERSITAR";"000068057";"2025-12-10";"2026-01-09";"";15915,55;"A vencer"
"HOSPITAL UNIVERSITAR";"000068057";"2025-12-10";"2026-02-08";"";15915,55;"A vencer"
"HOSPITAL UNIVERSITAR";"000068057";"2025-12-10";"2026-03-10";"";15915,56;"A vencer"
"HOSPITAL UNIVERSITAR";"000068095";"2025-12-11";"2026-02-09";"";42922,45;"A vencer"
"HOSPITAL UNIVERSITAR";"000068100";"2025-12-11";"2026-02-09";"";14000;"A vencer"
"HOSPITAL VIDA";"000050769";"2024-02-19";"2024-05-19";"";21214,32;"Vencido"
"HOSPITAL VITA CURITI";"000055482";"2024-10-25";"2025-02-24";"";32455,13;"Vencido"
"HOSPITAL VITORIA";"000012469";"2025-11-10";"2026-02-18";"";14405;"A vencer"
"HOSPITAL VIVALLE";"000064964";"2025-09-05";"2026-01-10";"";10302;"A vencer"
"HOSPITAL VIVALLE";"000065241";"2025-09-15";"2026-01-20";"";40726,33;"A vencer"
"HOSPITAL VIVALLE";"000065764";"2025-10-01";"2026-01-30";"";25365,83;"A vencer"
"HOSPITAL VIVALLE";"000066702";"2025-10-30";"2026-03-10";"";33705;"A vencer"
"HOSPITAL VIVALLE";"000066703";"2025-10-30";"2026-03-10";"";24540,5;"A vencer"
"HS COR SERVICOS DE H";"000011357";"2025-08-08";"2025-10-07";"";5120;"Vencido"
"HUGOL";"000067895";"2025-12-05";"2026-02-03";"";35000;"A vencer"
"IBG SAUDE";"000067080";"2025-11-10";"2026-02-11";"";39238,34;"A vencer"
"IBG SAUDE";"000068549";"2025-12-30";"2026-04-01";"";39238,34;"A vencer"
"INSTITUTO DE NEUROLO";"000060314";"2025-04-30";"2025-07-29";"";141827;"Vencido"
"INTENSIVA DAY HOSPIT";"000060741";"2025-10-15";"2025-11-30";"";14976,58;"Vencido"
"INTRAMEDICAL COMERCI";"001659701";"2014-12-16";"2015-02-14";"";7000;"Vencido"
"INTRAMEDICAL COMERCI";"001659703";"2014-12-16";"2015-09-17";"";4000;"Vencido"
"INTRAMEDICAL COMERCI";"001710901";"2015-02-10";"2015-07-31";"";700;"Vencido"
"INTRAMEDICAL COMERCI";"001710902";"2015-02-10";"2015-07-31";"";700;"Vencido"
"INTRAMEDICAL COMERCI";"001730201";"2015-03-04";"2015-07-31";"";1400;"Vencido"
"INTRAMEDICAL COMERCI";"001748301";"2015-03-20";"2015-07-31";"";3200;"Vencido"
"INTRAMEDICAL COMERCI";"001748302";"2015-03-20";"2015-07-31";"";3200;"Vencido"
"INTRAMEDICAL COMERCI";"001873401";"2015-06-24";"2015-08-23";"";1600;"Vencido"
"INTRAMEDICAL COMERCI";"001873402";"2015-06-24";"2015-09-22";"";1600;"Vencido"
"IRMANDADE DA SANTA C";"000005208";"2025-02-24";"2025-04-10";"";19200,26;"Vencido"
"IRMANDADE DA SANTA C";"000005208";"2025-02-24";"2025-05-10";"";24816,83;"Vencido"
"IRMANDADE DA SANTA C";"000047198";"2025-02-24";"2025-05-10";"";17069,54;"Vencido"
"IRMANDADE DA SANTA C";"000053815";"2025-08-21";"2026-03-29";"";8760,35;"A vencer"
"IRMANDADE DA SANTA C";"000053815";"2025-08-21";"2026-04-29";"";8760,35;"A vencer"
"IRMANDADE DA SANTA C";"000053815";"2025-08-21";"2026-04-29";"";8760,35;"A vencer"
"IRMANDADE DA SANTA C";"000053815";"2025-08-21";"2026-05-29";"";8760,31;"A vencer"
"IRMANDADE DA SANTA C";"000053827";"2024-08-13";"2024-09-06";"";21945;"Vencido"
"IRMANDADE DA SANTA C";"000053827";"2024-08-13";"2024-10-08";"";21945;"Vencido"
"IRMANDADE DA SANTA C";"000063937";"2025-08-13";"2025-11-20";"";27483;"Vencido"
"IRMANDADE DA SANTA C";"000066975";"2025-11-05";"2026-01-04";"";16878,5;"A vencer"
"IRMANDADE DA SANTA C";"000067019";"2025-11-06";"2026-01-05";"";840;"A vencer"
"IRMANDADE DA SANTA C";"000067570";"2025-11-26";"2026-01-25";"";11987,5;"A vencer"
"IRMANDADE DA SANTA C";"000067571";"2025-11-26";"2026-01-25";"";15662,75;"A vencer"
"IRMANDADE DA SANTA C";"000067808";"2025-12-03";"2026-01-02";"";805;"A vencer"
"IRMANDADE DA SANTA C";"000067808";"2025-12-03";"2026-02-01";"";805;"A vencer"
"IRMANDADE DA SANTA C";"12082027";"2025-12-03";"2026-01-29";"";20348,08;"A vencer"
"IRMANDADE DA SANTA C";"12082027";"2025-12-03";"2026-02-28";"";20348,08;"A vencer"
"IRMANDADE DA SANTA C";"12082027";"2025-12-03";"2026-03-29";"";20348,07;"A vencer"
"IRMANDADE DA SANTA C";"12082027";"2025-12-03";"2026-04-29";"";20348,07;"A vencer"
"KLINI PLANOS DE SAUD";"000000001";"2024-12-27";"2026-02-10";"";4204,8;"A vencer"
"KLINI PLANOS DE SAUD";"000011772";"2025-09-15";"2025-11-14";"";39364;"Vencido"
"KLINI PLANOS DE SAUD";"000011773";"2025-09-15";"2025-11-14";"";39364;"Vencido"
"KLINI PLANOS DE SAUD";"000011822";"2025-09-17";"2025-11-16";"";40233;"Vencido"
"KLINI PLANOS DE SAUD";"000012028";"2025-10-03";"2025-12-02";"";23154;"Vencido"
"KLINI PLANOS DE SAUD";"000012029";"2025-10-03";"2025-12-02";"";24104;"Vencido"
"KLINI PLANOS DE SAUD";"000012030";"2025-10-03";"2025-12-02";"";5968;"Vencido"
"KLINI PLANOS DE SAUD";"000012031";"2025-10-03";"2025-12-02";"";37399;"Vencido"
"KLINI PLANOS DE SAUD";"000012032";"2025-10-03";"2025-12-02";"";40033;"Vencido"
"KLINI PLANOS DE SAUD";"000012033";"2025-10-03";"2025-12-02";"";22818;"Vencido"
"KLINI PLANOS DE SAUD";"000012045";"2025-10-03";"2025-12-02";"";25458;"Vencido"
"KLINI PLANOS DE SAUD";"000012046";"2025-10-03";"2025-12-02";"";35783;"Vencido"
"KLINI PLANOS DE SAUD";"000012047";"2025-10-03";"2025-12-02";"";39364;"Vencido"
"KLINI PLANOS DE SAUD";"000012049";"2025-10-03";"2025-12-02";"";31539;"Vencido"
"KLINI PLANOS DE SAUD";"000012051";"2025-10-03";"2025-12-02";"";32208;"Vencido"
"KLINI PLANOS DE SAUD";"000012052";"2025-10-03";"2025-12-02";"";35783;"Vencido"
"KLINI PLANOS DE SAUD";"000012109";"2025-10-08";"2025-12-07";"";6637;"Vencido"
"LACIC - RONDONOPOLIS";"000067670";"2025-11-28";"2026-02-26";"";161000;"A vencer"
"LIV SAUDE";"000012709";"2025-12-11";"2026-02-09";"";90930;"A vencer"
"LIV SAUDE";"000012709";"2025-12-11";"2026-03-11";"";90930;"A vencer"
"LIV SAUDE";"000012710";"2025-12-11";"2026-02-09";"";16576,35;"A vencer"
"LIV SAUDE";"000012710";"2025-12-11";"2026-03-11";"";16576,35;"A vencer"
"LIV SAUDE";"000012711";"2025-12-11";"2026-02-09";"";16626,35;"A vencer"
"LIV SAUDE";"000012711";"2025-12-11";"2026-03-11";"";16626,35;"A vencer"
"LIV SAUDE";"000012712";"2025-12-11";"2026-01-10";"";5437,95;"A vencer"
"MED INOVACAO";"000010750";"2025-06-18";"2025-09-16";"";6000;"Vencido"
"MED INOVACAO";"000010751";"2025-06-18";"2025-09-16";"";5910;"Vencido"
"MED INOVACAO";"000010752";"2025-06-18";"2025-09-16";"";300;"Vencido"
"MED INOVACAO";"000010753";"2025-06-18";"2025-09-16";"";4100;"Vencido"
"MED INOVACAO";"000010755";"2025-06-18";"2025-09-16";"";4100;"Vencido"
"MED INOVACAO";"000010757";"2025-06-18";"2025-09-16";"";300;"Vencido"
"MED INOVACAO";"000010758";"2025-06-18";"2025-09-16";"";4100;"Vencido"
"MED INOVACAO";"000010761";"2025-06-18";"2025-09-16";"";4100;"Vencido"
"MED INOVACAO";"000010762";"2025-06-18";"2025-09-16";"";300;"Vencido"
"MED INOVACAO";"000010841";"2025-06-25";"2025-09-23";"";4100;"Vencido"
"MED INOVACAO";"000010842";"2025-06-25";"2025-09-23";"";4100;"Vencido"
"MED INOVACAO";"000010843";"2025-06-25";"2025-09-23";"";4100;"Vencido"
"MED INOVACAO";"000010844";"2025-06-25";"2025-09-23";"";4100;"Vencido"
"MED INOVACAO";"000010845";"2025-06-25";"2025-09-23";"";4100;"Vencido"
"MED INOVACAO";"000010922";"2025-07-03";"2025-10-01";"";10380;"Vencido"
"MED INOVACAO";"000010927";"2025-07-04";"2025-10-02";"";5800;"Vencido"
"MED INOVACAO";"000010928";"2025-07-04";"2025-10-02";"";8880;"Vencido"
"MED INOVACAO";"000010929";"2025-07-04";"2025-10-02";"";5800;"Vencido"
"MED INOVACAO";"000010930";"2025-07-04";"2025-10-02";"";5800;"Vencido"
"MED INOVACAO";"000010931";"2025-07-04";"2025-10-02";"";6000;"Vencido"
"MED INOVACAO";"000011115";"2025-07-18";"2025-10-16";"";5910;"Vencido"
"MED INOVACAO";"000011116";"2025-07-18";"2025-10-16";"";5910;"Vencido"
"MED INOVACAO";"000011117";"2025-07-18";"2025-10-16";"";4100;"Vencido"
"MED INOVACAO";"000011118";"2025-07-18";"2025-10-16";"";10380;"Vencido"
"MED INOVACAO";"000011119";"2025-07-18";"2025-10-16";"";7000;"Vencido"
"MED INOVACAO";"000011120";"2025-07-18";"2025-10-16";"";9700;"Vencido"
"MED INOVACAO";"000011121";"2025-07-18";"2025-10-16";"";4100;"Vencido"
"MED INOVACAO";"000011122";"2025-07-18";"2025-10-16";"";5910;"Vencido"
"MED INOVACAO";"000011123";"2025-07-18";"2025-10-16";"";4100;"Vencido"
"MED INOVACAO";"000011144";"2025-07-22";"2025-10-20";"";8700;"Vencido"
"MED INOVACAO";"000011145";"2025-07-22";"2025-10-20";"";9080;"Vencido"
"MED INOVACAO";"000011146";"2025-07-22";"2025-10-20";"";7000;"Vencido"
"MED INOVACAO";"000011185";"2025-07-28";"2025-10-26";"";5990;"Vencido"
"MED INOVACAO";"000011186";"2025-07-28";"2025-10-26";"";7150;"Vencido"
"MED INOVACAO";"000011187";"2025-07-28";"2025-10-26";"";5910;"Vencido"
"MED INOVACAO";"000011188";"2025-07-28";"2025-10-26";"";5910;"Vencido"
"MED INOVACAO";"000011189";"2025-07-28";"2025-10-26";"";4100;"Vencido"
"MED INOVACAO";"000011223";"2025-07-30";"2025-10-28";"";30;"Vencido"
"MED INOVACAO";"000011225";"2025-07-30";"2025-10-28";"";4100;"Vencido"
"MED INOVACAO";"000011226";"2025-07-30";"2025-10-28";"";6000;"Vencido"
"MED INOVACAO";"000011227";"2025-07-30";"2025-10-28";"";300;"Vencido"
"MED INOVACAO";"000011253";"2025-07-31";"2025-10-29";"";5910;"Vencido"
"MED INOVACAO";"000011481";"2025-08-20";"2025-11-18";"";180;"Vencido"
"MED INOVACAO";"000011482";"2025-08-20";"2025-11-18";"";5800;"Vencido"
"MED INOVACAO";"000011483";"2025-08-20";"2025-11-18";"";25290;"Vencido"
"MED INOVACAO";"000011484";"2025-08-20";"2025-11-18";"";22380;"Vencido"
"MED INOVACAO";"000011486";"2025-08-20";"2025-11-18";"";22280;"Vencido"
"MED INOVACAO";"000011488";"2025-08-20";"2025-11-18";"";22690;"Vencido"
"MED INOVACAO";"000011595";"2025-08-28";"2025-11-26";"";6990;"Vencido"
"MED INOVACAO";"000011597";"2025-08-28";"2025-11-26";"";5910;"Vencido"
"MED INOVACAO";"000011598";"2025-08-28";"2025-11-26";"";5190;"Vencido"
"MED INOVACAO";"000011599";"2025-08-28";"2025-11-26";"";4100;"Vencido"
"MED INOVACAO";"000011600";"2025-08-28";"2025-11-26";"";300;"Vencido"
"MED INOVACAO";"000011601";"2025-08-28";"2025-11-26";"";5910;"Vencido"
"MED INOVACAO";"000011602";"2025-08-28";"2025-11-26";"";6000;"Vencido"
"MED INOVACAO";"000011603";"2025-08-28";"2025-11-26";"";4100;"Vencido"
"MED INOVACAO";"000011604";"2025-08-28";"2025-11-26";"";4100;"Vencido"
"MED INOVACAO";"000011672";"2025-09-05";"2025-12-04";"";8680;"Vencido"
"MED INOVACAO";"000011673";"2025-09-05";"2025-12-04";"";4100;"Vencido"
"MED INOVACAO";"000011674";"2025-09-05";"2025-12-04";"";4100;"Vencido"
"MED INOVACAO";"000011676";"2025-09-05";"2025-12-04";"";5910;"Vencido"
"MED INOVACAO";"000011677";"2025-09-05";"2025-12-04";"";4100;"Vencido"
"MED INOVACAO";"000011811";"2025-09-17";"2025-12-16";"";4100;"Vencido"
"MED INOVACAO";"000011813";"2025-09-17";"2025-12-16";"";4100;"Vencido"
"MED INOVACAO";"000011814";"2025-09-17";"2025-12-16";"";4100;"Vencido"
"MED INOVACAO";"000011815";"2025-09-17";"2025-12-16";"";300;"Vencido"
"MED INOVACAO";"000011816";"2025-09-17";"2025-12-16";"";4100;"Vencido"
"MED INOVACAO";"000011817";"2025-09-17";"2025-12-16";"";4100;"Vencido"
"MED INOVACAO";"000011818";"2025-09-17";"2025-12-16";"";4100;"Vencido"
"MED INOVACAO";"000011819";"2025-09-17";"2025-12-16";"";300;"Vencido"
"MED INOVACAO";"000011820";"2025-09-17";"2025-12-16";"";4100;"Vencido"
"MED INOVACAO";"000011821";"2025-09-17";"2025-12-16";"";300;"Vencido"
"MED INOVACAO";"000011938";"2025-09-25";"2025-12-24";"";6000;"Vencido"
"MED INOVACAO";"000011940";"2025-09-25";"2025-12-24";"";6540;"Vencido"
"MED INOVACAO";"000011941";"2025-09-25";"2025-12-24";"";5100;"Vencido"
"MED INOVACAO";"000011942";"2025-09-25";"2025-12-24";"";7180;"Vencido"
"MED INOVACAO";"000012015";"2025-10-02";"2025-12-31";"";180;"A vencer"
"MED INOVACAO";"000012016";"2025-10-02";"2025-12-31";"";4100;"A vencer"
"MED INOVACAO";"000012017";"2025-10-02";"2025-12-31";"";7180;"A vencer"
"MED INOVACAO";"000012018";"2025-10-02";"2025-12-31";"";8700;"A vencer"
"MED INOVACAO";"000012368";"2025-10-31";"2026-01-29";"";6000;"A vencer"
"MED INOVACAO";"000012370";"2025-10-31";"2026-01-29";"";6000;"A vencer"
"MED INOVACAO";"000012373";"2025-10-31";"2026-01-29";"";7180;"A vencer"
"MED INOVACAO";"000012376";"2025-10-31";"2026-01-29";"";7180;"A vencer"
"MED-TOUR SAUDE";"000061804";"2025-06-06";"2025-07-06";"";10542,88;"Vencido"
"MED-TOUR SAUDE";"000061804";"2025-06-06";"2025-08-05";"";10542,88;"Vencido"
"MED-TOUR SAUDE";"000061804";"2025-06-06";"2025-09-04";"";10542,88;"Vencido"
"MED-TOUR SAUDE";"000061804";"2025-06-06";"2025-10-04";"";10542,86;"Vencido"
"MED-WAY";"000470903";"2011-08-31";"2013-09-04";"";4136;"Vencido"
"MED-WAY";"000470904";"2011-08-31";"2013-09-04";"";4136;"Vencido"
"MED-WAY";"000470905";"2011-08-31";"2013-09-04";"";4136;"Vencido"
"MED-WAY";"000471203";"2011-09-01";"2013-09-04";"";1344;"Vencido"
"MED-WAY";"000471204";"2011-09-01";"2013-09-04";"";1344;"Vencido"
"MED-WAY";"000471205";"2011-09-01";"2013-09-04";"";1344;"Vencido"
"MED-WAY";"000507602";"2011-10-05";"2013-09-04";"";2162,5;"Vencido"
"MED-WAY";"000507603";"2011-10-05";"2013-09-04";"";2162,5;"Vencido"
"MED-WAY";"000507604";"2011-10-05";"2013-09-04";"";2162,5;"Vencido"
"MED-WAY";"000532401";"2011-10-27";"2013-09-04";"";5383,34;"Vencido"
"MED-WAY";"000532402";"2011-10-27";"2013-09-04";"";5383,33;"Vencido"
"MED-WAY";"000532403";"2011-10-27";"2013-09-04";"";5383,33;"Vencido"
"MED-WAY";"000547001";"2011-11-08";"2013-09-04";"";290;"Vencido"
"MED-WAY";"000547002";"2011-11-08";"2013-09-04";"";290;"Vencido"
"MED-WAY";"000547003";"2011-11-08";"2013-09-04";"";290;"Vencido"
"MED-WAY";"000568701";"2011-11-28";"2013-09-04";"";1280;"Vencido"
"MED-WAY";"000568702";"2011-11-28";"2013-09-04";"";1280;"Vencido"
"MED-WAY";"000568703";"2011-11-28";"2013-09-04";"";1280;"Vencido"
"MED-WAY";"000568704";"2011-11-28";"2013-09-04";"";1280;"Vencido"
"MED-WAY";"000585901";"2011-12-12";"2013-09-04";"";193,34;"Vencido"
"MED-WAY";"000585902";"2011-12-12";"2013-09-04";"";193,33;"Vencido"
"MED-WAY";"000585903";"2011-12-12";"2013-09-04";"";193,33;"Vencido"
"MED-WAY";"000586401";"2011-12-13";"2013-09-04";"";362,5;"Vencido"
"MED-WAY";"000586402";"2011-12-13";"2013-09-04";"";362,5;"Vencido"
"MED-WAY";"000586403";"2011-12-13";"2013-09-04";"";362,5;"Vencido"
"MED-WAY";"000586404";"2011-12-13";"2013-09-04";"";362,5;"Vencido"
"MEDICAL SUPPORT MATE";"000067367";"2025-11-19";"2026-01-18";"";23489;"A vencer"
"MEDSENIOR";"000009489";"2025-02-13";"2025-04-14";"";34444,6;"Vencido"
"NEUROCOR - MS DIAGNO";"000055588";"2024-10-30";"2025-05-25";"";88600;"Vencido"
"NEUROCOR - MS DIAGNO";"000065603";"2025-09-26";"2026-01-24";"";70500;"A vencer"
"NEUROCOR - MS DIAGNO";"260620241";"2024-07-23";"2025-09-10";"";58705,33;"Vencido"
"NOSSA SAUDE";"000068022";"2025-12-09";"2025-12-30";"";12685;"Vencido"
"NOSSA SAUDE";"000068022";"2025-12-09";"2026-01-30";"";12685;"A vencer"
"NOTRE DAME INTERMEDI";"000008484";"2024-11-07";"2025-02-05";"";23947;"Vencido"
"NOTRE DAME INTERMEDI";"000054731";"2024-09-23";"2024-12-22";"";2383;"Vencido"
"NOTRE DAME INTERMEDI";"000055286";"2024-10-18";"2025-01-16";"";44135,25;"Vencido"
"NOTRE DAME INTERMEDI";"000055727";"2024-11-04";"2025-02-02";"";55000;"Vencido"
"OBRA DE AÇÃO SOCIAL";"000068333";"2025-12-18";"2026-01-17";"";252;"A vencer"
"OPLAN SAUDE";"000012256";"2025-10-22";"2025-12-21";"";5244;"Vencido"
"OPLAN SAUDE";"000012621";"2025-11-26";"2026-01-25";"";10967,55;"A vencer"
"PLANO SANTA SAUDE";"000066117";"2025-10-13";"2025-11-15";"";10800;"Vencido"
"PLANO SANTA SAUDE";"000066117";"2025-10-13";"2025-11-30";"";10800;"Vencido"
"PLANO SANTA SAUDE";"000066117";"2025-10-13";"2025-12-15";"";10800;"Vencido"
"PLANO SANTA SAUDE";"000066117";"2025-10-13";"2025-12-30";"";10800;"Vencido"
"PLANO SANTA SAUDE";"000066117";"2025-10-13";"2026-01-15";"";10800;"A vencer"
"PLENA COMÉRCIO E REP";"000727901";"2012-05-10";"2012-09-01";"";6240;"Vencido"
"PLENA COMÉRCIO E REP";"000855601";"2012-09-06";"2012-10-06";"";1120;"Vencido"
"PLENA COMÉRCIO E REP";"000855602";"2012-09-06";"2012-11-05";"";1120;"Vencido"
"PLENA COMÉRCIO E REP";"000855603";"2012-09-06";"2012-12-05";"";1120;"Vencido"
"POLICLIN SAUDE S A";"000067809";"2025-12-03";"2026-02-01";"";14159,8;"A vencer"
"POSTAL SAUDE";"000007408";"2024-07-18";"2024-10-16";"";22509;"Vencido"
"POSTAL SAUDE";"000007443";"2024-07-23";"2024-10-21";"";20650;"Vencido"
"POSTAL SAUDE";"000060000";"2025-04-17";"2025-07-16";"";12000;"Vencido"
"PROCORDIS S/A";"000068501";"2009-07-20";"2009-10-19";"";39000;"Vencido"
"PROGRAMA DE ASSISTEN";"000063638";"2025-08-04";"2025-10-03";"";41033,33;"Vencido"
"PROGRAMA DE ASSISTEN";"000063638";"2025-08-04";"2025-11-02";"";41033,34;"Vencido"
"PROMEDICA PATRIMONIA";"000055380";"2025-04-01";"2025-06-01";"";5340;"Vencido"
"PROMEDICA PATRIMONIA";"000055380";"2025-04-01";"2025-07-01";"";5340;"Vencido"
"PROMEDICA PATRIMONIA";"000055380";"2025-04-01";"2025-08-01";"";5340;"Vencido"
"PROMEDICA PATRIMONIA";"000062766";"2025-07-07";"2025-09-05";"";2866;"Vencido"
"PROMEDICA PATRIMONIA";"000067075";"2025-11-10";"2025-12-09";"";11450;"Vencido"
"PROMEDICA PATRIMONIA";"000067075";"2025-11-10";"2025-12-24";"";11450;"Vencido"
"PROMEDICA PATRIMONIA";"000067075";"2025-11-10";"2026-01-08";"";11450;"A vencer"
"PROMEDICA PATRIMONIA";"000067075";"2025-11-10";"2026-01-23";"";11450;"A vencer"
"PRONTO S.CARDIOLOGIC";"002096001";"2015-12-14";"2016-06-17";"";1885;"Vencido"
"PRONTO S.CARDIOLOGIC";"002124601";"2016-01-19";"2016-04-28";"";560;"Vencido"
"PRONTO S.CARDIOLOGIC";"002957201";"2018-02-23";"2018-03-25";"";1540,99;"Vencido"
"PRONTO S.CARDIOLOGIC";"003283401";"2018-10-15";"2018-12-07";"";5580;"Vencido"
"PRONTOCARDIO PRONTO";"004675402";"2024-01-15";"2026-01-15";"";1390,65;"A vencer"
"PRONTOCARDIO PRONTO";"004675402";"2024-01-15";"2026-02-15";"";1390,65;"A vencer"
"PRONTOCARDIO PRONTO";"004675402";"2024-01-15";"2026-03-15";"";1390,65;"A vencer"
"PRONTOCARDIO PRONTO";"004675402";"2024-01-15";"2026-04-15";"";1390,65;"A vencer"
"PRONTOCARDIO PRONTO";"004675402";"2024-01-15";"2026-05-15";"";1390,65;"A vencer"
"PRONTOCARDIO PRONTO";"004675402";"2024-01-15";"2026-06-15";"";1390,65;"A vencer"
"PRONTOCARDIO PRONTO";"004675402";"2024-01-15";"2026-07-15";"";1390,65;"A vencer"
"PRONTOCARDIO PRONTO";"004675402";"2024-01-15";"2026-08-15";"";1390,65;"A vencer"
"PRONTOCARDIO PRONTO";"004675402";"2024-01-15";"2026-09-15";"";1390,65;"A vencer"
"PRONTOCARDIO PRONTO";"004675402";"2024-01-15";"2026-10-15";"";1390,65;"A vencer"
"PRONTOCARDIO PRONTO";"004675402";"2024-01-15";"2026-11-15";"";1390,65;"A vencer"
"PRONTOCARDIO PRONTO";"004675402";"2024-01-15";"2026-12-15";"";1390,65;"A vencer"
"PRONTOCARDIO PRONTO";"004675402";"2024-01-15";"2027-01-15";"";1390,65;"A vencer"
"PRONTOCARDIO PRONTO";"004675402";"2024-01-15";"2027-02-15";"";1390,65;"A vencer"
"PRONTOCARDIO PRONTO";"004675402";"2024-01-15";"2027-03-15";"";1390,65;"A vencer"
"PRONTOCARDIO PRONTO";"004675402";"2024-01-15";"2027-04-15";"";1390,65;"A vencer"
"PRONTOCARDIO PRONTO";"004675402";"2024-01-15";"2027-05-15";"";1390,65;"A vencer"
"PRONTOCARDIO PRONTO";"004675402";"2024-01-15";"2027-06-15";"";1390,65;"A vencer"
"PRONTOCARDIO PRONTO";"004675402";"2024-01-15";"2027-07-15";"";1390,65;"A vencer"
"PRONTOCARDIO PRONTO";"004675402";"2024-01-15";"2027-08-15";"";1390,65;"A vencer"
"PRONTOCARDIO PRONTO";"004675402";"2024-01-15";"2027-09-15";"";1390,65;"A vencer"
"PRONTOCARDIO PRONTO";"004675402";"2024-01-15";"2027-10-15";"";1390,65;"A vencer"
"PRONTOCARDIO PRONTO";"004675402";"2024-01-15";"2027-11-15";"";1390,65;"A vencer"
"PRONTOCARDIO PRONTO";"004675402";"2024-01-15";"2027-12-15";"";1390,65;"A vencer"
"PRONTOCARDIO PRONTO";"004675402";"2024-01-15";"2028-01-15";"";1390,65;"A vencer"
"PRONTOCARDIO PRONTO";"004675402";"2024-01-15";"2028-02-15";"";1390,65;"A vencer"
"PRONTOCARDIO PRONTO";"004675402";"2024-01-15";"2028-03-15";"";1390,65;"A vencer"
"PRONTOCARDIO PRONTO";"004675402";"2024-01-15";"2028-04-15";"";1390,65;"A vencer"
"PRONTOCARDIO PRONTO";"004675402";"2024-01-15";"2028-05-15";"";1390,65;"A vencer"
"PRONTOCARDIO PRONTO";"004675402";"2024-01-15";"2028-06-15";"";1390,65;"A vencer"
"PRONTOCARDIO PRONTO";"004675402";"2024-01-15";"2028-07-15";"";1390,65;"A vencer"
"PRONTOCARDIO PRONTO";"004675402";"2024-01-15";"2028-08-15";"";1390,65;"A vencer"
"PRONTOCARDIO PRONTO";"004675402";"2024-01-15";"2028-09-15";"";1390,65;"A vencer"
"PRONTOCARDIO PRONTO";"004675402";"2024-01-15";"2028-10-15";"";1390,65;"A vencer"
"PRONTOCARDIO PRONTO";"004675402";"2024-01-15";"2028-11-15";"";1390,65;"A vencer"
"PRONTOCARDIO PRONTO";"004675402";"2024-01-15";"2028-12-15";"";1390,65;"A vencer"
"PRONTOCARDIO PRONTO";"004675402";"2024-01-15";"2029-01-15";"";1390,65;"A vencer"
"PRONTOCARDIO PRONTO";"004675402";"2024-01-15";"2029-02-15";"";1390,65;"A vencer"
"PRONTOCARDIO PRONTO";"004675402";"2024-01-15";"2029-03-15";"";1390,65;"A vencer"
"PRONTOCARDIO PRONTO";"004675402";"2024-01-15";"2029-04-15";"";1390,65;"A vencer"
"PRONTOCARDIO PRONTO";"004675402";"2024-01-15";"2029-05-15";"";1390,65;"A vencer"
"PRONTOCARDIO PRONTO";"004675402";"2024-01-15";"2029-06-15";"";1390,65;"A vencer"
"PRONTOCARDIO PRONTO";"004675402";"2024-01-15";"2029-07-15";"";1390,65;"A vencer"
"PRONTOCARDIO PRONTO";"004675402";"2024-01-15";"2029-08-15";"";1390,65;"A vencer"
"PRONTOCARDIO PRONTO";"004675402";"2024-01-15";"2029-09-15";"";1390,65;"A vencer"
"PRONTOCARDIO PRONTO";"004675402";"2024-01-15";"2029-10-15";"";1390,65;"A vencer"
"PRONTOCARDIO PRONTO";"004675402";"2024-01-15";"2029-11-15";"";1390,65;"A vencer"
"PRONTOCARDIO PRONTO";"004675402";"2024-01-15";"2029-12-15";"";1390,65;"A vencer"
"PRONTOCARDIO PRONTO";"004675402";"2024-01-15";"2030-01-15";"";1390,65;"A vencer"
"PRONTOCARDIO PRONTO";"004675402";"2024-01-15";"2030-02-15";"";1390,65;"A vencer"
"PRONTOCARDIO PRONTO";"004675402";"2024-01-15";"2030-03-15";"";1390,65;"A vencer"
"PRONTOCARDIO PRONTO";"004675402";"2024-01-15";"2030-04-15";"";1390,65;"A vencer"
"PRONTOCARDIO PRONTO";"004675402";"2024-01-15";"2030-05-15";"";1390,65;"A vencer"
"PRONTOCARDIO PRONTO";"004675402";"2024-01-15";"2030-06-15";"";1390,65;"A vencer"
"PRONTOCARDIO PRONTO";"004675402";"2024-01-15";"2030-07-15";"";1390,65;"A vencer"
"PRONTOCARDIO PRONTO";"004675402";"2024-01-15";"2030-08-15";"";1390,65;"A vencer"
"PRONTOCARDIO PRONTO";"004675402";"2024-01-15";"2030-09-15";"";1390,65;"A vencer"
"PRONTOCARDIO PRONTO";"004675402";"2024-01-15";"2030-10-15";"";1390,65;"A vencer"
"PRONTOCARDIO PRONTO";"004675402";"2024-01-15";"2030-11-15";"";1390,65;"A vencer"
"PRONTOCARDIO PRONTO";"004675402";"2024-01-15";"2030-12-15";"";1390,65;"A vencer"
"PRONTOCARDIO PRONTO";"004675402";"2024-01-15";"2031-01-15";"";1390,65;"A vencer"
"PRONTOCARDIO PRONTO";"004675402";"2024-01-15";"2031-02-15";"";1390,65;"A vencer"
"PRONTOCARDIO PRONTO";"004675402";"2024-01-15";"2031-03-15";"";1390,65;"A vencer"
"PRONTOCARDIO PRONTO";"004675402";"2024-01-15";"2031-04-15";"";1390,65;"A vencer"
"PRONTOCARDIO PRONTO";"004675402";"2024-01-15";"2031-05-15";"";1390,65;"A vencer"
"PRONTOCARDIO PRONTO";"004675402";"2024-01-15";"2031-06-15";"";1390,65;"A vencer"
"PRONTOCARDIO PRONTO";"004675402";"2024-01-15";"2031-07-15";"";1390,65;"A vencer"
"PRONTOCARDIO PRONTO";"004675402";"2024-01-15";"2031-08-15";"";1390,65;"A vencer"
"PRONTOCARDIO PRONTO";"004675402";"2024-01-15";"2031-09-15";"";1390,65;"A vencer"
"PRONTOCARDIO PRONTO";"004675402";"2024-01-15";"2031-10-15";"";1390,65;"A vencer"
"PRONTOCARDIO PRONTO";"004675402";"2024-01-15";"2031-11-15";"";1390,65;"A vencer"
"PRONTOCARDIO PRONTO";"004675402";"2024-01-15";"2031-12-15";"";1390,65;"A vencer"
"PRONTOCARDIO PRONTO";"004675402";"2024-01-15";"2032-01-15";"";1390,65;"A vencer"
"PRONTOCARDIO PRONTO";"004675402";"2024-01-15";"2032-02-15";"";1390,65;"A vencer"
"PRONTOCARDIO PRONTO";"004675402";"2024-01-15";"2032-03-15";"";1390,65;"A vencer"
"PRONTOCARDIO PRONTO";"004675402";"2024-01-15";"2032-04-15";"";1390,65;"A vencer"
"PRONTOCARDIO PRONTO";"004675402";"2024-01-15";"2032-05-15";"";1390,65;"A vencer"
"PRONTOCARDIO PRONTO";"004675402";"2024-01-15";"2032-06-15";"";1390,65;"A vencer"
"PRONTOCARDIO PRONTO";"004675402";"2024-01-15";"2032-07-15";"";1390,65;"A vencer"
"PRONTOCARDIO PRONTO";"004675402";"2024-01-15";"2032-08-15";"";1390,65;"A vencer"
"PRONTOCARDIO PRONTO";"004675402";"2024-01-15";"2032-09-15";"";1390,65;"A vencer"
"PRONTOCARDIO PRONTO";"004675402";"2024-01-15";"2032-10-15";"";1390,65;"A vencer"
"PRONTOCARDIO PRONTO";"004675402";"2024-01-15";"2032-11-15";"";1390,65;"A vencer"
"PRONTOCARDIO PRONTO";"004675402";"2024-01-15";"2032-12-15";"";1390,65;"A vencer"
"PRONTOCARDIO PRONTO";"004675402";"2024-01-15";"2033-01-15";"";1390,65;"A vencer"
"PRONTOCARDIO PRONTO";"004675402";"2024-01-15";"2033-02-15";"";1390,65;"A vencer"
"PRONTOCARDIO PRONTO";"004675402";"2024-01-15";"2033-03-15";"";1390,65;"A vencer"
"PRONTOCARDIO PRONTO";"004675402";"2024-01-15";"2033-04-15";"";1390,65;"A vencer"
"PRONTOCARDIO PRONTO";"004675402";"2024-01-15";"2033-05-15";"";1390,65;"A vencer"
"PRONTOCARDIO PRONTO";"004675402";"2024-01-15";"2033-06-15";"";1390,65;"A vencer"
"PRONTOCARDIO PRONTO";"004675402";"2024-01-15";"2033-07-15";"";1390,65;"A vencer"
"PRONTOCARDIO PRONTO";"004675402";"2024-01-15";"2033-08-15";"";1390,65;"A vencer"
"PRONTOCARDIO PRONTO";"004675402";"2024-01-15";"2033-09-15";"";1390,65;"A vencer"
"PRONTOCARDIO PRONTO";"004675402";"2024-01-15";"2033-10-15";"";1390,65;"A vencer"
"PRONTOCARDIO PRONTO";"004675402";"2024-01-15";"2033-11-15";"";1390,65;"A vencer"
"PRONTOCARDIO PRONTO";"004675402";"2024-01-15";"2033-12-15";"";1390,65;"A vencer"
"PRONTOCARDIO PRONTO";"004675402";"2024-01-15";"2034-01-15";"";1390,65;"A vencer"
"PRONTOCARDIO PRONTO";"004675402";"2024-01-15";"2034-02-15";"";1390,65;"A vencer"
"PRONTOCARDIO PRONTO";"004675402";"2024-01-15";"2034-03-15";"";1390,65;"A vencer"
"PRONTOCARDIO PRONTO";"004675402";"2024-01-15";"2034-04-15";"";1390,65;"A vencer"
"PRONTOCARDIO PRONTO";"004675402";"2024-01-15";"2034-05-15";"";1390,65;"A vencer"
"PRONTOCARDIO PRONTO";"004675402";"2024-01-15";"2034-06-15";"";1390,65;"A vencer"
"PRONTOCARDIO PRONTO";"004675402";"2024-01-15";"2034-07-15";"";1390,65;"A vencer"
"PRONTOCARDIO PRONTO";"004675402";"2024-01-15";"2034-08-15";"";1390,65;"A vencer"
"PRONTOCARDIO PRONTO";"004675402";"2024-01-15";"2034-09-15";"";1390,65;"A vencer"
"PRONTOCARDIO PRONTO";"004675402";"2024-01-15";"2034-10-15";"";1390,65;"A vencer"
"PRONTOCARDIO PRONTO";"004675402";"2024-01-15";"2034-11-15";"";1390,65;"A vencer"
"PRONTOCARDIO PRONTO";"004675402";"2024-01-15";"2034-12-15";"";1390,65;"A vencer"
"PRONTOCARDIO PRONTO";"004675402";"2024-01-15";"2035-01-15";"";1390,65;"A vencer"
"PRONTOCARDIO PRONTO";"004675402";"2024-01-15";"2035-02-15";"";1390,65;"A vencer"
"PRONTOCARDIO PRONTO";"004675402";"2024-01-15";"2035-03-15";"";1390,65;"A vencer"
"PRONTOCARDIO PRONTO";"004675402";"2024-01-15";"2035-04-15";"";1390,65;"A vencer"
"PRONTOCARDIO PRONTO";"004675402";"2024-01-15";"2035-05-15";"";1390,65;"A vencer"
"PRONTOCARDIO PRONTO";"004675402";"2024-01-15";"2035-06-15";"";1390,65;"A vencer"
"PRONTOCARDIO PRONTO";"004675402";"2024-01-15";"2035-07-15";"";1390,65;"A vencer"
"PRONTOCARDIO PRONTO";"004675402";"2024-01-15";"2035-08-15";"";1390,65;"A vencer"
"PRONTOCARDIO PRONTO";"004675402";"2024-01-15";"2035-09-15";"";1390,65;"A vencer"
"PRONTOCARDIO PRONTO";"004675402";"2024-01-15";"2035-10-15";"";1390,65;"A vencer"
"PRONTOCARDIO PRONTO";"004675402";"2024-01-15";"2035-11-15";"";1390,65;"A vencer"
"PRONTOCARDIO PRONTO";"004675402";"2024-01-15";"2035-12-15";"";1390,65;"A vencer"
"PRONTOCARDIO PRONTO";"004675402";"2024-01-15";"2036-01-15";"";1390,65;"A vencer"
"PRONTOCARDIO PRONTO";"004675402";"2024-01-15";"2036-02-15";"";1390,65;"A vencer"
"PRONTOCARDIO PRONTO";"004675402";"2024-01-15";"2036-03-15";"";1390,65;"A vencer"
"PRONTOCARDIO PRONTO";"004675402";"2024-01-15";"2036-04-15";"";1390,65;"A vencer"
"PRONTOCARDIO PRONTO";"004675402";"2024-01-15";"2036-05-15";"";1390,65;"A vencer"
"PRONTOCARDIO PRONTO";"004675402";"2024-01-15";"2036-06-15";"";1390,65;"A vencer"
"PRONTOCARDIO PRONTO";"004675402";"2024-01-15";"2036-07-15";"";1390,65;"A vencer"
"PRONTOCARDIO PRONTO";"004675402";"2024-01-15";"2036-08-15";"";1390,65;"A vencer"
"PRONTOCARDIO PRONTO";"004675402";"2024-01-15";"2036-09-15";"";1390,65;"A vencer"
"PRONTOCARDIO PRONTO";"004675402";"2024-01-15";"2036-10-15";"";1390,65;"A vencer"
"PRONTOCARDIO PRONTO";"004675402";"2024-01-15";"2036-11-15";"";1390,65;"A vencer"
"PRONTOCARDIO PRONTO";"004675402";"2024-01-15";"2036-12-15";"";1390,65;"A vencer"
"PRONTOCARDIO PRONTO";"004675402";"2024-01-15";"2037-01-15";"";1390,65;"A vencer"
"PRONTOCARDIO PRONTO";"004675402";"2024-01-15";"2037-02-15";"";1390,65;"A vencer"
"PRONTOCARDIO PRONTO";"004675402";"2024-01-15";"2037-03-15";"";1390,65;"A vencer"
"PRONTOCARDIO PRONTO";"004675402";"2024-01-15";"2037-04-15";"";1390,65;"A vencer"
"PRONTOCARDIO PRONTO";"004675402";"2024-01-15";"2037-05-15";"";1390,65;"A vencer"
"PRONTOCARDIO PRONTO";"004675402";"2024-01-15";"2037-06-15";"";1390,65;"A vencer"
"PRONTOCARDIO PRONTO";"004675402";"2024-01-15";"2037-07-15";"";1390,65;"A vencer"
"PRONTOCARDIO PRONTO";"004675402";"2024-01-15";"2037-08-15";"";1390,65;"A vencer"
"PRONTOCARDIO PRONTO";"004675402";"2024-01-15";"2037-09-15";"";1390,65;"A vencer"
"PRONTOCARDIO PRONTO";"004675402";"2024-01-15";"2037-10-15";"";1390,65;"A vencer"
"PRONTOCARDIO PRONTO";"004675402";"2024-01-15";"2037-11-15";"";1390,65;"A vencer"
"PRONTOCARDIO PRONTO";"004675402";"2024-01-15";"2037-12-15";"";1390,65;"A vencer"
"PRONTOCARDIO PRONTO";"004675402";"2024-01-15";"2038-01-15";"";1390,65;"A vencer"
"PRONTOCARDIO PRONTO";"004675402";"2024-01-15";"2038-02-15";"";1390,65;"A vencer"
"PRONTOCARDIO PRONTO";"004675402";"2024-01-15";"2038-03-15";"";1390,65;"A vencer"
"PRONTOCARDIO PRONTO";"004675402";"2024-01-15";"2038-04-15";"";1390,65;"A vencer"
"PRONTOCOR";"000004596";"2023-07-31";"2023-09-29";"";25900;"Vencido"
"PRONTOCOR";"000004641";"2023-08-04";"2023-10-03";"";23990,03;"Vencido"
"PRONTOCOR";"000004742";"2023-08-17";"2023-10-16";"";73000;"Vencido"
"PRONTOCOR";"000004792";"2023-08-28";"2023-10-27";"";20761;"Vencido"
"PRONTOCOR";"000004793";"2023-08-28";"2023-10-27";"";20761;"Vencido"
"PRONTOCOR";"000004898";"2023-09-11";"2023-11-10";"";24173;"Vencido"
"PRONTOCOR";"000004968";"2023-09-22";"2023-11-21";"";24050;"Vencido"
"PRONTOCOR";"000004982";"2023-09-26";"2023-11-25";"";24816;"Vencido"
"PRONTOCOR";"000004984";"2023-09-26";"2023-11-25";"";29073;"Vencido"
"PRONTOCOR";"000005104";"2023-10-06";"2023-12-05";"";24050;"Vencido"
"PRONTOCOR";"000005177";"2023-10-16";"2023-12-15";"";22920;"Vencido"
"PRONTOCOR";"000005178";"2023-10-16";"2023-12-15";"";22920;"Vencido"
"PRONTOCOR";"000005179";"2023-10-16";"2023-12-15";"";9959;"Vencido"
"PRONTOCOR";"000005180";"2023-10-16";"2023-12-15";"";3140;"Vencido"
"PRONTOCOR";"000005184";"2023-10-17";"2023-12-16";"";35260;"Vencido"
"PRONTOCOR";"000005284";"2023-10-30";"2023-12-29";"";24050;"Vencido"
"PRONTOCOR";"000006318";"2024-03-05";"2024-05-04";"";8164;"Vencido"
"PRONTOCOR";"000006319";"2024-03-05";"2024-05-04";"";27250;"Vencido"
"PRONTOCOR";"000006320";"2024-03-05";"2024-05-04";"";27250;"Vencido"
"PRONTOCOR";"000006321";"2024-03-05";"2024-05-04";"";27250;"Vencido"
"RADIOCLINIC";"000067510";"2025-11-25";"2026-02-23";"";60770;"A vencer"
"RADIOCLINIC";"000068037";"2025-12-10";"2026-03-10";"";29070;"A vencer"
"RADIOCLINIC";"000068039";"2025-12-10";"2026-03-10";"";300;"A vencer"
"RADIOCLINIC";"000068529";"2025-12-29";"2026-03-29";"";28675;"A vencer"
"RADIOCLINIC";"000068530";"2025-12-29";"2026-03-29";"";250;"A vencer"
"REAL E BENEMERITA AS";"000063630";"2025-08-04";"2025-12-02";"";115314,53;"Vencido"
"REAL E BENEMERITA AS";"000063712";"2025-08-06";"2025-12-04";"";113314,53;"Vencido"
"REAL E BENEMERITA AS";"000063713";"2025-08-06";"2025-12-04";"";113874,03;"Vencido"
"REAL E BENEMERITA AS";"000063720";"2025-08-06";"2025-12-04";"";107858,53;"Vencido"
"REAL E BENEMERITA AS";"000064191";"2025-08-20";"2025-12-18";"";3100;"Vencido"
"REAL E BENEMERITA AS";"000064192";"2025-08-20";"2026-01-12";"";183607;"A vencer"
"REAL E BENEMERITA AS";"000064210";"2025-08-20";"2025-12-18";"";928;"Vencido"
"REAL E BENEMERITA AS";"000064231";"2025-08-20";"2025-12-18";"";41446,05;"Vencido"
"REAL E BENEMERITA AS";"000064232";"2025-08-20";"2025-12-18";"";31267;"Vencido"
"REAL E BENEMERITA AS";"000064234";"2025-08-20";"2025-12-18";"";43988;"Vencido"
"REAL E BENEMERITA AS";"000064240";"2025-08-20";"2025-12-18";"";142859,13;"Vencido"
"REAL E BENEMERITA AS";"000064246";"2025-08-21";"2025-12-19";"";89466,15;"Vencido"
"REAL E BENEMERITA AS";"000064405";"2025-08-26";"2025-12-24";"";47154,5;"Vencido"
"REAL E BENEMERITA AS";"000064407";"2025-08-26";"2025-12-24";"";44132,3;"Vencido"
"REAL E BENEMERITA AS";"000064409";"2025-08-26";"2025-12-24";"";60003;"Vencido"
"REAL E BENEMERITA AS";"000064417";"2025-08-26";"2025-12-24";"";13600;"Vencido"
"REAL E BENEMERITA AS";"000064418";"2025-08-26";"2025-12-24";"";269008;"Vencido"
"REAL E BENEMERITA AS";"000064431";"2025-08-26";"2025-12-24";"";18283;"Vencido"
"REAL E BENEMERITA AS";"000065052";"2025-09-09";"2026-01-07";"";262104,53;"A vencer"
"REAL E BENEMERITA AS";"000065775";"2025-10-02";"2026-01-30";"";305986,8;"A vencer"
"REAL E BENEMERITA AS";"000066485";"2025-10-23";"2026-02-20";"";119757,53;"A vencer"
"REAL E BENEMERITA AS";"000067070";"2025-11-10";"2026-03-10";"";41033;"A vencer"
"REAL HOSPITAL PORTUG";"000067556";"2025-11-26";"2026-01-25";"";55467,43;"A vencer"
"REAL HOSPITAL PORTUG";"000068472";"2025-12-23";"2026-02-20";"";43358,28;"A vencer"
"REDE PRIMAVERA - HOS";"000061164";"2025-05-26";"2025-06-25";"";33232,08;"Vencido"
"REDE PRIMAVERA - HOS";"000063938";"2025-08-13";"2025-11-11";"";22873,2;"Vencido"
"SANTA CASA";"000011348";"2025-08-08";"2025-10-07";"";43844,68;"Vencido"
"SANTA CASA";"000011471";"2025-08-20";"2025-10-19";"";44637,2;"Vencido"
"SANTA CASA DE MISERI";"000011398";"2025-08-13";"2025-11-11";"";9350;"Vencido"
"SANTA CASA DE MISERI";"000011399";"2025-08-13";"2025-11-11";"";9350;"Vencido"
"SANTA CASA DE MISERI";"000011400";"2025-08-13";"2025-11-11";"";24225;"Vencido"
"SANTA CASA DE MISERI";"000011644";"2025-09-02";"2025-12-01";"";36337,5;"Vencido"
"SANTA CASA DE MISERI";"000011646";"2025-09-02";"2025-12-01";"";28237,5;"Vencido"
"SANTA CASA DE MISERI";"000011647";"2025-09-02";"2025-12-01";"";43350;"Vencido"
"SANTA CASA DE MISERI";"000012601";"2025-11-24";"2026-02-22";"";236900;"A vencer"
"SANTA CASA DE MISERI";"000065869";"2025-10-03";"2025-12-02";"";43598,66;"Vencido"
"SANTA CASA DE SANTOS";"000061760";"2025-06-06";"2025-08-05";"";12535,65;"Vencido"
"SANTA CASA DE SANTOS";"000068051";"2025-12-10";"2026-02-08";"";84808;"A vencer"
"SANTA CASA DE SANTOS";"000068452";"2025-12-23";"2026-02-21";"";11935;"A vencer"
"SANTA CASA DE SANTOS";"000068455";"2025-12-23";"2026-02-21";"";5179;"A vencer"
"SANTA CASA DE SÃO PA";"004069201";"2020-09-21";"2020-12-20";"";28730;"Vencido"
"SANTA CASA DE SÃO PA";"004081701";"2020-10-07";"2021-01-05";"";14700;"Vencido"
"SANTA CASA DE SÃO PA";"004106701";"2020-11-11";"2021-02-09";"";16700;"Vencido"
"SANTA CASA DE SÃO PA";"004164301";"2021-02-08";"2021-05-09";"";30700;"Vencido"
"SANTA CASA DE SÃO PA";"004172801";"2021-02-24";"2021-05-25";"";24200;"Vencido"
"SANTA CASA DE SÃO PA";"004174501";"2021-02-26";"2021-05-27";"";16700;"Vencido"
"SANTA CASA DE SÃO PA";"004185101";"2021-03-12";"2021-06-10";"";14000;"Vencido"
"SANTA CASA DE SÃO PA";"004194101";"2021-03-29";"2021-05-28";"";24900;"Vencido"
"SANTA CASA DE SÃO PA";"004212701";"2021-04-29";"2021-06-28";"";15370;"Vencido"
"SAO JOSE DE PIRANHAS";"002564601";"2016-11-29";"2018-06-06";"";41990;"Vencido"
"SEGUROS UNIMED";"000009733";"2025-03-21";"2025-04-26";"";70000;"Vencido"
"SERGIO MILEV";"000062145";"2025-06-18";"2025-08-20";"";93525;"Vencido"
"SERMED SERVIÇO MEDIC";"000340001";"2009-09-08";"2009-11-09";"";2200;"Vencido"
"SERMED SERVIÇO MEDIC";"000340101";"2009-09-08";"2009-11-09";"";4400;"Vencido"
"SERVIMED";"000068296";"2025-12-18";"2026-02-16";"";62310;"A vencer"
"SILVESTRE SAUDE";"000011037";"2025-07-14";"2025-09-12";"";1593,46;"Vencido"
"SILVESTRE SAUDE";"000011037";"2025-07-14";"2025-09-27";"";1593,46;"Vencido"
"SILVESTRE SAUDE";"000011037";"2025-07-14";"2025-10-12";"";1593,46;"Vencido"
"SMH SOCIEDADE MEDICO";"000008658";"2024-11-28";"2025-02-26";"";14788,12;"Vencido"
"SONICARDIO";"000064243";"2025-08-21";"2025-09-20";"";48750;"Vencido"
"SONICARDIO";"000064243";"2025-08-21";"2025-10-20";"";48750;"Vencido"
"SONICARDIO";"000064243";"2025-08-21";"2025-11-19";"";48750;"Vencido"
"SONICARDIO";"000064243";"2025-08-21";"2025-12-19";"";48750;"Vencido"
"SUL AMERICA COMPANHI";"000063219";"2025-07-22";"2025-09-05";"";195840;"Vencido"
"SUL AMERICA SERVICOS";"000058745";"2025-02-28";"2025-04-14";"";24140;"Vencido"
"SURGMED COMERCIO IMP";"000065143";"2025-09-11";"2026-01-09";"";54000;"A vencer"
"SURGMED COMERCIO IMP";"000065173";"2025-09-11";"2026-01-09";"";4620;"A vencer"
"SURGMED COMERCIO IMP";"000065532";"2025-09-24";"2026-01-22";"";4620;"A vencer"
"SURGMED COMERCIO IMP";"000066195";"2025-10-15";"2026-01-13";"";5750;"A vencer"
"SURGMED COMERCIO IMP";"000066195";"2025-10-15";"2026-02-12";"";5750;"A vencer"
"SURGMED COMERCIO IMP";"000066846";"2025-11-03";"2026-01-02";"";7560;"A vencer"
"SURGMED COMERCIO IMP";"000066846";"2025-11-03";"2026-02-01";"";7560;"A vencer"
"SURGMED COMERCIO IMP";"000066846";"2025-11-03";"2026-03-03";"";7560;"A vencer"
"SURGMED COMERCIO IMP";"000068059";"2025-12-10";"2026-01-09";"";18000;"A vencer"
"SURGMED COMERCIO IMP";"000068059";"2025-12-10";"2026-02-08";"";18000;"A vencer"
"SURGMED COMERCIO IMP";"000068059";"2025-12-10";"2026-03-10";"";18000;"A vencer"
"SURGMED COMERCIO IMP";"000068059";"2025-12-10";"2026-04-09";"";18000;"A vencer"
"SÃO FRANCISCO VIDA";"000067683";"2025-11-28";"2026-01-27";"";4379,33;"A vencer"
"SÃO FRANCISCO VIDA";"000067683";"2025-11-28";"2026-02-26";"";4379,34;"A vencer"
"SÃO FRANCISCO VIDA";"000068448";"2025-12-23";"2026-01-22";"";5948;"A vencer"
"TOTAL MEDCARE";"000059975";"2025-04-17";"2025-05-17";"";2603,15;"Vencido"
"TOTAL MEDCARE";"000059975";"2025-04-17";"2025-06-16";"";2603,15;"Vencido"
"TOTAL MEDCARE";"000059975";"2025-04-17";"2025-07-16";"";2603,15;"Vencido"
"TOTAL MEDCARE";"000059975";"2025-04-17";"2025-08-15";"";2603,15;"Vencido"
"TOTAL MEDCARE";"000059978";"2025-04-17";"2025-05-17";"";22081,88;"Vencido"
"TOTAL MEDCARE";"000059978";"2025-04-17";"2025-06-16";"";22081,88;"Vencido"
"TOTAL MEDCARE";"000059978";"2025-04-17";"2025-07-16";"";22081,88;"Vencido"
"TOTAL MEDCARE";"000059978";"2025-04-17";"2025-08-15";"";22081,86;"Vencido"
"UNIDADE DE DOENÇAS C";"001294901";"2013-11-29";"2013-12-29";"";8322,34;"Vencido"
"UNIDADE DE DOENÇAS C";"001294902";"2013-11-29";"2014-01-28";"";8322,33;"Vencido"
"UNIDADE DE DOENÇAS C";"001294903";"2013-11-29";"2014-02-27";"";8322,33;"Vencido"
"UNIDADE DE DOENÇAS C";"001296601";"2013-11-29";"2014-02-27";"";27800;"Vencido"
"UNIDADE DE DOENÇAS C";"001317801";"2013-12-20";"2014-03-20";"";41560;"Vencido"
"UNIDADE DE DOENÇAS C";"001347701";"2014-01-31";"2014-05-01";"";47900;"Vencido"
"UNIDADE DE DOENÇAS C";"001376901";"2014-02-28";"2014-05-29";"";34860;"Vencido"
"UNIDADE DE DOENÇAS C";"001433201";"2014-05-09";"2014-08-07";"";18420;"Vencido"
"UNIMED";"000068046";"2025-12-10";"2026-01-30";"";198000;"A vencer"
"UNIMED";"000068269";"2025-12-18";"2026-01-30";"";320000;"A vencer"
"UNIMED CAMPO GRANDE";"000068510";"2025-12-29";"2026-01-28";"";32745;"A vencer"
"UNIMED CAMPO GRANDE";"000068512";"2025-12-29";"2026-01-28";"";32195;"A vencer"
"UNIMED CASCAVEL";"000061939";"2025-06-12";"2025-07-30";"";1100;"Vencido"
"UNIMED CURITIBA";"000051776";"2024-04-15";"2024-06-14";"";24000;"Vencido"
"UNIMED DE CAMPOS";"000012079";"2025-10-07";"2026-01-05";"";76154;"A vencer"
"UNIMED DE GUARATINGU";"000060510";"2025-06-17";"2026-01-15";"";18757,14;"A vencer"
"UNIMED DE GUARATINGU";"000060510";"2025-06-17";"2026-02-15";"";18757,14;"A vencer"
"UNIMED DE GUARATINGU";"000068049";"2025-12-10";"2026-01-20";"";27233,33;"A vencer"
"UNIMED DE GUARATINGU";"000068049";"2025-12-10";"2026-02-20";"";27233,33;"A vencer"
"UNIMED DE GUARATINGU";"000068049";"2025-12-10";"2026-03-20";"";27233,34;"A vencer"
"UNIMED DE JUNDIAI";"000068499";"2025-12-26";"2026-01-25";"";25825;"A vencer"
"UNIMED DE PINDAMONHA";"000065006";"2025-09-08";"2026-01-06";"";9050;"A vencer"
"UNIMED DE PINDAMONHA";"000065271";"2025-09-16";"2026-01-13";"";14447,67;"A vencer"
"UNIMED DE PINDAMONHA";"000065271";"2025-09-16";"2026-02-12";"";14447,67;"A vencer"
"UNIMED DE PINDAMONHA";"000065271";"2025-09-16";"2026-03-14";"";14447,65;"A vencer"
"UNIMED DE PINDAMONHA";"000065401";"2025-09-19";"2026-01-16";"";13333,33;"A vencer"
"UNIMED DE PINDAMONHA";"000065401";"2025-09-19";"2026-02-15";"";13333,33;"A vencer"
"UNIMED DE PINDAMONHA";"000065401";"2025-09-19";"2026-03-17";"";13333,35;"A vencer"
"UNIMED DE PINDAMONHA";"000066082";"2025-10-10";"2026-01-07";"";13333,33;"A vencer"
"UNIMED DE PINDAMONHA";"000066082";"2025-10-10";"2026-02-06";"";13333,33;"A vencer"
"UNIMED DE PINDAMONHA";"000066082";"2025-10-10";"2026-03-08";"";13333,33;"A vencer"
"UNIMED DE PINDAMONHA";"000066082";"2025-10-10";"2026-04-07";"";13333,35;"A vencer"
"UNIMED DE PINDAMONHA";"000066755";"2025-10-31";"2026-01-28";"";7300;"A vencer"
"UNIMED DE PINDAMONHA";"000066755";"2025-10-31";"2026-02-27";"";7300;"A vencer"
"UNIMED DE PINDAMONHA";"000066755";"2025-10-31";"2026-03-29";"";7300;"A vencer"
"UNIMED DE PINDAMONHA";"000066755";"2025-10-31";"2026-04-28";"";7300;"A vencer"
"UNIMED DE PINDAMONHA";"000068268";"2025-12-18";"2026-01-16";"";27300;"A vencer"
"UNIMED DE PINDAMONHA";"000068268";"2025-12-18";"2026-02-15";"";27300;"A vencer"
"UNIMED DE PINDAMONHA";"000068268";"2025-12-18";"2026-03-17";"";27300;"A vencer"
"UNIMED DE PINDAMONHA";"000068268";"2025-12-18";"2026-04-16";"";27300;"A vencer"
"UNIMED DE PINDAMONHA";"000068268";"2025-12-18";"2026-05-16";"";27300;"A vencer"
"UNIMED DE PRES PRUDE";"000066085";"2025-10-10";"2026-01-08";"";18133,34;"A vencer"
"UNIMED DE PRES PRUDE";"000066788";"2025-10-31";"2026-01-29";"";1666,66;"A vencer"
"UNIMED DE PRES PRUDE";"000066789";"2025-10-31";"2026-01-29";"";16966,66;"A vencer"
"UNIMED DE PRES PRUDE";"000068552";"2025-12-30";"2026-01-29";"";17500;"A vencer"
"UNIMED DE PRES PRUDE";"000068552";"2025-12-30";"2026-02-28";"";17500;"A vencer"
"UNIMED DE PRES PRUDE";"000068552";"2025-12-30";"2026-03-30";"";17500;"A vencer"
"UNIMED DE RIO CLARO";"000068520";"2025-12-29";"2026-01-29";"";85300;"A vencer"
"UNIMED DE SANTOS COO";"000067520";"2025-11-25";"2026-01-09";"";80059;"A vencer"
"UNIMED DE TAUBATE CO";"000061116";"2025-05-23";"2025-09-20";"";4600;"Vencido"
"UNIMED DE TAUBATE CO";"000061116";"2025-05-23";"2025-10-20";"";4600;"Vencido"
"UNIMED DE TAUBATE CO";"000061116";"2025-05-23";"2025-11-19";"";4600;"Vencido"
"UNIMED DE TAUBATE CO";"000061116";"2025-05-23";"2025-12-19";"";4600;"Vencido"
"UNIMED DE TAUBATE CO";"000061116";"2025-05-23";"2026-01-18";"";4600;"A vencer"
"UNIMED DE TAUBATE CO";"000061116";"2025-05-23";"2026-02-17";"";4600;"A vencer"
"UNIMED DO SUDOESTE C";"12082026";"2025-11-17";"2026-01-18";"";83671,87;"A vencer"
"UNIMED DO SUDOESTE C";"12082026";"2025-11-17";"2026-02-18";"";83671,87;"A vencer"
"UNIMED DO SUDOESTE C";"12082026";"2025-11-17";"2026-03-18";"";83671,87;"A vencer"
"UNIMED DO SUDOESTE C";"12082026";"2025-11-17";"2026-04-20";"";83671,87;"A vencer"
"UNIMED DO SUDOESTE C";"12082026";"2025-11-17";"2026-05-18";"";83671,87;"A vencer"
"UNIMED DO SUDOESTE C";"12082026";"2025-11-17";"2026-06-18";"";83671,85;"A vencer"
"UNIMED FEDERACAO";"000009282";"2025-01-21";"2025-03-17";"";59050;"Vencido"
"UNIMED FEDERACAO";"000009483";"2025-02-12";"2025-03-29";"";21770;"Vencido"
"UNIMED FEDERACAO";"000009485";"2025-02-12";"2025-03-24";"";43886,66;"Vencido"
"UNIMED FEDERACAO";"000009485";"2025-02-12";"2025-04-23";"";43886,67;"Vencido"
"UNIMED FEDERACAO";"000009485";"2025-02-12";"2025-05-23";"";43886,67;"Vencido"
"UNIMED FEDERACAO";"000009487";"2025-02-12";"2025-04-23";"";51215;"Vencido"
"UNIMED FEDERACAO";"000009533";"2025-02-20";"2025-04-04";"";41866,68;"Vencido"
"UNIMED FEDERACAO";"000009533";"2025-02-20";"2025-05-04";"";41866,66;"Vencido"
"UNIMED FEDERACAO";"000009533";"2025-02-20";"2025-06-04";"";41866,66;"Vencido"
"UNIMED FEDERACAO";"000009544";"2025-02-21";"2025-04-07";"";12910;"Vencido"
"UNIMED FEDERACAO";"000009554";"2025-02-25";"2025-04-11";"";5760;"Vencido"
"UNIMED FEDERACAO";"000009665";"2025-03-14";"2025-04-27";"";45833,34;"Vencido"
"UNIMED FEDERACAO";"000009665";"2025-03-14";"2025-05-27";"";45833,33;"Vencido"
"UNIMED FEDERACAO";"000009665";"2025-03-14";"2025-06-26";"";45833,33;"Vencido"
"UNIMED FEDERACAO";"000009666";"2025-03-14";"2025-04-27";"";39303,34;"Vencido"
"UNIMED FEDERACAO";"000009666";"2025-03-14";"2025-05-27";"";39303,33;"Vencido"
"UNIMED FEDERACAO";"000009666";"2025-03-14";"2025-06-26";"";39303,33;"Vencido"
"UNIMED FEDERACAO";"000009668";"2025-03-14";"2025-04-27";"";46790;"Vencido"
"UNIMED FEDERACAO";"000009668";"2025-03-14";"2025-05-27";"";46790;"Vencido"
"UNIMED FEDERACAO";"000009668";"2025-03-14";"2025-06-26";"";46790;"Vencido"
"UNIMED FEDERACAO";"000009670";"2025-03-14";"2025-04-28";"";40210;"Vencido"
"UNIMED FEDERACAO";"000009671";"2025-03-14";"2025-04-27";"";59833,34;"Vencido"
"UNIMED FEDERACAO";"000009671";"2025-03-14";"2025-05-27";"";59833,33;"Vencido"
"UNIMED FEDERACAO";"000009671";"2025-03-14";"2025-06-26";"";59833,33;"Vencido"
"UNIMED FEDERACAO";"000010225";"2025-05-09";"2025-06-23";"";125410;"Vencido"
"UNIMED FEDERACAO";"000010402";"2025-05-29";"2025-07-13";"";28167,43;"Vencido"
"UNIMED FEDERACAO";"000010584";"2025-06-04";"2025-08-31";"";38470;"Vencido"
"UNIMED FEDERACAO";"000010584";"2025-06-04";"2025-09-30";"";38470;"Vencido"
"UNIMED FEDERACAO";"000010584";"2025-06-04";"2025-10-30";"";38470;"Vencido"
"UNIMED FEDERACAO";"000010585";"2025-06-04";"2025-08-31";"";57700;"Vencido"
"UNIMED FEDERACAO";"000010585";"2025-06-04";"2025-09-30";"";57700;"Vencido"
"UNIMED FEDERACAO";"000010585";"2025-06-04";"2025-11-30";"";57700;"Vencido"
"UNIMED FEDERACAO";"000010669";"2025-06-11";"2025-09-03";"";56271,67;"Vencido"
"UNIMED FEDERACAO";"000010669";"2025-06-11";"2025-10-03";"";56271,67;"Vencido"
"UNIMED FEDERACAO";"000010669";"2025-06-11";"2025-11-02";"";56271,67;"Vencido"
"UNIMED FEDERACAO";"000010669";"2025-06-11";"2025-12-02";"";56271,67;"Vencido"
"UNIMED FEDERACAO";"000010669";"2025-06-11";"2026-01-01";"";56271,67;"A vencer"
"UNIMED FEDERACAO";"000010669";"2025-06-11";"2026-01-31";"";56271,65;"A vencer"
"UNIMED FEDERACAO";"000010690";"2025-06-11";"2025-09-09";"";38136,68;"Vencido"
"UNIMED FEDERACAO";"000010690";"2025-06-11";"2025-10-09";"";38136,66;"Vencido"
"UNIMED FEDERACAO";"000010690";"2025-06-11";"2025-11-08";"";38136,66;"Vencido"
"UNIMED FEDERACAO";"000010838";"2025-06-25";"2025-09-21";"";38175;"Vencido"
"UNIMED FEDERACAO";"000010838";"2025-06-25";"2025-10-21";"";38175;"Vencido"
"UNIMED FEDERACAO";"000011148";"2025-07-22";"2025-10-16";"";67533,83;"Vencido"
"UNIMED FEDERACAO";"000011148";"2025-07-22";"2025-11-15";"";67533,83;"Vencido"
"UNIMED FEDERACAO";"000011148";"2025-07-22";"2025-12-15";"";67533,83;"Vencido"
"UNIMED FEDERACAO";"000011148";"2025-07-22";"2026-01-14";"";67533,83;"A vencer"
"UNIMED FEDERACAO";"000011148";"2025-07-22";"2026-02-13";"";67533,83;"A vencer"
"UNIMED FEDERACAO";"000011148";"2025-07-22";"2026-03-15";"";67533,85;"A vencer"
"UNIMED FEDERACAO";"000011254";"2025-07-31";"2025-10-29";"";64541;"Vencido"
"UNIMED FEDERACAO";"000011254";"2025-07-31";"2025-11-28";"";64541;"Vencido"
"UNIMED FEDERACAO";"000011254";"2025-07-31";"2025-12-28";"";64541;"Vencido"
"UNIMED FEDERACAO";"000011260";"2025-07-31";"2025-10-29";"";5616;"Vencido"
"UNIMED FEDERACAO";"000011353";"2025-08-08";"2025-11-06";"";123101,62;"Vencido"
"UNIMED FEDERACAO";"000011417";"2025-08-14";"2025-11-09";"";59382,8;"Vencido"
"UNIMED FEDERACAO";"000011417";"2025-08-14";"2025-12-09";"";59382,8;"Vencido"
"UNIMED FEDERACAO";"000011417";"2025-08-14";"2026-01-08";"";59382,8;"A vencer"
"UNIMED FEDERACAO";"000011517";"2025-08-21";"2025-11-19";"";5120;"Vencido"
"UNIMED FEDERACAO";"000011536";"2025-08-22";"2025-10-21";"";278460;"Vencido"
"UNIMED FEDERACAO";"000011678";"2025-09-05";"2025-12-02";"";49707,5;"Vencido"
"UNIMED FEDERACAO";"000011678";"2025-09-05";"2026-01-01";"";49707,5;"A vencer"
"UNIMED FEDERACAO";"000011678";"2025-09-05";"2026-01-31";"";49707,5;"A vencer"
"UNIMED FEDERACAO";"000011678";"2025-09-05";"2026-03-02";"";49707,5;"A vencer"
"UNIMED FEDERACAO";"000011679";"2025-09-05";"2025-12-02";"";45480,44;"Vencido"
"UNIMED FEDERACAO";"000011679";"2025-09-05";"2026-01-01";"";45480,44;"A vencer"
"UNIMED FEDERACAO";"000011679";"2025-09-05";"2026-01-31";"";45480,44;"A vencer"
"UNIMED FEDERACAO";"000011760";"2025-09-12";"2025-11-11";"";5120;"Vencido"
"UNIMED FEDERACAO";"000011854";"2025-09-19";"2025-11-18";"";16157,43;"Vencido"
"UNIMED FEDERACAO";"000011855";"2025-09-19";"2025-11-18";"";15157,43;"Vencido"
"UNIMED FEDERACAO";"000011856";"2025-09-19";"2025-11-18";"";21767,43;"Vencido"
"UNIMED FEDERACAO";"000011857";"2025-09-19";"2025-11-17";"";26967,43;"Vencido"
"UNIMED FEDERACAO";"000011878";"2025-09-22";"2025-11-18";"";7787,43;"Vencido"
"UNIMED FEDERACAO";"000011922";"2025-09-25";"2025-11-23";"";10757,43;"Vencido"
"UNIMED FEDERACAO";"000011945";"2025-09-25";"2025-12-24";"";38143,78;"Vencido"
"UNIMED FEDERACAO";"000011945";"2025-09-25";"2026-01-23";"";38143,77;"A vencer"
"UNIMED FEDERACAO";"000011945";"2025-09-25";"2026-02-22";"";38143,77;"A vencer"
"UNIMED FEDERACAO";"000012011";"2025-10-02";"2025-12-01";"";8810;"Vencido"
"UNIMED FEDERACAO";"000012014";"2025-10-02";"2025-12-01";"";12457,43;"Vencido"
"UNIMED FEDERACAO";"000012023";"2025-10-02";"2025-12-29";"";38143,78;"Vencido"
"UNIMED FEDERACAO";"000012023";"2025-10-02";"2026-01-28";"";38143,77;"A vencer"
"UNIMED FEDERACAO";"000012023";"2025-10-02";"2026-02-27";"";38143,77;"A vencer"
"UNIMED FEDERACAO";"000012095";"2025-10-08";"2025-12-05";"";13457,43;"Vencido"
"UNIMED FEDERACAO";"000012339";"2025-10-30";"2025-12-20";"";32629,88;"Vencido"
"UNIMED FEDERACAO";"000012340";"2025-10-30";"2025-12-20";"";41827,43;"Vencido"
"UNIMED FEDERACAO";"000012350";"2025-10-31";"2025-12-20";"";11710;"Vencido"
"UNIMED FEDERACAO";"000012351";"2025-10-31";"2025-12-20";"";39029,88;"Vencido"
"UNIMED FEDERACAO";"000012352";"2025-10-31";"2025-12-20";"";2530;"Vencido"
"UNIMED LESTE FLUMINE";"000009799";"2025-03-27";"2026-01-20";"";26282;"A vencer"
"UNIMED LESTE FLUMINE";"000009799";"2025-03-27";"2026-02-19";"";26282;"A vencer"
"UNIMED LESTE PAULIST";"000065411";"2025-09-19";"2026-01-02";"";36900;"A vencer"
"UNIMED LESTE PAULIST";"000066135";"2025-10-13";"2026-01-12";"";33075;"A vencer"
"UNIMED LESTE PAULIST";"000066135";"2025-10-13";"2026-02-10";"";33075;"A vencer"
"UNIMED NACIONAL";"000011715";"2025-09-09";"2026-01-07";"";54213;"A vencer"
"UNIMED NACIONAL";"000012147";"2025-10-13";"2026-01-14";"";107000;"A vencer"
"UNIMED NACIONAL";"000012426";"2025-11-05";"2026-03-05";"";46000;"A vencer"
"UNIMED NACIONAL";"000064196";"2025-08-20";"2025-12-18";"";32860;"Vencido"
"UNIMED NACIONAL";"000064835";"2025-09-03";"2026-01-01";"";153270;"A vencer"
"UNIMED NACIONAL";"000064962";"2025-09-05";"2026-01-03";"";8224,25;"A vencer"
"UNIMED NACIONAL";"000065200";"2025-09-12";"2026-01-10";"";11790;"A vencer"
"UNIMED NACIONAL";"000065201";"2025-09-12";"2026-01-10";"";11439;"A vencer"
"UNIMED NACIONAL";"000065407";"2025-09-19";"2026-01-17";"";114536;"A vencer"
"UNIMED NACIONAL";"000065765";"2025-10-01";"2026-01-29";"";15380;"A vencer"
"UNIMED NACIONAL";"000065776";"2025-10-02";"2026-01-30";"";1630;"A vencer"
"UNIMED NACIONAL";"000065792";"2025-10-02";"2026-01-30";"";213;"A vencer"
"UNIMED NACIONAL";"000065876";"2025-10-06";"2026-02-03";"";42372,61;"A vencer"
"UNIMED OESTE DO PARA";"000061892";"2025-12-08";"2026-01-10";"";36174,17;"A vencer"
"UNIMED OESTE DO PARA";"000061892";"2025-12-08";"2026-02-10";"";36174,17;"A vencer"
"UNIMED OESTE DO PARA";"000061892";"2025-12-08";"2026-03-10";"";36174,17;"A vencer"
"UNIMED OESTE DO PARA";"000061892";"2025-12-08";"2026-04-10";"";36174,17;"A vencer"
"UNIMED OESTE DO PARA";"000061892";"2025-12-08";"2026-05-10";"";36174,17;"A vencer"
"UNIMED OESTE DO PARA";"000061892";"2025-12-08";"2026-06-10";"";36174,17;"A vencer"
"UNIMED OESTE DO PARA";"000061892";"2025-12-08";"2026-07-10";"";36174,17;"A vencer"
"UNIMED OESTE DO PARA";"000061892";"2025-12-08";"2026-08-10";"";36174,17;"A vencer"
"UNIMED OESTE DO PARA";"000061892";"2025-12-08";"2026-09-10";"";36174,17;"A vencer"
"UNIMED OESTE DO PARA";"000061892";"2025-12-08";"2026-10-10";"";36174,17;"A vencer"
"UNIMED OESTE DO PARA";"000061892";"2025-12-08";"2026-11-10";"";36174,17;"A vencer"
"UNIMED OESTE DO PARA";"000061892";"2025-12-08";"2026-12-10";"";36174,17;"A vencer"
"UNIMED OESTE DO PARA";"000061892";"2025-12-08";"2027-01-10";"";36174,12;"A vencer"
"UNIMED PETROPOLIS";"000012759";"2025-12-22";"2026-01-20";"";30387,5;"A vencer"
"UNIMED PETROPOLIS";"000012759";"2025-12-22";"2026-02-19";"";30387,5;"A vencer"
"UNIMED PETROPOLIS";"000012759";"2025-12-22";"2026-03-21";"";30387,5;"A vencer"
"UNIMED PETROPOLIS";"000012759";"2025-12-22";"2026-04-20";"";30387,5;"A vencer"
"UNIMED PETROPOLIS";"000012759";"2025-12-22";"2026-05-20";"";30387,5;"A vencer"
"UNIMED PETROPOLIS";"000012759";"2025-12-22";"2026-06-19";"";30387,5;"A vencer"
"UNIMED PETROPOLIS";"000012759";"2025-12-22";"2026-07-19";"";30387,5;"A vencer"
"UNIMED PETROPOLIS";"000012759";"2025-12-22";"2026-08-18";"";30387,5;"A vencer"
"UNIMED REGIONAL MARI";"000051052";"2024-03-05";"2024-06-03";"";62100;"Vencido"
"UNIMED REGIONAL MARI";"000066213";"2025-10-15";"2026-01-13";"";55750;"A vencer"
"UNIMED REGIONAL MARI";"000066748";"2025-10-31";"2026-01-29";"";154100;"A vencer"
"UNIMED REGIONAL MARI";"000066790";"2025-10-31";"2026-01-29";"";55750;"A vencer"
"UNIMED REGIONAL MARI";"000067620";"2025-11-27";"2026-02-25";"";64650;"A vencer"
"UNIMED REGIONAL MARI";"000067641";"2025-11-28";"2026-02-26";"";59500;"A vencer"
"UNIMED SANTA MARIA/R";"000068451";"2025-12-23";"2026-01-22";"";153000;"A vencer"
"UNIMED SAO CARLOS";"000065780";"2025-10-02";"2026-01-12";"";10974,02;"A vencer"
"UNIMED SAO CARLOS";"000065787";"2025-10-02";"2026-01-12";"";10373,34;"A vencer"
"UNIMED SAO CARLOS";"000065788";"2025-10-02";"2026-01-12";"";7609,01;"A vencer"
"UNIMED SAO CARLOS";"000065789";"2025-10-02";"2026-01-12";"";2104,5;"A vencer"
"UNIMED SAO CARLOS";"000065790";"2025-10-02";"2026-01-12";"";1033,34;"A vencer"
"UNIMED SAO CARLOS";"000066157";"2025-10-14";"2026-01-12";"";5862,52;"A vencer"
"UNIMED SAO CARLOS";"000066706";"2025-10-30";"2026-01-30";"";10763,18;"A vencer"
"UNIMED SAO CARLOS";"000067559";"2025-11-26";"2026-01-25";"";10974;"A vencer"
"UNIMED SAO CARLOS";"000067559";"2025-11-26";"2026-02-24";"";10974;"A vencer"
"UNIMED SAO CARLOS";"000067560";"2025-11-26";"2026-01-25";"";7844,17;"A vencer"
"UNIMED SAO CARLOS";"000067560";"2025-11-26";"2026-02-24";"";7844,16;"A vencer"
"UNIMED SAO CARLOS";"000067566";"2025-11-26";"2026-01-25";"";4508,5;"A vencer"
"UNIMED SAO CARLOS";"000067566";"2025-11-26";"2026-02-24";"";4508,5;"A vencer"
"UNIMED SAO CARLOS";"000067568";"2025-11-26";"2026-01-25";"";10763,17;"A vencer"
"UNIMED SAO CARLOS";"000067568";"2025-11-26";"2026-02-24";"";10763,16;"A vencer"
"UNIMED SAO CARLOS";"000068426";"2025-12-23";"2026-01-22";"";40375;"A vencer"
"UNIMED SAO CARLOS";"000068426";"2025-12-23";"2026-02-21";"";40375;"A vencer"
"UNIMED SAO CARLOS";"000068426";"2025-12-23";"2026-03-23";"";40375;"A vencer"
"UNIMED SAO CARLOS";"000068426";"2025-12-23";"2026-04-22";"";40375;"A vencer"
"UNIMED SAO CARLOS";"000068434";"2025-12-23";"2026-01-22";"";11618;"A vencer"
"UNIMED SAO CARLOS";"000068434";"2025-12-23";"2026-02-21";"";11618;"A vencer"
"UNIMED SAO CARLOS";"000068434";"2025-12-23";"2026-03-23";"";11618;"A vencer"
"UNIMED SAO CARLOS";"000068438";"2025-12-23";"2026-01-22";"";10974;"A vencer"
"UNIMED SAO CARLOS";"000068438";"2025-12-23";"2026-02-21";"";10974;"A vencer"
"UNIMED SAO CARLOS";"000068438";"2025-12-23";"2026-03-23";"";10974;"A vencer"
"UNIMED SAO CARLOS";"000068439";"2025-12-23";"2026-01-22";"";10974;"A vencer"
"UNIMED SAO CARLOS";"000068439";"2025-12-23";"2026-02-21";"";10974;"A vencer"
"UNIMED SAO CARLOS";"000068439";"2025-12-23";"2026-03-23";"";10974;"A vencer"
"UNIMED SAO CARLOS";"000068440";"2025-12-23";"2026-01-22";"";3966,5;"A vencer"
"UNIMED SAO CARLOS";"000068440";"2025-12-23";"2026-02-21";"";3966,5;"A vencer"
"UNIMED SAO CARLOS";"000068440";"2025-12-23";"2026-03-23";"";3966,5;"A vencer"
"UNIMED SAO CARLOS";"000068441";"2025-12-23";"2026-01-22";"";3966,5;"A vencer"
"UNIMED SAO CARLOS";"000068441";"2025-12-23";"2026-02-21";"";3966,5;"A vencer"
"UNIMED SAO CARLOS";"000068441";"2025-12-23";"2026-03-23";"";3966,5;"A vencer"
"UNIMED SAO CARLOS";"000068447";"2025-12-23";"2026-01-22";"";10414;"A vencer"
"UNIMED SAO CARLOS";"000068447";"2025-12-23";"2026-02-21";"";10414;"A vencer"
"UNIMED SAO CARLOS";"000068447";"2025-12-23";"2026-03-23";"";10414;"A vencer"
"UNIMED SAO JOSE DOS";"000066083";"2025-10-10";"2026-01-08";"";5000;"A vencer"
"UNIMED-RIO";"000005317";"2024-12-16";"2025-08-16";"";21923,5;"Vencido"
"UNIMED-RIO";"000005317";"2024-12-16";"2025-09-16";"";21923,5;"Vencido"
"UNIMED-RIO";"000005317";"2024-12-16";"2025-10-16";"";21923,5;"Vencido"
"UNIMED-RIO";"000005317";"2024-12-16";"2025-11-16";"";21923,5;"Vencido"
"UNIMED-RIO";"000005317";"2024-12-16";"2025-12-16";"";21923,5;"Vencido"
"UNIMED-RIO";"000005317";"2024-12-16";"2026-01-16";"";21923,5;"A vencer"
"UNIMED-RIO";"000005317";"2024-12-16";"2026-02-16";"";21923,5;"A vencer"
"UNIMED-RIO";"000005317";"2024-12-16";"2026-03-16";"";21923,5;"A vencer"
"UNIMED-RIO";"000005317";"2024-12-16";"2026-04-16";"";21923,5;"A vencer"
"UNIMED-RIO";"000005317";"2024-12-16";"2026-05-16";"";21923,5;"A vencer"
"UNIMED-RIO";"000005317";"2024-12-16";"2026-06-16";"";21923,5;"A vencer"
"UNIMED-RIO";"000005317";"2024-12-16";"2026-07-16";"";21923,5;"A vencer"
"UNIMED-RIO";"000005317";"2024-12-16";"2026-08-16";"";21923,5;"A vencer"
"UNIMED-RIO";"000005317";"2024-12-16";"2026-09-16";"";21923,5;"A vencer"
"UNIMED-RIO";"000005317";"2024-12-16";"2026-10-16";"";21923,5;"A vencer"
"UNIMED-RIO";"000005317";"2024-12-16";"2026-11-16";"";21923,5;"A vencer"
"UNIVERSIDADE FEDERAL";"000068496";"2025-12-26";"2026-02-23";"";13900;"A vencer"
"VISION MED ASSISTENC";"000005209";"2024-12-04";"2025-01-16";"";24260;"Vencido"
"VISION MED ASSISTENC";"000005209";"2024-12-04";"2025-02-16";"";24260;"Vencido"
"VISION MED ASSISTENC";"000005209";"2024-12-04";"2025-03-16";"";24260;"Vencido"
"VISION MED ASSISTENC";"000005209";"2024-12-04";"2025-04-16";"";24260;"Vencido"
"VISION MED ASSISTENC";"000005209";"2024-12-04";"2025-05-16";"";24260;"Vencido"
"VISION MED ASSISTENC";"000005209";"2024-12-04";"2025-06-16";"";24260;"Vencido"
"VISION MED ASSISTENC";"000005209";"2024-12-04";"2025-07-16";"";24260;"Vencido"
"VISION MED ASSISTENC";"000005209";"2024-12-04";"2025-08-16";"";24260;"Vencido"
"VISION MED ASSISTENC";"000005209";"2024-12-04";"2025-09-16";"";24260;"Vencido"
"VISION MED ASSISTENC";"000005209";"2024-12-04";"2025-10-16";"";24260;"Vencido"
"VISION MED ASSISTENC";"000005209";"2024-12-04";"2025-11-16";"";24260;"Vencido"
"VS MEDICINA ESPECIAL";"000065364";"2025-09-18";"2025-10-18";"";12210;"Vencido"