Cliente;Cliente completo;Cód Domínio;Nota;Emissão;Parc.; Valor ; Vencido ;A vencer;Status
AMEPLAN ASSISTENCIA;AMEPLAN ASSISTENCIA MEDICA PLANEJADA LTDA;3564;67618;27/11/2025;3; 34.926,15 ; 11.642,05 ;23284,1;
AMIL ASSISTENCIA MED;AMIL ASSISTENCIA MEDICA INTERNACIONAL SA;3273;65895;06/10/2025;1; 44.509,28 ; -   ;44509,28;
AMIL ASSISTENCIA MED;AMIL ASSISTENCIA MEDICA INTERNACIONAL SA;3273;12646;28/11/2025;1; 8.109,28 ; -   ;8109,28;
ANGIOCOR;ANGIOCOR - SERVICO DE HEMODINAMICA LTDA;5814;56098;21/07/2025;8; 310.815,00 ; 186.180,00 ;124635;
ASSIM SAUDE;;3286;12090;07/10/2025;1; 3.040,00 ; 3.040,00 ;0;
ASSIM SAUDE;;3286;12091;07/10/2025;1; 23.125,00 ; 23.125,00 ;0;
ASSISTENCIA MEDICA E;;3001;212601;17/02/2009;1; 5.250,00 ; 5.250,00 ;0;
ASSISTENCIA MEDICA E;;3001;212602;17/02/2009;1; 5.250,00 ; 5.250,00 ;0;
ASSISTENCIA MEDICA E;;3001;6101;18/03/2009;1; 5.250,00 ; 5.250,00 ;0;
ASSISTENCIA MEDICA E;;3001;6102;18/03/2009;1; 5.250,00 ; 5.250,00 ;0;
ASSISTENCIA MEDICA E;;3001;243501;18/03/2009;1; 5.250,00 ; 5.250,00 ;0;
ASSISTENCIA MEDICA E;;3001;243502;18/03/2009;1; 5.250,00 ; 5.250,00 ;0;
ASSOCIACAO AUXILIADO;;3001;2713301;28/03/2017;1; 51.255,00 ; 51.255,00 ;0;
ASSOCIACAO BENEFICEN;ASSOCIACAO BENEFICENTE SANTA CASA DE CAMPO GRANDE;3001;49165;13/11/2023;1; 14.000,00 ; 14.000,00 ;0;
ASSOCIACAO BENEFICEN;ASSOCIACAO BENEFICENTE SANTA CASA DE CAMPO GRANDE;3001;50836;21/02/2024;1; 195,45 ; 195,45 ;0;
ASSOCIACAO BENEFICEN;ASSOCIACAO BENEFICENTE SANTA CASA DE CAMPO GRANDE;3001;50837;21/02/2024;1; 195,45 ; 195,45 ;0;
ASSOCIACAO BENEFICEN;ASSOCIACAO BENEFICENTE SANTA CASA DE CAMPO GRANDE;3001;50838;21/02/2024;1; 195,45 ; 195,45 ;0;
ASSOCIACAO BENEFICEN;ASSOCIACAO BENEFICENTE SANTA CASA DE CAMPO GRANDE;3001;50874;23/02/2024;1; 499,14 ; 499,14 ;0;
ASSOCIACAO BENEFICEN;ASSOCIACAO BENEFICENTE SANTA CASA DE CAMPO GRANDE;3001;50875;23/02/2024;1; 195,45 ; 195,45 ;0;
ASSOCIACAO BENEFICEN;ASSOCIACAO BENEFICENTE SANTA CASA DE CAMPO GRANDE;3001;50876;23/02/2024;1; 195,45 ; 195,45 ;0;
ASSOCIACAO BENEFICEN;ASSOCIACAO BENEFICENTE SANTA CASA DE CAMPO GRANDE;3001;50928;27/02/2024;1; 12.544,98 ; 12.544,98 ;0;
ASSOCIACAO BENEFICEN;ASSOCIACAO BENEFICENTE SANTA CASA DE CAMPO GRANDE;3001;50934;27/02/2024;1; 43.763,58 ; 43.763,58 ;0;
ASSOCIACAO BENEFICEN;ASSOCIACAO BENEFICENTE SANTA CASA DE CAMPO GRANDE;3001;50937;27/02/2024;1; 55.352,68 ; 55.352,68 ;0;
ASSOCIACAO BENEFICEN;ASSOCIACAO BENEFICENTE SANTA CASA DE CAMPO GRANDE;3001;51021;04/03/2024;1; 499,14 ; 499,14 ;0;
ASSOCIACAO BENEFICEN;ASSOCIACAO BENEFICENTE SANTA CASA DE CAMPO GRANDE;3001;51328;19/03/2024;1; 499,14 ; 499,14 ;0;
ASSOCIACAO BENEFICEN;ASSOCIACAO BENEFICENTE SANTA CASA DE CAMPO GRANDE;3001;51329;19/03/2024;1; 195,45 ; 195,45 ;0;
ASSOCIACAO BENEFICEN;ASSOCIACAO BENEFICENTE SANTA CASA DE CAMPO GRANDE;3001;51331;19/03/2024;1; 499,14 ; 499,14 ;0;
ASSOCIACAO BENEFICEN;ASSOCIACAO BENEFICENTE SANTA CASA DE CAMPO GRANDE;3001;51556;28/03/2024;1; 56.045,67 ; 56.045,67 ;0;
ASSOCIACAO BENEFICEN;ASSOCIACAO BENEFICENTE SANTA CASA DE CAMPO GRANDE;3001;51557;28/03/2024;1; 14.000,00 ; 14.000,00 ;0;
ASSOCIACAO BENEFICEN;ASSOCIACAO BENEFICENTE SANTA CASA DE CAMPO GRANDE;3001;51702;10/04/2024;1; 195,45 ; 195,45 ;0;
ASSOCIACAO BENEFICEN;ASSOCIACAO BENEFICENTE SANTA CASA DE CAMPO GRANDE;3001;51714;10/04/2024;1; 14.000,00 ; 14.000,00 ;0;
ASSOCIACAO BENEFICEN;ASSOCIACAO BENEFICENTE SANTA CASA DE CAMPO GRANDE;3001;51745;11/04/2024;1; 195,45 ; 195,45 ;0;
ASSOCIACAO BENEFICEN;ASSOCIACAO BENEFICENTE SANTA CASA DE CAMPO GRANDE;3001;52752;18/06/2024;1; 195,45 ; 195,45 ;0;
ASSOCIACAO BENEFICEN;ASSOCIACAO BENEFICENTE SANTA CASA DE CAMPO GRANDE;3001;52753;18/06/2024;1; 195,45 ; 195,45 ;0;
ASSOCIACAO BENEFICEN;ASSOCIACAO BENEFICENTE SANTA CASA DE CAMPO GRANDE;3001;52755;18/06/2024;1; 195,45 ; 195,45 ;0;
ASSOCIACAO BENEFICEN;ASSOCIACAO BENEFICENTE SANTA CASA DE CAMPO GRANDE;3001;53473;24/07/2024;1; 14.000,00 ; 14.000,00 ;0;
ASSOCIACAO BENEFICEN;ASSOCIACAO BENEFICENTE SANTA CASA DE CAMPO GRANDE;3001;54320;04/09/2024;1; 14.000,00 ; 14.000,00 ;0;
ASSOCIACAO BENEFICEN;ASSOCIACAO BENEFICENTE SANTA CASA DE CAMPO GRANDE;3001;54854;27/09/2024;1; 55.467,43 ; 55.467,43 ;0;
ASSOCIACAO BENEFICEN;ASSOCIACAO BENEFICENTE SANTA CASA DE CAMPO GRANDE;3001;55197;14/10/2024;1; 14.000,00 ; 14.000,00 ;0;
ASSOCIACAO BENEFICEN;ASSOCIACAO BENEFICENTE SANTA CASA DE CAMPO GRANDE;3001;62726;07/07/2025;1; 11.200,00 ; 11.200,00 ;0;
ASSOCIACAO HOSPITALA;ASSOCIACAO HOSPITALAR CASA DE SAUDE DE SANTOS;5922;66729;31/10/2025;4; 73.660,00 ; 36.830,00 ;36830;
ATIVA MEDICAL COMERC;;3001;49006;30/10/2023;2; 78.000,00 ; 78.000,00 ;0;
ATIVIA SERVICOS DE S;;3001;47567;20/07/2023;1; 20.150,00 ; 20.150,00 ;0;
ATIVIA SERVICOS DE S;;3001;47665;27/07/2023;1; 38.990,00 ; 38.990,00 ;0;
ATIVIA SERVICOS DE S;;3001;52346;24/05/2024;4; 175.700,00 ; 175.700,00 ;0;
AUSTACLINICAS ASSIST;AUSTACLINICAS ASSISTENCIA MEDICA E HOSPITALAR LTDA;3222;66715;30/10/2025;1; 39.860,00 ; 39.860,00 ;0;
AUSTACOR;AUSTACOR - SERVICO ESPECIALIZADO DE HEMODINAMICA LTDA;5924;68460;23/12/2025;1; 38.060,00 ; -   ;38060;
BANCO BRADESCO S.A.;;3283;4367601;25/04/2022;1; 108.761,94 ; 108.761,94 ;0;
BANCO BRADESCO S.A.;;3283;4367602;25/04/2022;1; 108.761,94 ; 108.761,94 ;0;
BANCO BRADESCO S.A.;;3283;4386001;08/07/2022;1; 121.396,75 ; 121.396,75 ;0;
BANCO BRADESCO S.A.;;3283;4459701;07/10/2022;1; 70.000,00 ; 70.000,00 ;0;
BANCO DO BRASIL S.A.;Banco do Brasil S.A.;3001;4692301;01/06/2023;1; 71.100,00 ; 71.100,00 ;0;
BIOCATH;BIOCATH COMERCIO DE PRODUTOS HOSPITALARES LTDA;3452;68006;09/12/2025;1; 1.845,00 ; -   ;1845;
BIOMEDICAL - BAHIA;;3001;844902;31/08/2012;1; 17.887,50 ; 17.887,50 ;0;
BIOMEDICAL - BAHIA;;3001;844903;31/08/2012;1; 17.887,50 ; 17.887,50 ;0;
BIOMEDICAL - BAHIA;;3001;844904;31/08/2012;1; 17.887,50 ; 17.887,50 ;0;
BIOMEDICAL - BAHIA;;3001;864001;17/09/2012;1; 6.750,00 ; 6.750,00 ;0;
BIOMEDICAL - BAHIA;;3001;864002;17/09/2012;1; 6.750,00 ; 6.750,00 ;0;
BIOMEDICAL - BAHIA;;3001;864003;17/09/2012;1; 6.750,00 ; 6.750,00 ;0;
BIOMEDICAL - BAHIA;;3001;864004;17/09/2012;1; 6.750,00 ; 6.750,00 ;0;
BIOMEDICAL - BAHIA;;3001;894301;09/10/2012;1; 1.500,00 ; 1.500,00 ;0;
BIOMEDICAL - BAHIA;;3001;894302;09/10/2012;1; 1.500,00 ; 1.500,00 ;0;
BIOMEDICAL - BAHIA;;3001;894303;09/10/2012;1; 1.500,00 ; 1.500,00 ;0;
BIOMEDICAL - BAHIA;;3001;894304;09/10/2012;1; 1.500,00 ; 1.500,00 ;0;
BIOMEDICAL - BAHIA;;3001;896901;11/10/2012;1; 11.425,00 ; 11.425,00 ;0;
BIOMEDICAL - BAHIA;;3001;896902;11/10/2012;1; 11.425,00 ; 11.425,00 ;0;
BIOMEDICAL - BAHIA;;3001;896903;11/10/2012;1; 11.425,00 ; 11.425,00 ;0;
BIOMEDICAL - BAHIA;;3001;896904;11/10/2012;1; 11.425,00 ; 11.425,00 ;0;
BIOMEDICAL - BAHIA;;3001;906901;19/10/2012;1; 350,00 ; 350,00 ;0;
BIOMEDICAL - BAHIA;;3001;906903;19/10/2012;1; 350,00 ; 350,00 ;0;
BIOMEDICAL - BAHIA;;3001;906904;19/10/2012;1; 350,00 ; 350,00 ;0;
BIOMEDICAL - BAHIA;;3001;912801;25/10/2012;1; 769,76 ; 769,76 ;0;
BIOMEDICAL - BAHIA;;3001;912803;25/10/2012;1; 769,75 ; 769,75 ;0;
BIOMEDICAL - BAHIA;;3001;912804;25/10/2012;1; 769,75 ; 769,75 ;0;
BIOMEDICAL - BAHIA;;3001;844901;17/12/2012;1; 5.887,50 ; 5.887,50 ;0;
BOM SAMARITANO;ASSOCIACAO BENEFICENTE BOM SAMARITANO;3150;55868;11/11/2024;1; 153.000,00 ; 153.000,00 ;0;
BOM SAMARITANO;ASSOCIACAO BENEFICENTE BOM SAMARITANO;3150;62132;18/06/2025;1; 240,38 ; 240,38 ;0;
BOM SAMARITANO;ASSOCIACAO BENEFICENTE BOM SAMARITANO;3150;67672;28/11/2025;1; 30.670,40 ; -   ;30670,4;
BOM SAMARITANO;ASSOCIACAO BENEFICENTE BOM SAMARITANO;3150;67674;28/11/2025;1; 13.354,32 ; -   ;13354,32;
BOM SAMARITANO;ASSOCIACAO BENEFICENTE BOM SAMARITANO;3150;67788;02/12/2025;1; 43.508,80 ; -   ;43508,8;
BOM SAMARITANO;ASSOCIACAO BENEFICENTE BOM SAMARITANO;3150;67789;02/12/2025;1; 43.313,35 ; -   ;43313,35;
BOM SAMARITANO;ASSOCIACAO BENEFICENTE BOM SAMARITANO;3150;67890;05/12/2025;1; 240,38 ; -   ;240,38;
BRUNO LEONARDO SANTO;BRUNO LEONARDO SANTOS FONTES;5819;63641;04/08/2025;1; 15.214,80 ; 15.214,80 ;0;
CABERJ INTEGRAL SAUD;CABERJ INTEGRAL SAUDE S;3453;11126;21/07/2025;1; 8.023,00 ; 8.023,00 ;0;
CASA DE SAUDE NOSSA;CASA DE SAUDE NOSSA SENHORA DO CARMO;3380;11926;25/09/2025;1; 93.540,00 ; -   ;93540;
CASA DE SAUDE NOSSA;CASA DE SAUDE NOSSA SENHORA DO CARMO;3380;12019;02/10/2025;1; 24.255,80 ; -   ;24255,8;
CASA DE SAUDE SANTA;CASA DE SAUDE SANTA MARCELINA;3145;67858;04/12/2025;1; 29.793,58 ; -   ;29793,58;
CASSEMS;CAIXA DE ASSIST DOS SERV DO ESTADO DE MA;3187;63086;18/07/2025;1; 192.200,00 ; 192.200,00 ;0;
CASSI SAO PAULO - SP;;3356;68090;11/12/2025;1; 31.180,29 ; -   ;31180,29;
CENTRO MEDICO SANTA;;5820;61712;05/06/2025;4; 50.060,00 ; 50.060,00 ;0;
CENTRO MEDICO SANTA;;5820;64284;22/08/2025;5; 71.500,00 ; 71.500,00 ;0;
CENTRO TRASMONTANO D;CENTRO TRASMONTANO DE SAO PAULO;3617;68091;11/12/2025;1; 32.500,00 ; -   ;32500;
CLINICA MÉDICA NOSSA;;3001;250101;25/03/2009;1; 2.034,50 ; 2.034,50 ;0;
COMPLEXO HOSPITALAR;;3125;11641;01/09/2025;1; 90.000,00 ; 90.000,00 ;0;
COMPLEXO HOSPITALAR;;3125;12735;18/12/2025;1; 4.690,00 ; -   ;4690;
CRUZ VERMELHA BRASIL;CRUZ VERMELHA BRASILEIRA - FILIAL DO ESTADO DO PARANA;3524;62238;23/06/2025;1; 132.300,00 ; 132.300,00 ;0;
CRUZ VERMELHA BRASIL;CRUZ VERMELHA BRASILEIRA - FILIAL DO ESTADO DO PARANA;3524;65334;18/09/2025;1; 44.034,00 ; -   ;44034;
CRUZ VERMELHA BRASIL;CRUZ VERMELHA BRASILEIRA - FILIAL DO ESTADO DO PARANA;3524;65397;19/09/2025;1; 77.996,00 ; -   ;77996;
CRUZ VERMELHA BRASIL;CRUZ VERMELHA BRASILEIRA - FILIAL DO ESTADO DO PARANA;3524;68546;30/12/2025;1; 56.249,23 ; -   ;56249,23;
EDSON DOS SANTOS MAR;EDSON DOS SANTOS MARKETING E PROM. DE VENDAS;5826;202224;09/06/2022;1; 8.102,00 ; -   ;8102;
EDSON DOS SANTOS MAR;EDSON DOS SANTOS MARKETING E PROM. DE VENDAS;5826;202233;09/06/2022;1; 8.102,00 ; 8.102,00 ;0;
EDSON DOS SANTOS MAR;EDSON DOS SANTOS MARKETING E PROM. DE VENDAS;5826;202234;09/06/2022;1; 8.102,00 ; 8.102,00 ;0;
EDSON DOS SANTOS MAR;EDSON DOS SANTOS MARKETING E PROM. DE VENDAS;5826;202235;09/06/2022;1; 8.102,00 ; 8.102,00 ;0;
EDSON DOS SANTOS MAR;EDSON DOS SANTOS MARKETING E PROM. DE VENDAS;5826;202237;09/06/2022;1; 8.102,00 ; 8.102,00 ;0;
FAJ;Fundação Adib Jatene;3433;65799;02/10/2025;1; 29.763,58 ; -   ;29763,58;
FAJ;Fundação Adib Jatene;3433;67242;14/11/2025;1; 14.000,00 ; -   ;14000;
FAJ;Fundação Adib Jatene;3433;67823;03/12/2025;1; 30.377,47 ; -   ;30377,47;
FAJ;Fundação Adib Jatene;3433;68322;18/12/2025;1; 29.763,58 ; -   ;29763,58;
FAJ;Fundação Adib Jatene;3433;68562;30/12/2025;1; 29.763,58 ; -   ;29763,58;
FENIX MEDICAL;R.M.I. OPERADORA DE SAUDE INTEGRADA LTDA.;3367;65858;03/10/2025;1; 4.888,66 ; -   ;4888,66;
FENIX MEDICAL;R.M.I. OPERADORA DE SAUDE INTEGRADA LTDA.;3367;68450;23/12/2025;4; 39.289,00 ; -   ;39289;
FOR LIFE MATERIAIS H;FOR LIFE MATERIAIS HOSPITALARES LTDA;3001;65150;11/09/2025;1; 97.675,00 ; 97.675,00 ;0;
FUNDACAO BAHIANA DE;FUNDACAO BAHIANA DE CARDIOLOGIA;3585;4142501;07/01/2021;1; 3.000,00 ; 3.000,00 ;0;
FUNDACAO BAHIANA DE;FUNDACAO BAHIANA DE CARDIOLOGIA;3585;4143001;08/01/2021;1; 600,00 ; 600,00 ;0;
FUNDACAO BAHIANA DE;FUNDACAO BAHIANA DE CARDIOLOGIA;3585;4159401;29/01/2021;1; 1.200,00 ; 1.200,00 ;0;
FUNDACAO BAHIANA DE;FUNDACAO BAHIANA DE CARDIOLOGIA;3585;4159501;29/01/2021;1; 2.000,00 ; 2.000,00 ;0;
FUNDACAO BAHIANA DE;FUNDACAO BAHIANA DE CARDIOLOGIA;3585;4159601;29/01/2021;1; 2.600,00 ; 2.600,00 ;0;
FUNDACAO BAHIANA DE;FUNDACAO BAHIANA DE CARDIOLOGIA;3585;4181701;08/03/2021;1; 2.000,00 ; 2.000,00 ;0;
FUNDACAO BAHIANA DE;FUNDACAO BAHIANA DE CARDIOLOGIA;3585;4181801;08/03/2021;1; 600,00 ; 600,00 ;0;
FUNDACAO BAHIANA DE;FUNDACAO BAHIANA DE CARDIOLOGIA;3585;4187201;19/03/2021;1; 2.000,00 ; 2.000,00 ;0;
FUNDACAO BAHIANA DE;FUNDACAO BAHIANA DE CARDIOLOGIA;3585;4195601;30/03/2021;1; 1.200,00 ; 1.200,00 ;0;
FUNDACAO BAHIANA DE;FUNDACAO BAHIANA DE CARDIOLOGIA;3585;4195701;30/03/2021;1; 600,00 ; 600,00 ;0;
FUNDACAO BAHIANA DE;FUNDACAO BAHIANA DE CARDIOLOGIA;3585;4195801;30/03/2021;1; 2.000,00 ; 2.000,00 ;0;
FUNDACAO BAHIANA DE;FUNDACAO BAHIANA DE CARDIOLOGIA;3585;4195901;30/03/2021;1; 2.000,00 ; 2.000,00 ;0;
FUNDACAO BAHIANA DE;FUNDACAO BAHIANA DE CARDIOLOGIA;3585;4197301;31/03/2021;1; 2.000,00 ; 2.000,00 ;0;
FUNDACAO BAHIANA DE;FUNDACAO BAHIANA DE CARDIOLOGIA;3585;4197401;31/03/2021;1; 600,00 ; 600,00 ;0;
FUNDACAO BAHIANA DE;FUNDACAO BAHIANA DE CARDIOLOGIA;3585;4203101;09/04/2021;1; 600,00 ; 600,00 ;0;
FUNDACAO BAHIANA DE;FUNDACAO BAHIANA DE CARDIOLOGIA;3585;4203201;09/04/2021;1; 600,00 ; 600,00 ;0;
FUNDACAO BAHIANA DE;FUNDACAO BAHIANA DE CARDIOLOGIA;3585;4203301;09/04/2021;1; 600,00 ; 600,00 ;0;
FUNDACAO BAHIANA DE;FUNDACAO BAHIANA DE CARDIOLOGIA;3585;4205401;14/04/2021;1; 600,00 ; 600,00 ;0;
FUNDACAO BAHIANA DE;FUNDACAO BAHIANA DE CARDIOLOGIA;3585;4209601;23/04/2021;1; 600,00 ; 600,00 ;0;
FUNDACAO BAHIANA DE;FUNDACAO BAHIANA DE CARDIOLOGIA;3585;4217701;06/05/2021;1; 2.000,00 ; 2.000,00 ;0;
FUNDACAO BAHIANA DE;FUNDACAO BAHIANA DE CARDIOLOGIA;3585;4217801;06/05/2021;1; 2.000,00 ; 2.000,00 ;0;
FUNDACAO BAHIANA DE;FUNDACAO BAHIANA DE CARDIOLOGIA;3585;26401;05/08/2021;1; 600,00 ; 600,00 ;0;
FUNDACAO BAHIANA DE;FUNDACAO BAHIANA DE CARDIOLOGIA;3585;26501;05/08/2021;1; 600,00 ; 600,00 ;0;
FUNDACAO BAHIANA DE;FUNDACAO BAHIANA DE CARDIOLOGIA;3585;4483701;28/10/2022;1; 6.520,00 ; 6.520,00 ;0;
FUNDACAO BAHIANA DE;FUNDACAO BAHIANA DE CARDIOLOGIA;3585;4483801;28/10/2022;1; 6.520,00 ; 6.520,00 ;0;
FUNDACAO BAHIANA DE;FUNDACAO BAHIANA DE CARDIOLOGIA;3585;4536201;04/01/2023;1; 4.720,00 ; 4.720,00 ;0;
FUNDACAO BAHIANA DE;FUNDACAO BAHIANA DE CARDIOLOGIA;3585;4592601;10/03/2023;1; 3.824,80 ; 3.824,80 ;0;
FUNDACAO BAHIANA DE;FUNDACAO BAHIANA DE CARDIOLOGIA;3585;4621901;06/04/2023;1; 7.760,00 ; 7.760,00 ;0;
FUNDACAO BAHIANA DE;FUNDACAO BAHIANA DE CARDIOLOGIA;3585;65204;12/09/2025;1; 14.000,00 ; 14.000,00 ;0;
FUNDACAO BAHIANA DE;FUNDACAO BAHIANA DE CARDIOLOGIA;3585;65207;12/09/2025;1; 55.200,00 ; 55.200,00 ;0;
FUNDACAO FELÍCIO ROC;Fundacao Felice Rosso;3174;66006;08/10/2025;1; 172.052,00 ; -   ;172052;
FUNDACAO FELÍCIO ROC;Fundacao Felice Rosso;3174;67550;26/11/2025;1; 22.800,00 ; -   ;22800;
FUSVE;;5727;11505;20/08/2025;1; 32.990,00 ; 32.990,00 ;0;
FUSVE;;5727;11506;20/08/2025;1; 3.840,00 ; 3.840,00 ;0;
FUSVE;;5727;11507;20/08/2025;1; 3.840,00 ; 3.840,00 ;0;
FUSVE;;5727;11508;20/08/2025;1; 3.840,00 ; 3.840,00 ;0;
FUSVE;;5727;11509;20/08/2025;1; 32.990,00 ; 32.990,00 ;0;
FUSVE;;5727;12034;03/10/2025;1; 5.740,00 ; 5.740,00 ;0;
FUSVE;;5727;12035;03/10/2025;1; 5.740,00 ; 5.740,00 ;0;
FUSVE;;5727;12036;03/10/2025;1; 30.712,45 ; 30.712,45 ;0;
FUSVE;;5727;12037;03/10/2025;1; 5.240,00 ; 5.240,00 ;0;
FUSVE;;5727;12038;03/10/2025;1; 3.840,00 ; 3.840,00 ;0;
FUSVE;;5727;12043;03/10/2025;1; 6.920,00 ; 6.920,00 ;0;
FUSVE;;5727;12044;03/10/2025;1; 7.100,00 ; 7.100,00 ;0;
FUSVE;;5727;12327;30/10/2025;1; 3.840,00 ; 3.840,00 ;0;
FUSVE;;5727;12328;30/10/2025;1; 3.840,00 ; 3.840,00 ;0;
FUSVE;;5727;12329;30/10/2025;1; 32.990,00 ; 32.990,00 ;0;
FUSVE;;5727;12330;30/10/2025;1; 3.840,00 ; 3.840,00 ;0;
FUSVE;;5727;12331;30/10/2025;1; 6.920,00 ; 6.920,00 ;0;
FUSVE;;5727;12332;30/10/2025;1; 16.840,00 ; 16.840,00 ;0;
FUSVE;;5727;12333;30/10/2025;1; 12.620,00 ; 12.620,00 ;0;
FUSVE;;5727;12334;30/10/2025;1; 5.740,00 ; 5.740,00 ;0;
G E R;;3001;35001;19/09/2014;1; 5.920,00 ; 5.920,00 ;0;
GERENCIA REGIONAL DO;;5890;4401302;30/06/2022;1; 36.100,00 ; 36.100,00 ;0;
GERENCIA REGIONAL DO;;5890;4460801;30/09/2022;1; 5.780,00 ; 5.780,00 ;0;
GERENCIA REGIONAL DO;;5890;4490701;08/11/2022;1; 80,00 ; 80,00 ;0;
GERENCIA REGIONAL DO;;5890;4502901;25/11/2022;1; 156.171,40 ; 156.171,40 ;0;
GERENCIA REGIONAL DO;;5890;6499;03/04/2024;1; 20.861,66 ; 20.861,66 ;0;
GERENCIA REGIONAL DO;;5890;8143;10/10/2024;1; 8.070,00 ; 8.070,00 ;0;
GERENCIA REGIONAL DO;;5890;8144;10/10/2024;1; 20.150,00 ; 20.150,00 ;0;
GERENCIA REGIONAL DO;;5890;8146;10/10/2024;1; 10.929,00 ; 10.929,00 ;0;
GERENCIA REGIONAL DO;;5890;8148;10/10/2024;1; 7.450,00 ; 7.450,00 ;0;
GERENCIA REGIONAL DO;;5890;8149;10/10/2024;1; 6.273,50 ; 6.273,50 ;0;
GERENCIA REGIONAL DO;;5890;8343;01/11/2024;1; 13.295,00 ; 13.295,00 ;0;
GERENCIA REGIONAL DO;;5890;8409;05/11/2024;1; 20.419,50 ; 20.419,50 ;0;
GERENCIA REGIONAL DO;;5890;8416;05/11/2024;1; 1.966,50 ; 1.966,50 ;0;
GERENCIA REGIONAL DO;;5890;8422;05/11/2024;1; 71.500,00 ; 71.500,00 ;0;
GERENCIA REGIONAL DO;;5890;8424;05/11/2024;1; 9.723,50 ; 9.723,50 ;0;
GERENCIA REGIONAL DO;;5890;8426;05/11/2024;1; 20.276,50 ; 20.276,50 ;0;
GERENCIA REGIONAL DO;;5890;8430;05/11/2024;1; 6.273,50 ; 6.273,50 ;0;
GERENCIA REGIONAL DO;;5890;8434;06/11/2024;1; 8.240,00 ; 8.240,00 ;0;
GERENCIA REGIONAL DO;;5890;8437;06/11/2024;1; 17.440,00 ; 17.440,00 ;0;
GERENCIA REGIONAL DO;;5890;8439;06/11/2024;1; 110.000,00 ; 110.000,00 ;0;
GERENCIA REGIONAL DO;;5890;8443;06/11/2024;1; 17.310,00 ; 17.310,00 ;0;
GERENCIA REGIONAL DO;;5890;8444;06/11/2024;1; 132.456,00 ; 132.456,00 ;0;
GERENCIA REGIONAL DO;;5890;8445;06/11/2024;1; 129.700,00 ; 129.700,00 ;0;
GERENCIA REGIONAL DO;;5890;8447;06/11/2024;1; 20.370,00 ; 20.370,00 ;0;
GERENCIA REGIONAL DO;;5890;8448;06/11/2024;1; 105.610,00 ; 105.610,00 ;0;
GERENCIA REGIONAL DO;;5890;8449;06/11/2024;1; 11.040,00 ; 11.040,00 ;0;
GERENCIA REGIONAL DO;;5890;8457;06/11/2024;1; 200,00 ; 200,00 ;0;
GERENCIA REGIONAL DO;;5890;8472;07/11/2024;1; 20.073,50 ; 20.073,50 ;0;
GERENCIA REGIONAL DO;;5890;8474;07/11/2024;1; 63.050,00 ; 63.050,00 ;0;
GERENCIA REGIONAL DO;;5890;8478;07/11/2024;1; 300,00 ; 300,00 ;0;
GERENCIA REGIONAL DO;;5890;8486;07/11/2024;1; 20.380,00 ; 20.380,00 ;0;
GERENCIA REGIONAL DO;;5890;12061;06/10/2025;1; 16.704,54 ; 16.704,54 ;0;
GERENCIA REGIONAL DO;;5890;12065;06/10/2025;1; 30.078,91 ; 30.078,91 ;0;
GERENCIA REGIONAL DO;;5890;12067;06/10/2025;1; 32.796,46 ; 32.796,46 ;0;
GERENCIA REGIONAL DO;;5890;12076;07/10/2025;1; 34.142,54 ; 34.142,54 ;0;
GERENCIA REGIONAL DO;;5890;12702;10/12/2025;1; 7.119,82 ; -   ;7119,82;
GERENCIA REGIONAL DO;;5890;68068;10/12/2025;1; 19.067,60 ; -   ;19067,6;
GRUPO CEMERU SAUDE;;3001;4543;24/07/2023;1; 9.430,00 ; 9.430,00 ;0;
GS - PLANO GLOBAL DE;GS - PLANO GLOBAL DE SAUDE LTDA;3665;12158;14/10/2025;2; 20.214,48 ; -   ;20214,48;
HCOR - HOSPITAL DO C;Associacao Beneficente Siria;3158;65170;11/09/2025;1; 118.600,00 ; 118.600,00 ;0;
HELENA DE LIMA BRAGA;HELENA DE LIMA BRAGA;3211;65237;15/09/2025;1; 189.480,00 ; 189.480,00 ;0;
HEMOBAHIA;;3001;2936104;30/01/2018;1; 675,00 ; 675,00 ;0;
HEMOBAHIA;;3001;2960101;26/02/2018;1; 2.700,00 ; 2.700,00 ;0;
HEMOBAHIA;;3001;2960102;26/02/2018;1; 2.700,00 ; 2.700,00 ;0;
HEMOBAHIA;;3001;2960103;26/02/2018;1; 2.700,00 ; 2.700,00 ;0;
HEMOBAHIA;;3001;2960104;26/02/2018;1; 2.700,00 ; 2.700,00 ;0;
HEMOBAHIA;;3001;2997801;22/03/2018;1; 1.350,00 ; 1.350,00 ;0;
HEMOBAHIA;;3001;2997802;22/03/2018;1; 1.350,00 ; 1.350,00 ;0;
HEMOBAHIA;;3001;2997803;22/03/2018;1; 1.350,00 ; 1.350,00 ;0;
HEMOBAHIA;;3001;2997804;22/03/2018;1; 1.350,00 ; 1.350,00 ;0;
HEMOBAHIA;;3001;3006001;29/03/2018;1; 675,00 ; 675,00 ;0;
HEMOBAHIA;;3001;3006002;29/03/2018;1; 675,00 ; 675,00 ;0;
HEMOBAHIA;;3001;3006003;29/03/2018;1; 675,00 ; 675,00 ;0;
HEMOBAHIA;;3001;3006004;29/03/2018;1; 675,00 ; 675,00 ;0;
HEMOBAHIA;;3001;3114501;19/06/2018;1; 675,00 ; 675,00 ;0;
HEMOBAHIA;;3001;3114502;19/06/2018;1; 675,00 ; 675,00 ;0;
HEMOBAHIA;;3001;3114503;19/06/2018;1; 675,00 ; 675,00 ;0;
HEMOBAHIA;;3001;3114504;19/06/2018;1; 675,00 ; 675,00 ;0;
HEMOBAHIA;;3001;3242701;18/09/2018;1; 675,00 ; 675,00 ;0;
HEMOBAHIA;;3001;3242702;18/09/2018;1; 675,00 ; 675,00 ;0;
HEMOBAHIA;;3001;3242703;18/09/2018;1; 675,00 ; 675,00 ;0;
HEMOBAHIA;;3001;3242704;18/09/2018;1; 675,00 ; 675,00 ;0;
HEMOCOR;;3001;1992403;22/09/2015;1; 3.800,00 ; 3.800,00 ;0;
HEMOCOR;;3001;1992502;22/09/2015;1; 18.900,00 ; 18.900,00 ;0;
HEMOCOR;;3001;2048603;06/11/2015;1; 17.850,00 ; 17.850,00 ;0;
HEMOCOR;;3001;2048702;06/11/2015;1; 23.800,00 ; 23.800,00 ;0;
HEMOCOR;;3001;2052002;11/11/2015;1; 11.900,00 ; 11.900,00 ;0;
HEMOCOR;;3001;2058102;13/11/2015;1; 5.950,00 ; 5.950,00 ;0;
HEMOCOR;;3001;2060902;17/11/2015;1; 11.900,00 ; 11.900,00 ;0;
HEMOCOR;;3001;2123802;18/01/2016;1; 5.950,00 ; 5.950,00 ;0;
HEMOCOR;;3001;2131402;26/01/2016;1; 5.950,00 ; 5.950,00 ;0;
HEMOCOR;;3001;2170503;23/02/2016;1; 4.892,50 ; 4.892,50 ;0;
HOSP CASA SAO BERNAR;;3001;5181;16/10/2023;1; 15.531,00 ; 15.531,00 ;0;
HOSP REGIONAL DE SOR;;3110;67056;07/11/2025;1; 4.180,00 ; -   ;4180;
HOSP REGIONAL DE SOR;;3110;67059;07/11/2025;1; 4.180,00 ; -   ;4180;
HOSP REGIONAL DE SOR;;3110;67062;07/11/2025;1; 7.260,00 ; -   ;7260;
HOSP REGIONAL DE SOR;;3110;67512;25/11/2025;1; 7.799,00 ; -   ;7799;
HOSP REGIONAL DE SOR;;3110;67513;25/11/2025;1; 4.334,00 ; -   ;4334;
HOSP REGIONAL DE SOR;;3110;67515;25/11/2025;1; 4.334,00 ; -   ;4334;
HOSP. CASA EVANGELIC;;3001;298301;27/12/2022;1; 105.756,00 ; 105.756,00 ;0;
HOSPITAL ANGELINA CA;SOCIEDADE HOSPITALAR ANGELINA CARON;3252;65763;01/10/2025;1; 40.749,10 ; 40.749,10 ;0;
HOSPITAL ANGELINA CA;SOCIEDADE HOSPITALAR ANGELINA CARON;3252;65778;02/10/2025;1; 14.467,86 ; -   ;14467,86;
HOSPITAL ANGELINA CA;SOCIEDADE HOSPITALAR ANGELINA CARON;3252;66868;04/11/2025;1; 41.147,09 ; -   ;41147,09;
HOSPITAL ANGELINA CA;SOCIEDADE HOSPITALAR ANGELINA CARON;3252;67169;12/11/2025;1; 13.883,19 ; -   ;13883,19;
HOSPITAL ANGELINA CA;SOCIEDADE HOSPITALAR ANGELINA CARON;3252;67599;27/11/2025;1; 53.064,82 ; -   ;53064,82;
HOSPITAL ANGELINA CA;SOCIEDADE HOSPITALAR ANGELINA CARON;3252;67600;27/11/2025;1; 41.332,76 ; -   ;41332,76;
HOSPITAL ANGELINA CA;SOCIEDADE HOSPITALAR ANGELINA CARON;3252;67785;02/12/2025;1; 24.206,80 ; -   ;24206,8;
HOSPITAL ASSUNCAO;;3001;4415401;29/07/2022;1; 85.930,50 ; 85.930,50 ;0;
HOSPITAL BARRA D'OR;;3589;11735;11/09/2025;1; 147.853,00 ; -   ;147853;
HOSPITAL BENEFICENTE;ASSOCIACAO BENEFICENTE HOSPITAL UNIVERSITARIO;3147;67872;04/12/2025;2; 62.765,00 ; -   ;62765;
HOSPITAL BENEFICIENC;;3136;67491;24/11/2025;1; 320.000,00 ; -   ;320000;
HOSPITAL BENEFICIENC;;3136;67869;04/12/2025;1; 111.840,73 ; -   ;111840,73;
HOSPITAL BENEFICIENC;;3136;68250;17/12/2025;1; 117.036,53 ; -   ;117036,53;
HOSPITAL CEPOG LTDA;HOSPITAL CEPOG LTDA;3143;64220;20/08/2025;1; 6.300,00 ; -   ;6300;
HOSPITAL CEPOG LTDA;HOSPITAL CEPOG LTDA;3143;68497;26/12/2025;3; 18.400,00 ; -   ;18400;
HOSPITAL COPA DOR ST;;3001;6345;07/03/2024;1; 7.371,00 ; 7.371,00 ;0;
HOSPITAL DA BAHIA;HBA SA ASSISTENCIA MEDICA E HOSPITALAR;3202;64491;27/08/2025;1; 73.500,00 ; 73.500,00 ;0;
HOSPITAL DA FUNDACAO;HOSPITAL DA FUNDACAO CASA DE CARIDADE DE SAO LOURENCO;3123;67094;10/11/2025;1; 43.899,21 ; -   ;43899,21;
HOSPITAL DA FUNDACAO;HOSPITAL DA FUNDACAO CASA DE CARIDADE DE SAO LOURENCO;3123;67803;02/12/2025;1; 50.270,06 ; -   ;50270,06;
HOSPITAL DE BASE;Fundação Faculdade Regional de Medicina S.J.Rio Preto;3113;64919;04/09/2025;1; 15.750,00 ; -   ;15750;
HOSPITAL DE BASE;Fundação Faculdade Regional de Medicina S.J.Rio Preto;3113;65793;02/10/2025;1; 34.200,00 ; -   ;34200;
HOSPITAL DE BASE;Fundação Faculdade Regional de Medicina S.J.Rio Preto;3113;65860;03/10/2025;1; 26.600,00 ; -   ;26600;
HOSPITAL DE BASE;Fundação Faculdade Regional de Medicina S.J.Rio Preto;3113;66240;16/10/2025;1; 38.630,20 ; -   ;38630,2;
HOSPITAL DE BASE;Fundação Faculdade Regional de Medicina S.J.Rio Preto;3113;66241;16/10/2025;1; 27.339,72 ; -   ;27339,72;
HOSPITAL DE BASE;Fundação Faculdade Regional de Medicina S.J.Rio Preto;3113;66424;22/10/2025;1; 5.213,00 ; -   ;5213;
HOSPITAL DE BASE;Fundação Faculdade Regional de Medicina S.J.Rio Preto;3113;66899;04/11/2025;1; 17.500,00 ; -   ;17500;
HOSPITAL DE BASE;Fundação Faculdade Regional de Medicina S.J.Rio Preto;3113;67551;26/11/2025;1; 38.630,20 ; -   ;38630,2;
HOSPITAL DE BASE;Fundação Faculdade Regional de Medicina S.J.Rio Preto;3113;67552;26/11/2025;1; 12.600,00 ; -   ;12600;
HOSPITAL DE BASE;Fundação Faculdade Regional de Medicina S.J.Rio Preto;3113;67555;26/11/2025;1; 38.630,20 ; -   ;38630,2;
HOSPITAL DE BASE;Fundação Faculdade Regional de Medicina S.J.Rio Preto;3113;67678;28/11/2025;1; 68.850,00 ; -   ;68850;
HOSPITAL DE CLINICAS;Hospital de Clinicas;3242;66679;30/10/2025;1; 55.467,43 ; -   ;55467,43;
HOSPITAL DE CLINICAS;Hospital de Clinicas;3242;66929;05/11/2025;1; 480,76 ; -   ;480,76;
HOSPITAL DE CLINICAS;Hospital de Clinicas;3242;66930;05/11/2025;1; 42.308,56 ; -   ;42308,56;
HOSPITAL DE CLINICAS;Hospital de Clinicas;3242;67602;27/11/2025;1; 30.244,34 ; -   ;30244,34;
HOSPITAL DE CLINICAS;Hospital de Clinicas;3242;68557;30/12/2025;1; 42.922,45 ; -   ;42922,45;
HOSPITAL DE CLINICAS;Hospital de Clinicas;3242;68558;30/12/2025;1; 42.308,56 ; -   ;42308,56;
HOSPITAL DE CLINICAS;Hospital de Clinicas;3242;68559;30/12/2025;1; 42.308,56 ; -   ;42308,56;
HOSPITAL DO SERVIDOR;HOSPITAL DO SERVIDOR PUBLICO MUNICIPAL;3144;67011;06/11/2025;1; 31.613,34 ; 31.613,34 ;0;
HOSPITAL DOM JOAQUIM;INSTITUTO MARIA SCHMITT DE DESENVOLVIMENTO DE ENSINO, ASSISTENCIA SOCIAL E SAUDE DO CIDADAO;3576;66521;24/10/2025;1; 14.240,38 ; -   ;14240,38;
HOSPITAL DOM JOAQUIM;INSTITUTO MARIA SCHMITT DE DESENVOLVIMENTO DE ENSINO, ASSISTENCIA SOCIAL E SAUDE DO CIDADAO;3576;66770;31/10/2025;1; 43.403,21 ; -   ;43403,21;
HOSPITAL DOM JOAQUIM;INSTITUTO MARIA SCHMITT DE DESENVOLVIMENTO DE ENSINO, ASSISTENCIA SOCIAL E SAUDE DO CIDADAO;3576;66779;31/10/2025;1; 14.435,83 ; -   ;14435,83;
HOSPITAL DOM JOAQUIM;INSTITUTO MARIA SCHMITT DE DESENVOLVIMENTO DE ENSINO, ASSISTENCIA SOCIAL E SAUDE DO CIDADAO;3576;67036;07/11/2025;1; 43.508,80 ; -   ;43508,8;
HOSPITAL DOM JOAQUIM;INSTITUTO MARIA SCHMITT DE DESENVOLVIMENTO DE ENSINO, ASSISTENCIA SOCIAL E SAUDE DO CIDADAO;3576;67037;07/11/2025;1; 43.508,80 ; -   ;43508,8;
HOSPITAL DOM JOAQUIM;INSTITUTO MARIA SCHMITT DE DESENVOLVIMENTO DE ENSINO, ASSISTENCIA SOCIAL E SAUDE DO CIDADAO;3576;67038;07/11/2025;1; 43.508,80 ; -   ;43508,8;
HOSPITAL E CLINICA S;;3297;11823;17/09/2025;1; 128.000,00 ; -   ;128000;
HOSPITAL E CLINICA S;;3297;12700;10/12/2025;1; 97.403,70 ; -   ;97403,7;
HOSPITAL E MATERNIDA;HOSPITAL E MATERNIDADE DR CHRISTOVAO DA GAMA S A;3114;179901;23/12/2008;1; 14.600,00 ; 14.600,00 ;0;
HOSPITAL E MATERNIDA;HOSPITAL E MATERNIDADE DR CHRISTOVAO DA GAMA S A;3114;180301;24/12/2008;1; 7.300,00 ; 7.300,00 ;0;
HOSPITAL E MATERNIDA;HOSPITAL E MATERNIDADE DR CHRISTOVAO DA GAMA S A;3114;52802;19/06/2024;1; 30.724,00 ; 30.724,00 ;0;
HOSPITAL E MATERNIDA;HOSPITAL E MATERNIDADE DR CHRISTOVAO DA GAMA S A;3114;64967;05/09/2025;1; 6.820,00 ; -   ;6820;
HOSPITAL E MATERNIDA;HOSPITAL E MATERNIDADE DR CHRISTOVAO DA GAMA S A;3114;65259;16/09/2025;1; 43.945,00 ; -   ;43945;
HOSPITAL E MATERNIDA;HOSPITAL E MATERNIDADE DR CHRISTOVAO DA GAMA S A;3114;68254;17/12/2025;1; 60.018,00 ; -   ;60018;
HOSPITAL E MATERNIDA;HOSPITAL E MATERNIDADE DR CHRISTOVAO DA GAMA S A;3114;68494;26/12/2025;1; 190.200,00 ; -   ;190200;
HOSPITAL ESCOLA ALVA;;5923;12604;24/11/2025;1; 156.100,00 ; 156.100,00 ;0;
HOSPITAL ESPERANCA O;HOSPITAL ESPERANCA OLINDA;5824;65163;11/09/2025;1; 132.200,00 ; -   ;132200;
HOSPITAL ESPERANCA S;HOSPITAL ESPERANCA SA;3589;66723;31/10/2025;1; 4.600,00 ; -   ;4600;
HOSPITAL ICARAI;;3297;9790;26/03/2025;1; 3.190,00 ; 3.190,00 ;0;
HOSPITAL ICARAI;;3297;10679;11/06/2025;1; 32.815,20 ; 32.815,20 ;0;
HOSPITAL ICARAI;;3297;11923;25/09/2025;1; 31.968,40 ; -   ;31968,4;
HOSPITAL ICARAI;;3297;12606;24/11/2025;1; 33.433,02 ; -   ;33433,02;
HOSPITAL ILHA DO GOV;HOSPITAL ILHA DO GOVERNADOR LTDA;3285;8567;22/11/2024;1; 17.724,00 ; 17.724,00 ;0;
HOSPITAL ILHA DO GOV;HOSPITAL ILHA DO GOVERNADOR LTDA;3285;9089;27/12/2024;1; 40.936,55 ; 40.936,55 ;0;
HOSPITAL ILHA DO GOV;HOSPITAL ILHA DO GOVERNADOR LTDA;3285;11228;30/07/2025;1; 31.519,20 ; 31.519,20 ;0;
HOSPITAL ILHA DO GOV;HOSPITAL ILHA DO GOVERNADOR LTDA;3285;11258;31/07/2025;1; 5.668,70 ; 5.668,70 ;0;
HOSPITAL ILHA DO GOV;HOSPITAL ILHA DO GOVERNADOR LTDA;3285;11266;01/08/2025;1; 22.672,36 ; 22.672,36 ;0;
HOSPITAL ILHA DO GOV;HOSPITAL ILHA DO GOVERNADOR LTDA;3285;11267;01/08/2025;1; 5.668,70 ; 5.668,70 ;0;
HOSPITAL LEFORTE - L;HOSPITAL LEFORTE LIBERDADE S.A.;5725;63136;21/07/2025;1; 42.845,00 ; 42.845,00 ;0;
HOSPITAL LUXEMBURGO;;5885;66900;04/11/2025;1; 14.435,83 ; -   ;14435,83;
HOSPITAL LUXEMBURGO;;5885;67589;27/11/2025;1; 14.854,27 ; -   ;14854,27;
HOSPITAL MATER DEI S;HOSPITAL MATER DEI S/A;3198;66598;28/10/2025;1; 9.929,28 ; -   ;9929,28;
HOSPITAL MATERNIDADE;HOSPITAL NOVO ATIBAIA S.A.;5723;4504501;25/11/2022;1; 68.680,00 ; 68.680,00 ;0;
HOSPITAL MATERNIDADE;HOSPITAL NOVO ATIBAIA S.A.;5723;50536;02/02/2024;2; 17.900,00 ; 17.900,00 ;0;
HOSPITAL MATERNIDADE;HOSPITAL NOVO ATIBAIA S.A.;5723;50539;02/02/2024;1; 9.450,00 ; 9.450,00 ;0;
HOSPITAL MATERNIDADE;HOSPITAL NOVO ATIBAIA S.A.;5723;50540;02/02/2024;2; 19.113,00 ; 19.113,00 ;0;
HOSPITAL MATERNIDADE;HOSPITAL NOVO ATIBAIA S.A.;5723;50895;26/02/2024;4; 26.500,00 ; 26.500,00 ;0;
HOSPITAL MATERNIDADE;HOSPITAL NOVO ATIBAIA S.A.;5723;65153;11/09/2025;1; 158.206,00 ; -   ;158206;
HOSPITAL MATERNIDADE;HOSPITAL NOVO ATIBAIA S.A.;5723;65162;11/09/2025;1; 115.670,00 ; -   ;115670;
HOSPITAL MATERNIDADE;HOSPITAL NOVO ATIBAIA S.A.;5723;65856;03/10/2025;1; 6.000,00 ; -   ;6000;
HOSPITAL MATERNIDADE;HOSPITAL NOVO ATIBAIA S.A.;5723;66420;22/10/2025;1; 182.400,00 ; -   ;182400;
HOSPITAL POLICLIN;;3121;67492;24/11/2025;3; 152.086,00 ; -   ;152086;
HOSPITAL POLICLIN;;3121;67845;04/12/2025;2; 115.000,00 ; -   ;115000;
HOSPITAL PORTUGUES D;;3127;60900;19/05/2025;1; 7.840,00 ; 7.840,00 ;0;
HOSPITAL PORTUGUES D;;3127;64792;02/09/2025;1; 15.570,00 ; 15.570,00 ;0;
HOSPITAL PORTUGUES D;;3127;64793;02/09/2025;1; 69.100,00 ; 69.100,00 ;0;
HOSPITAL PRO-CARDIAC;ESHO EMPRESA DE SERVICOS HOSPITALARES S.A.;3103;12349;31/10/2025;1; 13.447,23 ; -   ;13447,23;
HOSPITAL REGIONAL DE;;3184;68135;15/12/2025;1; 22.168,32 ; -   ;22168,32;
HOSPITAL REGIONAL DE;;3184;68137;15/12/2025;1; 29.763,58 ; -   ;29763,58;
HOSPITAL REGIONAL DO;;3184;67605;27/11/2025;1; 43.403,21 ; -   ;43403,21;
HOSPITAL REGIONAL DO;;3184;67608;27/11/2025;1; 43.403,21 ; -   ;43403,21;
HOSPITAL REGIONAL DO;;3184;68024;09/12/2025;1; 9.226,00 ; -   ;9226;
HOSPITAL REGIONAL DO;;3184;68482;26/12/2025;1; 43.313,35 ; -   ;43313,35;
HOSPITAL REGIONAL DO;;3184;68484;26/12/2025;1; 14.000,00 ; -   ;14000;
HOSPITAL REGIONAL DO;;3184;68486;26/12/2025;1; 43.403,21 ; -   ;43403,21;
HOSPITAL REGIONAL DO;;3184;68522;29/12/2025;1; 11.206,00 ; -   ;11206;
HOSPITAL SAMCORDIS;Hospital do Coração Samcordis Ltda;3278;00010595C;24/11/2025;1; 30.758,17 ; -   ;30758,17;
HOSPITAL SANTA CECIL;;3308;12397;31/10/2025;1; 2.356,00 ; -   ;2356;
HOSPITAL SANTA CRUZ;;3001;48398;24/02/2025;26; 105.482,60 ; 32.456,16 ;73026,44;
HOSPITAL SANTA CRUZ;;3001;54077;24/02/2025;26; 177.426,42 ; 54.592,72 ;122833,7;
HOSPITAL SANTA HELEN;;5744;1932301;06/08/2015;1; 45.650,00 ; 45.650,00 ;0;
HOSPITAL SANTA HELEN;;5744;2053101;11/11/2015;1; 63.250,00 ; 63.250,00 ;0;
HOSPITAL SANTA HELEN;;5744;2053201;11/11/2015;1; 73.850,00 ; 73.850,00 ;0;
HOSPITAL SANTA IZABE;SANTA CASA DE MISERICORDIA DA BAHIA;3225;65492;23/09/2025;1; 69.600,00 ; -   ;69600;
HOSPITAL SANTA IZABE;SANTA CASA DE MISERICORDIA DA BAHIA;3225;66716;30/10/2025;1; 26.097,12 ; -   ;26097,12;
HOSPITAL SANTA VIRGI;ASSOCIACAO HOSPITALAR FILHAS DE NOSSA SENHORA DO MONTE CALVARIO;3231;65550;25/09/2025;1; 1.619,94 ; -   ;1619,94;
HOSPITAL SAO CAMILO;;3577;66784;31/10/2025;1; 17.300,00 ; -   ;17300;
HOSPITAL SAO CAMILO;;3577;67511;25/11/2025;1; 6.948,70 ; -   ;6948,7;
HOSPITAL SAO JOSE;;3163;12644;28/11/2025;1; 57.500,00 ; -   ;57500;
HOSPITAL SAO LUCAS;HOSPITAL SAO LUCAS SA;3522;12780;23/12/2025;1; 118.100,00 ; -   ;118100;
HOSPITAL SAO LUCAS D;HOSPITAL SAO LUCAS DE SANTOS LTDA;3155;58965;07/07/2025;6; 54.999,98 ; 9.166,67 ;45833,31;
HOSPITAL SAO PAULO;;3110;58860;07/03/2025;1; 43.643,59 ; 43.643,59 ;0;
HOSPITAL SAO PAULO;;3110;60511;06/05/2025;1; 43.508,80 ; 43.508,80 ;0;
HOSPITAL SAO PAULO;;3110;60639;12/05/2025;1; 49.317,90 ; 49.317,90 ;0;
HOSPITAL SAO PAULO;;3110;61764;06/06/2025;1; 44.799,47 ; 44.799,47 ;0;
HOSPITAL SAO PAULO;;3110;63003;16/07/2025;1; 44.319,31 ; 44.319,31 ;0;
HOSPITAL SAO PAULO;;3110;63702;06/08/2025;1; 43.598,66 ; 43.598,66 ;0;
HOSPITAL SAO PAULO;;3110;64726;01/09/2025;1; 43.741,07 ; 43.741,07 ;0;
HOSPITAL SAO PAULO;;3110;65238;15/09/2025;1; 28.240,38 ; 28.240,38 ;0;
HOSPITAL SAO PAULO;;3110;65750;01/10/2025;1; 43.508,80 ; 43.508,80 ;0;
HOSPITAL SAO PAULO;;3110;65761;01/10/2025;1; 61.625,11 ; 61.625,11 ;0;
HOSPITAL SAO PAULO;;3110;67757;01/12/2025;1; 43.598,66 ; -   ;43598,66;
HOSPITAL SAO VICENTE;HOSPITAL SAO VICENTE - RIO DE JANEIRO;3421;59357;27/03/2025;1; 172.560,00 ; 172.560,00 ;0;
HOSPITAL SAO VICENTE;HOSPITAL SAO VICENTE - RIO DE JANEIRO;3421;59621;04/04/2025;1; 42.308,56 ; 42.308,56 ;0;
HOSPITAL SAO VICENTE;HOSPITAL SAO VICENTE - RIO DE JANEIRO;3421;10401;29/05/2025;1; 80.450,00 ; 80.450,00 ;0;
HOSPITAL SAO VICENTE;HOSPITAL SAO VICENTE - RIO DE JANEIRO;3421;63306;24/07/2025;1; 42.922,45 ; 42.922,45 ;0;
HOSPITAL SAO VICENTE;HOSPITAL SAO VICENTE - RIO DE JANEIRO;3421;63491;31/07/2025;1; 42.308,56 ; 42.308,56 ;0;
HOSPITAL SAO VICENTE;HOSPITAL SAO VICENTE - RIO DE JANEIRO;3421;65266;16/09/2025;1; 42.922,45 ; -   ;42922,45;
HOSPITAL SAO VICENTE;HOSPITAL SAO VICENTE - RIO DE JANEIRO;3421;65443;22/09/2025;1; 32.050,00 ; 32.050,00 ;0;
HOSPITAL SAO VICENTE;HOSPITAL SAO VICENTE - RIO DE JANEIRO;3421;12326;30/10/2025;1; 154.556,00 ; 154.556,00 ;0;
HOSPITAL UNIMED;UNIMED SUDOESTE DE MINAS COOPERATIVA DE TRABALHO MEDICO;3341;66317;20/10/2025;1; 138.500,00 ; -   ;138500;
HOSPITAL UNIMED;UNIMED SUDOESTE DE MINAS COOPERATIVA DE TRABALHO MEDICO;3341;67166;12/11/2025;1; 95.500,00 ; -   ;95500;
HOSPITAL UNIMED;UNIMED SUDOESTE DE MINAS COOPERATIVA DE TRABALHO MEDICO;3341;67168;12/11/2025;1; 138.500,00 ; -   ;138500;
HOSPITAL UNIMED;UNIMED SUDOESTE DE MINAS COOPERATIVA DE TRABALHO MEDICO;3341;67887;05/12/2025;3; 91.600,00 ; -   ;91600;
HOSPITAL UNIMED;UNIMED SUDOESTE DE MINAS COOPERATIVA DE TRABALHO MEDICO;3341;68101;11/12/2025;3; 271.500,00 ; -   ;271500;
HOSPITAL UNIMED;UNIMED SUDOESTE DE MINAS COOPERATIVA DE TRABALHO MEDICO;3341;68251;17/12/2025;6; 168.100,00 ; -   ;168100;
HOSPITAL UNIMED AMER;Unimed Santa Bárbara d Oeste e Americana;3544;66105;13/10/2025;1; 5.333,34 ; -   ;5333,34;
HOSPITAL UNIMED AMER;Unimed Santa Bárbara d Oeste e Americana;3544;66422;22/10/2025;1; 23.333,34 ; -   ;23333,34;
HOSPITAL UNIVERSITAR;SOCIEDADE BENEFICENTE SAGRADA FAMILIA;3120;65691;30/09/2025;1; 55.467,43 ; 55.467,43 ;0;
HOSPITAL UNIVERSITAR;SOCIEDADE BENEFICENTE SAGRADA FAMILIA;3120;65805;02/10/2025;1; 42.922,54 ; 42.922,54 ;0;
HOSPITAL UNIVERSITAR;SOCIEDADE BENEFICENTE SAGRADA FAMILIA;3120;68054;10/12/2025;3; 72.554,02 ; -   ;72554,02;
HOSPITAL UNIVERSITAR;SOCIEDADE BENEFICENTE SAGRADA FAMILIA;3120;68057;10/12/2025;3; 47.746,66 ; -   ;47746,66;
HOSPITAL UNIVERSITAR;SOCIEDADE BENEFICENTE SAGRADA FAMILIA;3120;68095;11/12/2025;1; 42.922,45 ; -   ;42922,45;
HOSPITAL UNIVERSITAR;SOCIEDADE BENEFICENTE SAGRADA FAMILIA;3120;68100;11/12/2025;1; 14.000,00 ; -   ;14000;
HOSPITAL VIDA;;3001;50769;19/02/2024;1; 21.214,32 ; 21.214,32 ;0;
HOSPITAL VITA CURITI;;3001;55482;25/10/2024;1; 32.455,13 ; 32.455,13 ;0;
HOSPITAL VITORIA;;3272;12469;10/11/2025;1; 14.405,00 ; -   ;14405;
HOSPITAL VIVALLE;;3126;64964;05/09/2025;1; 10.302,00 ; -   ;10302;
HOSPITAL VIVALLE;;3126;65241;15/09/2025;1; 40.726,33 ; -   ;40726,33;
HOSPITAL VIVALLE;;3126;65764;01/10/2025;1; 25.365,83 ; -   ;25365,83;
HOSPITAL VIVALLE;;3126;66702;30/10/2025;1; 33.705,00 ; -   ;33705;
HOSPITAL VIVALLE;;3126;66703;30/10/2025;1; 24.540,50 ; -   ;24540,5;
HS COR SERVICOS DE H;;3001;11357;08/08/2025;1; 5.120,00 ; 5.120,00 ;0;
HUGOL;;5886;67895;05/12/2025;1; 35.000,00 ; -   ;35000;
IBG SAUDE;INSTITUTO BRASILEIRO DE GESTAO DA SAUDE;3579;67080;10/11/2025;1; 39.238,34 ; -   ;39238,34;
IBG SAUDE;INSTITUTO BRASILEIRO DE GESTAO DA SAUDE;3579;68549;30/12/2025;1; 39.238,34 ; -   ;39238,34;
INSTITUTO DE NEUROLO;INSTITUTO DE NEUROLOGIA;5722;60314;30/04/2025;1; 141.827,00 ; 141.827,00 ;0;
INTENSIVA DAY HOSPIT;INTENSIVA DAY HOSPITAL LTDA;3593;60741;15/10/2025;1; 14.976,58 ; 14.976,58 ;0;
INTRAMEDICAL COMERCI;;3001;1659701;16/12/2014;1; 7.000,00 ; 7.000,00 ;0;
INTRAMEDICAL COMERCI;;3001;1659703;16/12/2014;1; 4.000,00 ; 4.000,00 ;0;
INTRAMEDICAL COMERCI;;3001;1710901;10/02/2015;1; 700,00 ; 700,00 ;0;
INTRAMEDICAL COMERCI;;3001;1710902;10/02/2015;1; 700,00 ; 700,00 ;0;
INTRAMEDICAL COMERCI;;3001;1730201;04/03/2015;1; 1.400,00 ; 1.400,00 ;0;
INTRAMEDICAL COMERCI;;3001;1748301;20/03/2015;1; 3.200,00 ; 3.200,00 ;0;
INTRAMEDICAL COMERCI;;3001;1748302;20/03/2015;1; 3.200,00 ; 3.200,00 ;0;
INTRAMEDICAL COMERCI;;3001;1873401;24/06/2015;1; 1.600,00 ; 1.600,00 ;0;
INTRAMEDICAL COMERCI;;3001;1873402;24/06/2015;1; 1.600,00 ; 1.600,00 ;0;
IRMANDADE DA SANTA C;IRMANDADE DA SANTA CASA DE MISERICORDIA DE SAO CARLOS;3215;53827;13/08/2024;2; 43.890,00 ; 43.890,00 ;0;
IRMANDADE DA SANTA C;IRMANDADE DA SANTA CASA DE MISERICORDIA DE SAO CARLOS;3215;5208;24/02/2025;2; 44.017,09 ; 44.017,09 ;0;
IRMANDADE DA SANTA C;IRMANDADE DA SANTA CASA DE MISERICORDIA DE SAO CARLOS;3215;47198;24/02/2025;1; 17.069,54 ; 17.069,54 ;0;
IRMANDADE DA SANTA C;IRMANDADE DA SANTA CASA DE MISERICORDIA DE SAO CARLOS;3215;63937;13/08/2025;1; 27.483,00 ; 27.483,00 ;0;
IRMANDADE DA SANTA C;IRMANDADE DA SANTA CASA DE MISERICORDIA DE SAO CARLOS;3215;53815;21/08/2025;4; 35.041,36 ; -   ;35041,36;
IRMANDADE DA SANTA C;IRMANDADE DA SANTA CASA DE MISERICORDIA DE SAO CARLOS;3215;66975;05/11/2025;1; 16.878,50 ; -   ;16878,5;
IRMANDADE DA SANTA C;IRMANDADE DA SANTA CASA DE MISERICORDIA DE SAO CARLOS;3215;67019;06/11/2025;1; 840,00 ; -   ;840;
IRMANDADE DA SANTA C;IRMANDADE DA SANTA CASA DE MISERICORDIA DE SAO CARLOS;3215;67570;26/11/2025;1; 11.987,50 ; -   ;11987,5;
IRMANDADE DA SANTA C;IRMANDADE DA SANTA CASA DE MISERICORDIA DE SAO CARLOS;3215;67571;26/11/2025;1; 15.662,75 ; -   ;15662,75;
IRMANDADE DA SANTA C;IRMANDADE DA SANTA CASA DE MISERICORDIA DE SAO CARLOS;3215;67808;03/12/2025;2; 1.610,00 ; -   ;1610;
IRMANDADE DA SANTA C;IRMANDADE DA SANTA CASA DE MISERICORDIA DE SAO CARLOS;3215;12082027;03/12/2025;4; 81.392,30 ; -   ;81392,3;
KLINI PLANOS DE SAUD;KLINI PLANOS DE SAUDE LTDA;3304;12029;03/10/2025;1; 24.104,00 ; 24.104,00 ;0;
KLINI PLANOS DE SAUD;KLINI PLANOS DE SAUDE LTDA;3304;12031;03/10/2025;1; 37.399,00 ; 37.399,00 ;0;
KLINI PLANOS DE SAUD;KLINI PLANOS DE SAUDE LTDA;3304;12032;03/10/2025;1; 40.033,00 ; 40.033,00 ;0;
KLINI PLANOS DE SAUD;KLINI PLANOS DE SAUDE LTDA;3304;12033;03/10/2025;1; 22.818,00 ; 22.818,00 ;0;
KLINI PLANOS DE SAUD;KLINI PLANOS DE SAUDE LTDA;3304;12045;03/10/2025;1; 25.458,00 ; 25.458,00 ;0;
KLINI PLANOS DE SAUD;KLINI PLANOS DE SAUDE LTDA;3304;12046;03/10/2025;1; 35.783,00 ; 35.783,00 ;0;
KLINI PLANOS DE SAUD;KLINI PLANOS DE SAUDE LTDA;3304;12047;03/10/2025;1; 39.364,00 ; 39.364,00 ;0;
KLINI PLANOS DE SAUD;KLINI PLANOS DE SAUDE LTDA;3304;12049;03/10/2025;1; 31.539,00 ; 31.539,00 ;0;
KLINI PLANOS DE SAUD;KLINI PLANOS DE SAUDE LTDA;3304;12051;03/10/2025;1; 32.208,00 ; 32.208,00 ;0;
KLINI PLANOS DE SAUD;KLINI PLANOS DE SAUDE LTDA;3304;12052;03/10/2025;1; 35.783,00 ; 35.783,00 ;0;
LACIC - RONDONOPOLIS;;5878;67670;28/11/2025;1; 161.000,00 ; -   ;161000;
LIV SAUDE;LIV LINHAS INTELIGENTES DE ATENCAO A VIDA S/A;3305;12709;11/12/2025;2; 181.860,00 ; -   ;181860;
LIV SAUDE;LIV LINHAS INTELIGENTES DE ATENCAO A VIDA S/A;3305;12710;11/12/2025;2; 33.152,70 ; -   ;33152,7;
LIV SAUDE;LIV LINHAS INTELIGENTES DE ATENCAO A VIDA S/A;3305;12711;11/12/2025;2; 33.252,70 ; -   ;33252,7;
LIV SAUDE;LIV LINHAS INTELIGENTES DE ATENCAO A VIDA S/A;3305;12712;11/12/2025;1; 5.437,95 ; -   ;5437,95;
MED INOVACAO;MED INOVACAO SERVICOS MEDICOS LTDA;5891;10750;18/06/2025;1; 6.000,00 ; 6.000,00 ;0;
MED INOVACAO;MED INOVACAO SERVICOS MEDICOS LTDA;5891;10751;18/06/2025;1; 5.910,00 ; 5.910,00 ;0;
MED INOVACAO;MED INOVACAO SERVICOS MEDICOS LTDA;5891;10752;18/06/2025;1; 300,00 ; 300,00 ;0;
MED INOVACAO;MED INOVACAO SERVICOS MEDICOS LTDA;5891;10753;18/06/2025;1; 4.100,00 ; 4.100,00 ;0;
MED INOVACAO;MED INOVACAO SERVICOS MEDICOS LTDA;5891;10755;18/06/2025;1; 4.100,00 ; 4.100,00 ;0;
MED INOVACAO;MED INOVACAO SERVICOS MEDICOS LTDA;5891;10757;18/06/2025;1; 300,00 ; 300,00 ;0;
MED INOVACAO;MED INOVACAO SERVICOS MEDICOS LTDA;5891;10758;18/06/2025;1; 4.100,00 ; 4.100,00 ;0;
MED INOVACAO;MED INOVACAO SERVICOS MEDICOS LTDA;5891;10761;18/06/2025;1; 4.100,00 ; 4.100,00 ;0;
MED INOVACAO;MED INOVACAO SERVICOS MEDICOS LTDA;5891;10762;18/06/2025;1; 300,00 ; 300,00 ;0;
MED INOVACAO;MED INOVACAO SERVICOS MEDICOS LTDA;5891;10841;25/06/2025;1; 4.100,00 ; 4.100,00 ;0;
MED INOVACAO;MED INOVACAO SERVICOS MEDICOS LTDA;5891;10842;25/06/2025;1; 4.100,00 ; 4.100,00 ;0;
MED INOVACAO;MED INOVACAO SERVICOS MEDICOS LTDA;5891;10843;25/06/2025;1; 4.100,00 ; 4.100,00 ;0;
MED INOVACAO;MED INOVACAO SERVICOS MEDICOS LTDA;5891;10844;25/06/2025;1; 4.100,00 ; 4.100,00 ;0;
MED INOVACAO;MED INOVACAO SERVICOS MEDICOS LTDA;5891;10845;25/06/2025;1; 4.100,00 ; 4.100,00 ;0;
MED INOVACAO;MED INOVACAO SERVICOS MEDICOS LTDA;5891;10922;03/07/2025;1; 10.380,00 ; 10.380,00 ;0;
MED INOVACAO;MED INOVACAO SERVICOS MEDICOS LTDA;5891;10927;04/07/2025;1; 5.800,00 ; 5.800,00 ;0;
MED INOVACAO;MED INOVACAO SERVICOS MEDICOS LTDA;5891;10928;04/07/2025;1; 8.880,00 ; 8.880,00 ;0;
MED INOVACAO;MED INOVACAO SERVICOS MEDICOS LTDA;5891;10929;04/07/2025;1; 5.800,00 ; 5.800,00 ;0;
MED INOVACAO;MED INOVACAO SERVICOS MEDICOS LTDA;5891;10930;04/07/2025;1; 5.800,00 ; 5.800,00 ;0;
MED INOVACAO;MED INOVACAO SERVICOS MEDICOS LTDA;5891;10931;04/07/2025;1; 6.000,00 ; 6.000,00 ;0;
MED INOVACAO;MED INOVACAO SERVICOS MEDICOS LTDA;5891;11115;18/07/2025;1; 5.910,00 ; 5.910,00 ;0;
MED INOVACAO;MED INOVACAO SERVICOS MEDICOS LTDA;5891;11116;18/07/2025;1; 5.910,00 ; 5.910,00 ;0;
MED INOVACAO;MED INOVACAO SERVICOS MEDICOS LTDA;5891;11117;18/07/2025;1; 4.100,00 ; 4.100,00 ;0;
MED INOVACAO;MED INOVACAO SERVICOS MEDICOS LTDA;5891;11118;18/07/2025;1; 10.380,00 ; 10.380,00 ;0;
MED INOVACAO;MED INOVACAO SERVICOS MEDICOS LTDA;5891;11119;18/07/2025;1; 7.000,00 ; 7.000,00 ;0;
MED INOVACAO;MED INOVACAO SERVICOS MEDICOS LTDA;5891;11120;18/07/2025;1; 9.700,00 ; 9.700,00 ;0;
MED INOVACAO;MED INOVACAO SERVICOS MEDICOS LTDA;5891;11121;18/07/2025;1; 4.100,00 ; 4.100,00 ;0;
MED INOVACAO;MED INOVACAO SERVICOS MEDICOS LTDA;5891;11122;18/07/2025;1; 5.910,00 ; 5.910,00 ;0;
MED INOVACAO;MED INOVACAO SERVICOS MEDICOS LTDA;5891;11123;18/07/2025;1; 4.100,00 ; 4.100,00 ;0;
MED INOVACAO;MED INOVACAO SERVICOS MEDICOS LTDA;5891;11144;22/07/2025;1; 8.700,00 ; 8.700,00 ;0;
MED INOVACAO;MED INOVACAO SERVICOS MEDICOS LTDA;5891;11145;22/07/2025;1; 9.080,00 ; 9.080,00 ;0;
MED INOVACAO;MED INOVACAO SERVICOS MEDICOS LTDA;5891;11146;22/07/2025;1; 7.000,00 ; 7.000,00 ;0;
MED INOVACAO;MED INOVACAO SERVICOS MEDICOS LTDA;5891;11185;28/07/2025;1; 5.990,00 ; 5.990,00 ;0;
MED INOVACAO;MED INOVACAO SERVICOS MEDICOS LTDA;5891;11186;28/07/2025;1; 7.150,00 ; 7.150,00 ;0;
MED INOVACAO;MED INOVACAO SERVICOS MEDICOS LTDA;5891;11187;28/07/2025;1; 5.910,00 ; 5.910,00 ;0;
MED INOVACAO;MED INOVACAO SERVICOS MEDICOS LTDA;5891;11188;28/07/2025;1; 5.910,00 ; 5.910,00 ;0;
MED INOVACAO;MED INOVACAO SERVICOS MEDICOS LTDA;5891;11189;28/07/2025;1; 4.100,00 ; 4.100,00 ;0;
MED INOVACAO;MED INOVACAO SERVICOS MEDICOS LTDA;5891;11223;30/07/2025;1; 30,00 ; 30,00 ;0;
MED INOVACAO;MED INOVACAO SERVICOS MEDICOS LTDA;5891;11225;30/07/2025;1; 4.100,00 ; 4.100,00 ;0;
MED INOVACAO;MED INOVACAO SERVICOS MEDICOS LTDA;5891;11226;30/07/2025;1; 6.000,00 ; 6.000,00 ;0;
MED INOVACAO;MED INOVACAO SERVICOS MEDICOS LTDA;5891;11227;30/07/2025;1; 300,00 ; 300,00 ;0;
MED INOVACAO;MED INOVACAO SERVICOS MEDICOS LTDA;5891;11253;31/07/2025;1; 5.910,00 ; 5.910,00 ;0;
MED INOVACAO;MED INOVACAO SERVICOS MEDICOS LTDA;5891;11481;20/08/2025;1; 180,00 ; 180,00 ;0;
MED INOVACAO;MED INOVACAO SERVICOS MEDICOS LTDA;5891;11482;20/08/2025;1; 5.800,00 ; 5.800,00 ;0;
MED INOVACAO;MED INOVACAO SERVICOS MEDICOS LTDA;5891;11483;20/08/2025;1; 25.290,00 ; 25.290,00 ;0;
MED INOVACAO;MED INOVACAO SERVICOS MEDICOS LTDA;5891;11484;20/08/2025;1; 22.380,00 ; 22.380,00 ;0;
MED INOVACAO;MED INOVACAO SERVICOS MEDICOS LTDA;5891;11486;20/08/2025;1; 22.280,00 ; 22.280,00 ;0;
MED INOVACAO;MED INOVACAO SERVICOS MEDICOS LTDA;5891;11488;20/08/2025;1; 22.690,00 ; 22.690,00 ;0;
MED INOVACAO;MED INOVACAO SERVICOS MEDICOS LTDA;5891;11595;28/08/2025;1; 6.990,00 ; 6.990,00 ;0;
MED INOVACAO;MED INOVACAO SERVICOS MEDICOS LTDA;5891;11597;28/08/2025;1; 5.910,00 ; 5.910,00 ;0;
MED INOVACAO;MED INOVACAO SERVICOS MEDICOS LTDA;5891;11598;28/08/2025;1; 5.190,00 ; 5.190,00 ;0;
MED INOVACAO;MED INOVACAO SERVICOS MEDICOS LTDA;5891;11599;28/08/2025;1; 4.100,00 ; 4.100,00 ;0;
MED INOVACAO;MED INOVACAO SERVICOS MEDICOS LTDA;5891;11600;28/08/2025;1; 300,00 ; 300,00 ;0;
MED INOVACAO;MED INOVACAO SERVICOS MEDICOS LTDA;5891;11601;28/08/2025;1; 5.910,00 ; 5.910,00 ;0;
MED INOVACAO;MED INOVACAO SERVICOS MEDICOS LTDA;5891;11602;28/08/2025;1; 6.000,00 ; 6.000,00 ;0;
MED INOVACAO;MED INOVACAO SERVICOS MEDICOS LTDA;5891;11603;28/08/2025;1; 4.100,00 ; 4.100,00 ;0;
MED INOVACAO;MED INOVACAO SERVICOS MEDICOS LTDA;5891;11604;28/08/2025;1; 4.100,00 ; 4.100,00 ;0;
MED INOVACAO;MED INOVACAO SERVICOS MEDICOS LTDA;5891;11672;05/09/2025;1; 8.680,00 ; 8.680,00 ;0;
MED INOVACAO;MED INOVACAO SERVICOS MEDICOS LTDA;5891;11673;05/09/2025;1; 4.100,00 ; 4.100,00 ;0;
MED INOVACAO;MED INOVACAO SERVICOS MEDICOS LTDA;5891;11674;05/09/2025;1; 4.100,00 ; 4.100,00 ;0;
MED INOVACAO;MED INOVACAO SERVICOS MEDICOS LTDA;5891;11676;05/09/2025;1; 5.910,00 ; 5.910,00 ;0;
MED INOVACAO;MED INOVACAO SERVICOS MEDICOS LTDA;5891;11677;05/09/2025;1; 4.100,00 ; 4.100,00 ;0;
MED INOVACAO;MED INOVACAO SERVICOS MEDICOS LTDA;5891;11811;17/09/2025;1; 4.100,00 ; 4.100,00 ;0;
MED INOVACAO;MED INOVACAO SERVICOS MEDICOS LTDA;5891;11813;17/09/2025;1; 4.100,00 ; 4.100,00 ;0;
MED INOVACAO;MED INOVACAO SERVICOS MEDICOS LTDA;5891;11814;17/09/2025;1; 4.100,00 ; 4.100,00 ;0;
MED INOVACAO;MED INOVACAO SERVICOS MEDICOS LTDA;5891;11815;17/09/2025;1; 300,00 ; 300,00 ;0;
MED INOVACAO;MED INOVACAO SERVICOS MEDICOS LTDA;5891;11816;17/09/2025;1; 4.100,00 ; 4.100,00 ;0;
MED INOVACAO;MED INOVACAO SERVICOS MEDICOS LTDA;5891;11817;17/09/2025;1; 4.100,00 ; 4.100,00 ;0;
MED INOVACAO;MED INOVACAO SERVICOS MEDICOS LTDA;5891;11818;17/09/2025;1; 4.100,00 ; 4.100,00 ;0;
MED INOVACAO;MED INOVACAO SERVICOS MEDICOS LTDA;5891;11819;17/09/2025;1; 300,00 ; 300,00 ;0;
MED INOVACAO;MED INOVACAO SERVICOS MEDICOS LTDA;5891;11820;17/09/2025;1; 4.100,00 ; 4.100,00 ;0;
MED INOVACAO;MED INOVACAO SERVICOS MEDICOS LTDA;5891;11821;17/09/2025;1; 300,00 ; 300,00 ;0;
MED INOVACAO;MED INOVACAO SERVICOS MEDICOS LTDA;5891;11938;25/09/2025;1; 6.000,00 ; 6.000,00 ;0;
MED INOVACAO;MED INOVACAO SERVICOS MEDICOS LTDA;5891;11940;25/09/2025;1; 6.540,00 ; 6.540,00 ;0;
MED INOVACAO;MED INOVACAO SERVICOS MEDICOS LTDA;5891;11941;25/09/2025;1; 5.100,00 ; 5.100,00 ;0;
MED INOVACAO;MED INOVACAO SERVICOS MEDICOS LTDA;5891;11942;25/09/2025;1; 7.180,00 ; 7.180,00 ;0;
MED INOVACAO;MED INOVACAO SERVICOS MEDICOS LTDA;5891;12015;02/10/2025;1; 180,00 ; -   ;180;
MED INOVACAO;MED INOVACAO SERVICOS MEDICOS LTDA;5891;12016;02/10/2025;1; 4.100,00 ; -   ;4100;
MED INOVACAO;MED INOVACAO SERVICOS MEDICOS LTDA;5891;12017;02/10/2025;1; 7.180,00 ; -   ;7180;
MED INOVACAO;MED INOVACAO SERVICOS MEDICOS LTDA;5891;12018;02/10/2025;1; 8.700,00 ; -   ;8700;
MED INOVACAO;MED INOVACAO SERVICOS MEDICOS LTDA;5891;12368;31/10/2025;1; 6.000,00 ; -   ;6000;
MED INOVACAO;MED INOVACAO SERVICOS MEDICOS LTDA;5891;12370;31/10/2025;1; 6.000,00 ; -   ;6000;
MED INOVACAO;MED INOVACAO SERVICOS MEDICOS LTDA;5891;12373;31/10/2025;1; 7.180,00 ; -   ;7180;
MED INOVACAO;MED INOVACAO SERVICOS MEDICOS LTDA;5891;12376;31/10/2025;1; 7.180,00 ; -   ;7180;
MED-TOUR SAUDE;MED-TOUR ADMINISTRADORA DE BENEFICIOS E EMPREENDIMENTOS LTDA;3416;61804;06/06/2025;4; 42.171,50 ; 42.171,50 ;0;
MED-WAY;;3001;470903;31/08/2011;1; 4.136,00 ; 4.136,00 ;0;
MED-WAY;;3001;470904;31/08/2011;1; 4.136,00 ; 4.136,00 ;0;
MED-WAY;;3001;470905;31/08/2011;1; 4.136,00 ; 4.136,00 ;0;
MED-WAY;;3001;471203;01/09/2011;1; 1.344,00 ; 1.344,00 ;0;
MED-WAY;;3001;471204;01/09/2011;1; 1.344,00 ; 1.344,00 ;0;
MED-WAY;;3001;471205;01/09/2011;1; 1.344,00 ; 1.344,00 ;0;
MED-WAY;;3001;507602;05/10/2011;1; 2.162,50 ; 2.162,50 ;0;
MED-WAY;;3001;507603;05/10/2011;1; 2.162,50 ; 2.162,50 ;0;
MED-WAY;;3001;507604;05/10/2011;1; 2.162,50 ; 2.162,50 ;0;
MED-WAY;;3001;532401;27/10/2011;1; 5.383,34 ; 5.383,34 ;0;
MED-WAY;;3001;532402;27/10/2011;1; 5.383,33 ; 5.383,33 ;0;
MED-WAY;;3001;532403;27/10/2011;1; 5.383,33 ; 5.383,33 ;0;
MED-WAY;;3001;547001;08/11/2011;1; 290,00 ; 290,00 ;0;
MED-WAY;;3001;547002;08/11/2011;1; 290,00 ; 290,00 ;0;
MED-WAY;;3001;547003;08/11/2011;1; 290,00 ; 290,00 ;0;
MED-WAY;;3001;568701;28/11/2011;1; 1.280,00 ; 1.280,00 ;0;
MED-WAY;;3001;568702;28/11/2011;1; 1.280,00 ; 1.280,00 ;0;
MED-WAY;;3001;568703;28/11/2011;1; 1.280,00 ; 1.280,00 ;0;
MED-WAY;;3001;568704;28/11/2011;1; 1.280,00 ; 1.280,00 ;0;
MED-WAY;;3001;585901;12/12/2011;1; 193,34 ; 193,34 ;0;
MED-WAY;;3001;585902;12/12/2011;1; 193,33 ; 193,33 ;0;
MED-WAY;;3001;585903;12/12/2011;1; 193,33 ; 193,33 ;0;
MED-WAY;;3001;586401;13/12/2011;1; 362,50 ; 362,50 ;0;
MED-WAY;;3001;586402;13/12/2011;1; 362,50 ; 362,50 ;0;
MED-WAY;;3001;586403;13/12/2011;1; 362,50 ; 362,50 ;0;
MED-WAY;;3001;586404;13/12/2011;1; 362,50 ; 362,50 ;0;
MEDICAL SUPPORT MATE;MEDICAL SUPPORT MATERIAIS MEDICOS E HOSPITALARES LTDA;5825;67367;19/11/2025;1; 23.489,00 ; -   ;23489;
MEDSENIOR;SAMEDIL - SERVICOS DE ATENDIMENTO MEDICO S/A;3177;9489;13/02/2025;1; 34.444,60 ; 34.444,60 ;0;
NEUROCOR - MS DIAGNO;NEUROCOR - MS DIAGNOSTICOS S/A;5830;260620241;23/07/2024;1; 58.705,33 ; 58.705,33 ;0;
NEUROCOR - MS DIAGNO;NEUROCOR - MS DIAGNOSTICOS S/A;5830;55588;30/10/2024;1; 88.600,00 ; 88.600,00 ;0;
NEUROCOR - MS DIAGNO;NEUROCOR - MS DIAGNOSTICOS S/A;5830;65603;26/09/2025;1; 70.500,00 ; -   ;70500;
NOSSA SAUDE;NOSSA SAUDE OPERADORA DE PLANOS PRIVADOS DE ASSISTENCIA A SAUDE LTDA;3213;68022;09/12/2025;2; 25.370,00 ; 12.685,00 ;12685;
NOTRE DAME INTERMEDI;NOTRE DAME INTERMEDICA SAUDE S.A.;3142;54731;23/09/2024;1; 2.383,00 ; 2.383,00 ;0;
NOTRE DAME INTERMEDI;NOTRE DAME INTERMEDICA SAUDE S.A.;3142;55286;18/10/2024;1; 44.135,25 ; 44.135,25 ;0;
NOTRE DAME INTERMEDI;NOTRE DAME INTERMEDICA SAUDE S.A.;3142;55727;04/11/2024;1; 55.000,00 ; 55.000,00 ;0;
NOTRE DAME INTERMEDI;NOTRE DAME INTERMEDICA SAUDE S.A.;3142;8484;07/11/2024;1; 23.947,00 ; 23.947,00 ;0;
OBRA DE AÇÃO SOCIAL;Instituto das Pequenas Missionárias de Maria Imaculada;3114;68333;18/12/2025;1; 252,00 ; -   ;252;
OPLAN SAUDE;OPLAN SAUDE OPERADORA DE PLANOS DE SAUDE LTDA;5829;12256;22/10/2025;1; 5.244,00 ; 5.244,00 ;0;
OPLAN SAUDE;OPLAN SAUDE OPERADORA DE PLANOS DE SAUDE LTDA;5829;12621;26/11/2025;1; 10.967,55 ; -   ;10967,55;
PLANO SANTA SAUDE;ASSOCIACAO SANTA SAUDE;3112;66117;13/10/2025;5; 54.000,00 ; 43.200,00 ;10800;
PLENA COMÉRCIO E REP;;3001;727901;10/05/2012;1; 6.240,00 ; 6.240,00 ;0;
PLENA COMÉRCIO E REP;;3001;855601;06/09/2012;1; 1.120,00 ; 1.120,00 ;0;
PLENA COMÉRCIO E REP;;3001;855602;06/09/2012;1; 1.120,00 ; 1.120,00 ;0;
PLENA COMÉRCIO E REP;;3001;855603;06/09/2012;1; 1.120,00 ; 1.120,00 ;0;
POLICLIN SAUDE S A;POLICLIN SAUDE S A;3121;67809;03/12/2025;1; 14.159,80 ; -   ;14159,8;
POSTAL SAUDE;;3210;7408;18/07/2024;1; 22.509,00 ; 22.509,00 ;0;
POSTAL SAUDE;;3210;7443;23/07/2024;1; 20.650,00 ; 20.650,00 ;0;
POSTAL SAUDE;;3210;60000;17/04/2025;1; 12.000,00 ; 12.000,00 ;0;
PROCORDIS S/A;;3001;68501;20/07/2009;1; 39.000,00 ; 39.000,00 ;0;
PROGRAMA DE ASSISTEN;FUNDACAO UNIVERSIDADE FEDERAL DE MATO GROSSO DO SUL;3443;63638;04/08/2025;2; 82.066,67 ; 82.066,67 ;0;
PROMEDICA PATRIMONIA;PROMEDICA PATRIMONIAL S A PROPAT;3237;55380;01/04/2025;3; 16.020,00 ; 16.020,00 ;0;
PROMEDICA PATRIMONIA;PROMEDICA PATRIMONIAL S A PROPAT;3237;62766;07/07/2025;1; 2.866,00 ; 2.866,00 ;0;
PROMEDICA PATRIMONIA;PROMEDICA PATRIMONIAL S A PROPAT;3237;67075;10/11/2025;4; 45.800,00 ; 22.900,00 ;22900;
PRONTO S.CARDIOLOGIC;;3001;2096001;14/12/2015;1; 1.885,00 ; 1.885,00 ;0;
PRONTO S.CARDIOLOGIC;;3001;2124601;19/01/2016;1; 560,00 ; 560,00 ;0;
PRONTO S.CARDIOLOGIC;;3001;2957201;23/02/2018;1; 1.540,99 ; 1.540,99 ;0;
PRONTO S.CARDIOLOGIC;;3001;3283401;15/10/2018;1; 5.580,00 ; 5.580,00 ;0;
PRONTOCARDIO PRONTO;PRONTOCARDIO Pronto Atendimento Cardiologico SC Ltda;5827;4675402;15/01/2024;148; 205.816,20 ; -   ;205816,2;
PRONTOCOR;;3001;4596;31/07/2023;1; 25.900,00 ; 25.900,00 ;0;
PRONTOCOR;;3001;4641;04/08/2023;1; 23.990,03 ; 23.990,03 ;0;
PRONTOCOR;;3001;4742;17/08/2023;1; 73.000,00 ; 73.000,00 ;0;
PRONTOCOR;;3001;4792;28/08/2023;1; 20.761,00 ; 20.761,00 ;0;
PRONTOCOR;;3001;4793;28/08/2023;1; 20.761,00 ; 20.761,00 ;0;
PRONTOCOR;;3001;4898;11/09/2023;1; 24.173,00 ; 24.173,00 ;0;
PRONTOCOR;;3001;4968;22/09/2023;1; 24.050,00 ; 24.050,00 ;0;
PRONTOCOR;;3001;4982;26/09/2023;1; 24.816,00 ; 24.816,00 ;0;
PRONTOCOR;;3001;4984;26/09/2023;1; 29.073,00 ; 29.073,00 ;0;
PRONTOCOR;;3001;5104;06/10/2023;1; 24.050,00 ; 24.050,00 ;0;
PRONTOCOR;;3001;5177;16/10/2023;1; 22.920,00 ; 22.920,00 ;0;
PRONTOCOR;;3001;5178;16/10/2023;1; 22.920,00 ; 22.920,00 ;0;
PRONTOCOR;;3001;5179;16/10/2023;1; 9.959,00 ; 9.959,00 ;0;
PRONTOCOR;;3001;5180;16/10/2023;1; 3.140,00 ; 3.140,00 ;0;
PRONTOCOR;;3001;5184;17/10/2023;1; 35.260,00 ; 35.260,00 ;0;
PRONTOCOR;;3001;5284;30/10/2023;1; 24.050,00 ; 24.050,00 ;0;
PRONTOCOR;;3001;6318;05/03/2024;1; 8.164,00 ; 8.164,00 ;0;
PRONTOCOR;;3001;6319;05/03/2024;1; 27.250,00 ; 27.250,00 ;0;
PRONTOCOR;;3001;6320;05/03/2024;1; 27.250,00 ; 27.250,00 ;0;
PRONTOCOR;;3001;6321;05/03/2024;1; 27.250,00 ; 27.250,00 ;0;
RADIOCLINIC;RC RADIOLOGIA INTERVENCIONISTA LTDA;3167;67510;25/11/2025;1; 60.770,00 ; -   ;60770;
RADIOCLINIC;RC RADIOLOGIA INTERVENCIONISTA LTDA;3167;68037;10/12/2025;1; 29.070,00 ; -   ;29070;
RADIOCLINIC;RC RADIOLOGIA INTERVENCIONISTA LTDA;3167;68039;10/12/2025;1; 300,00 ; -   ;300;
RADIOCLINIC;RC RADIOLOGIA INTERVENCIONISTA LTDA;3167;68529;29/12/2025;1; 28.675,00 ; -   ;28675;
RADIOCLINIC;RC RADIOLOGIA INTERVENCIONISTA LTDA;3167;68530;29/12/2025;1; 250,00 ; -   ;250;
REAL E BENEMERITA AS;Real e Benemerita Associacao Portuguesa de Beneficencia;3136;63630;04/08/2025;1; 115.314,53 ; 115.314,53 ;0;
REAL E BENEMERITA AS;Real e Benemerita Associacao Portuguesa de Beneficencia;3136;63712;06/08/2025;1; 113.314,53 ; 113.314,53 ;0;
REAL E BENEMERITA AS;Real e Benemerita Associacao Portuguesa de Beneficencia;3136;63713;06/08/2025;1; 113.874,03 ; 113.874,03 ;0;
REAL E BENEMERITA AS;Real e Benemerita Associacao Portuguesa de Beneficencia;3136;63720;06/08/2025;1; 107.858,53 ; 107.858,53 ;0;
REAL E BENEMERITA AS;Real e Benemerita Associacao Portuguesa de Beneficencia;3136;64191;20/08/2025;1; 3.100,00 ; 3.100,00 ;0;
REAL E BENEMERITA AS;Real e Benemerita Associacao Portuguesa de Beneficencia;3136;64192;20/08/2025;1; 183.607,00 ; -   ;183607;
REAL E BENEMERITA AS;Real e Benemerita Associacao Portuguesa de Beneficencia;3136;64210;20/08/2025;1; 928,00 ; 928,00 ;0;
REAL E BENEMERITA AS;Real e Benemerita Associacao Portuguesa de Beneficencia;3136;64231;20/08/2025;1; 41.446,05 ; 41.446,05 ;0;
REAL E BENEMERITA AS;Real e Benemerita Associacao Portuguesa de Beneficencia;3136;64232;20/08/2025;1; 31.267,00 ; 31.267,00 ;0;
REAL E BENEMERITA AS;Real e Benemerita Associacao Portuguesa de Beneficencia;3136;64234;20/08/2025;1; 43.988,00 ; 43.988,00 ;0;
REAL E BENEMERITA AS;Real e Benemerita Associacao Portuguesa de Beneficencia;3136;64240;20/08/2025;1; 142.859,13 ; 142.859,13 ;0;
REAL E BENEMERITA AS;Real e Benemerita Associacao Portuguesa de Beneficencia;3136;64246;21/08/2025;1; 89.466,15 ; 89.466,15 ;0;
REAL E BENEMERITA AS;Real e Benemerita Associacao Portuguesa de Beneficencia;3136;64405;26/08/2025;1; 47.154,50 ; 47.154,50 ;0;
REAL E BENEMERITA AS;Real e Benemerita Associacao Portuguesa de Beneficencia;3136;64407;26/08/2025;1; 44.132,30 ; 44.132,30 ;0;
REAL E BENEMERITA AS;Real e Benemerita Associacao Portuguesa de Beneficencia;3136;64409;26/08/2025;1; 60.003,00 ; 60.003,00 ;0;
REAL E BENEMERITA AS;Real e Benemerita Associacao Portuguesa de Beneficencia;3136;64417;26/08/2025;1; 13.600,00 ; 13.600,00 ;0;
REAL E BENEMERITA AS;Real e Benemerita Associacao Portuguesa de Beneficencia;3136;64418;26/08/2025;1; 269.008,00 ; 269.008,00 ;0;
REAL E BENEMERITA AS;Real e Benemerita Associacao Portuguesa de Beneficencia;3136;64431;26/08/2025;1; 18.283,00 ; 18.283,00 ;0;
REAL E BENEMERITA AS;Real e Benemerita Associacao Portuguesa de Beneficencia;3136;65052;09/09/2025;1; 262.104,53 ; -   ;262104,53;
REAL E BENEMERITA AS;Real e Benemerita Associacao Portuguesa de Beneficencia;3136;65775;02/10/2025;1; 305.986,80 ; -   ;305986,8;
REAL E BENEMERITA AS;Real e Benemerita Associacao Portuguesa de Beneficencia;3136;66485;23/10/2025;1; 119.757,53 ; -   ;119757,53;
REAL E BENEMERITA AS;Real e Benemerita Associacao Portuguesa de Beneficencia;3136;67070;10/11/2025;1; 41.033,00 ; -   ;41033;
REAL HOSPITAL PORTUG;REAL HOSPITAL PORTUGUES DE BENEFICENCIA EM PERNAMBUCO;3132;67556;26/11/2025;1; 55.467,43 ; -   ;55467,43;
REAL HOSPITAL PORTUG;REAL HOSPITAL PORTUGUES DE BENEFICENCIA EM PERNAMBUCO;3132;68472;23/12/2025;1; 43.358,28 ; -   ;43358,28;
REDE PRIMAVERA - HOS;Rede Primavera - Assistencia Medica Hospitalar Ltda;3441;61164;26/05/2025;1; 33.232,08 ; 33.232,08 ;0;
REDE PRIMAVERA - HOS;Rede Primavera - Assistencia Medica Hospitalar Ltda;3441;63938;13/08/2025;1; 22.873,20 ; 22.873,20 ;0;
SANTA CASA;;3583;11348;08/08/2025;1; 43.844,68 ; 43.844,68 ;0;
SANTA CASA;;3583;11471;20/08/2025;1; 44.637,20 ; 44.637,20 ;0;
SANTA CASA DE MISERI;SANTA CASA DE MISERICORDIA DE JUIZ DE FORA;6316;11398;13/08/2025;1; 9.350,00 ; 9.350,00 ;0;
SANTA CASA DE MISERI;SANTA CASA DE MISERICORDIA DE JUIZ DE FORA;6316;11399;13/08/2025;1; 9.350,00 ; 9.350,00 ;0;
SANTA CASA DE MISERI;SANTA CASA DE MISERICORDIA DE JUIZ DE FORA;6316;11400;13/08/2025;1; 24.225,00 ; 24.225,00 ;0;
SANTA CASA DE MISERI;SANTA CASA DE MISERICORDIA DE JUIZ DE FORA;6316;11644;02/09/2025;1; 36.337,50 ; 36.337,50 ;0;
SANTA CASA DE MISERI;SANTA CASA DE MISERICORDIA DE JUIZ DE FORA;6316;11646;02/09/2025;1; 28.237,50 ; 28.237,50 ;0;
SANTA CASA DE MISERI;SANTA CASA DE MISERICORDIA DE JUIZ DE FORA;6316;11647;02/09/2025;1; 43.350,00 ; 43.350,00 ;0;
SANTA CASA DE MISERI;SANTA CASA DE MISERICORDIA DE JUIZ DE FORA;6316;65869;03/10/2025;1; 43.598,66 ; 43.598,66 ;0;
SANTA CASA DE MISERI;SANTA CASA DE MISERICORDIA DE JUIZ DE FORA;6316;12601;24/11/2025;1; 236.900,00 ; -   ;236900;
SANTA CASA DE SANTOS;;3124;61760;06/06/2025;1; 12.535,65 ; 12.535,65 ;0;
SANTA CASA DE SANTOS;;3124;68051;10/12/2025;1; 84.808,00 ; -   ;84808;
SANTA CASA DE SANTOS;;3124;68452;23/12/2025;1; 11.935,00 ; -   ;11935;
SANTA CASA DE SANTOS;;3124;68455;23/12/2025;1; 5.179,00 ; -   ;5179;
SANTA CASA DE SÃO PA;;6022;4069201;21/09/2020;1; 28.730,00 ; 28.730,00 ;0;
SANTA CASA DE SÃO PA;;6022;4081701;07/10/2020;1; 14.700,00 ; 14.700,00 ;0;
SANTA CASA DE SÃO PA;;6022;4106701;11/11/2020;1; 16.700,00 ; 16.700,00 ;0;
SANTA CASA DE SÃO PA;;6022;4164301;08/02/2021;1; 30.700,00 ; 30.700,00 ;0;
SANTA CASA DE SÃO PA;;6022;4172801;24/02/2021;1; 24.200,00 ; 24.200,00 ;0;
SANTA CASA DE SÃO PA;;6022;4174501;26/02/2021;1; 16.700,00 ; 16.700,00 ;0;
SANTA CASA DE SÃO PA;;6022;4185101;12/03/2021;1; 14.000,00 ; 14.000,00 ;0;
SANTA CASA DE SÃO PA;;6022;4194101;29/03/2021;1; 24.900,00 ; 24.900,00 ;0;
SANTA CASA DE SÃO PA;;6022;4212701;29/04/2021;1; 15.370,00 ; 15.370,00 ;0;
SAO JOSE DE PIRANHAS;;3001;2564601;29/11/2016;1; 41.990,00 ; 41.990,00 ;0;
SEGUROS UNIMED;UNIMED SEGUROS SAUDE S/A;3271;9733;21/03/2025;1; 70.000,00 ; 70.000,00 ;0;
SERGIO MILEV;SERGIO MILEV;5823;62145;18/06/2025;1; 93.525,00 ; 93.525,00 ;0;
SERMED SERVIÇO MEDIC;;3001;340001;08/09/2009;1; 2.200,00 ; 2.200,00 ;0;
SERMED SERVIÇO MEDIC;;3001;340101;08/09/2009;1; 4.400,00 ; 4.400,00 ;0;
SERVIMED;;3343;68296;18/12/2025;1; 62.310,00 ; -   ;62310;
SILVESTRE SAUDE;;3310;11037;14/07/2025;3; 4.780,38 ; 4.780,38 ;0;
SMH SOCIEDADE MEDICO;;3001;8658;28/11/2024;1; 14.788,12 ; 14.788,12 ;0;
SONICARDIO;;3204;64243;21/08/2025;4; 195.000,00 ; 195.000,00 ;0;
SUL AMERICA COMPANHI;SUL AMERICA COMPANHIA DE SEGURO SAUDE;3128;63219;22/07/2025;1; 195.840,00 ; 195.840,00 ;0;
SUL AMERICA SERVICOS;SUL AMERICA SERVICOS DE SAUDE S/A;3117;58745;28/02/2025;1; 24.140,00 ; 24.140,00 ;0;
SURGMED COMERCIO IMP;SURGMED COMERCIO IMP E EXP PROD P/ USO MEDICOS E HOSP LTDA;3119;65143;11/09/2025;1; 54.000,00 ; -   ;54000;
SURGMED COMERCIO IMP;SURGMED COMERCIO IMP E EXP PROD P/ USO MEDICOS E HOSP LTDA;3119;65173;11/09/2025;1; 4.620,00 ; -   ;4620;
SURGMED COMERCIO IMP;SURGMED COMERCIO IMP E EXP PROD P/ USO MEDICOS E HOSP LTDA;3119;65532;24/09/2025;1; 4.620,00 ; -   ;4620;
SURGMED COMERCIO IMP;SURGMED COMERCIO IMP E EXP PROD P/ USO MEDICOS E HOSP LTDA;3119;66195;15/10/2025;2; 11.500,00 ; -   ;11500;
SURGMED COMERCIO IMP;SURGMED COMERCIO IMP E EXP PROD P/ USO MEDICOS E HOSP LTDA;3119;66846;03/11/2025;3; 22.680,00 ; -   ;22680;
SURGMED COMERCIO IMP;SURGMED COMERCIO IMP E EXP PROD P/ USO MEDICOS E HOSP LTDA;3119;68059;10/12/2025;4; 72.000,00 ; -   ;72000;
SÃO FRANCISCO VIDA;Associação São Francisco Vida;3218;67683;28/11/2025;2; 8.758,67 ; -   ;8758,67;
SÃO FRANCISCO VIDA;Associação São Francisco Vida;3218;68448;23/12/2025;1; 5.948,00 ; -   ;5948;
TOTAL MEDCARE;;3001;59975;17/04/2025;4; 10.412,60 ; 10.412,60 ;0;
TOTAL MEDCARE;;3001;59978;17/04/2025;4; 88.327,50 ; 88.327,50 ;0;
UNIDADE DE DOENÇAS C;;3001;1294901;29/11/2013;1; 8.322,34 ; 8.322,34 ;0;
UNIDADE DE DOENÇAS C;;3001;1294902;29/11/2013;1; 8.322,33 ; 8.322,33 ;0;
UNIDADE DE DOENÇAS C;;3001;1294903;29/11/2013;1; 8.322,33 ; 8.322,33 ;0;
UNIDADE DE DOENÇAS C;;3001;1296601;29/11/2013;1; 27.800,00 ; 27.800,00 ;0;
UNIDADE DE DOENÇAS C;;3001;1317801;20/12/2013;1; 41.560,00 ; 41.560,00 ;0;
UNIDADE DE DOENÇAS C;;3001;1347701;31/01/2014;1; 47.900,00 ; 47.900,00 ;0;
UNIDADE DE DOENÇAS C;;3001;1376901;28/02/2014;1; 34.860,00 ; 34.860,00 ;0;
UNIDADE DE DOENÇAS C;;3001;1433201;09/05/2014;1; 18.420,00 ; 18.420,00 ;0;
UNIMED;UNIMED JOAO PESSOA COOPERATIVA DE TRABALHO MEDICO;3221;68046;10/12/2025;1; 198.000,00 ; -   ;198000;
UNIMED;UNIMED JOAO PESSOA COOPERATIVA DE TRABALHO MEDICO;3221;68269;18/12/2025;1; 320.000,00 ; -   ;320000;
UNIMED CAMPO GRANDE;UNIMED CAMPO GRANDE;3352;68510;29/12/2025;1; 32.745,00 ; -   ;32745;
UNIMED CAMPO GRANDE;UNIMED CAMPO GRANDE;3352;68512;29/12/2025;1; 32.195,00 ; -   ;32195;
UNIMED CASCAVEL;UNIMED Cascavel - Coop. de Trabalho Médico Ltda;3539;61939;12/06/2025;1; 1.100,00 ; 1.100,00 ;0;
UNIMED CURITIBA;UNIMED CURITIBA - SOCIEDADE COOPERATIVA DE MEDICOS;3201;51776;15/04/2024;1; 24.000,00 ; 24.000,00 ;0;
UNIMED DE CAMPOS;UNIMED DE CAMPOS COOPERATIVA DE TRABALHO MEDICO;5818;12079;07/10/2025;1; 76.154,00 ; -   ;76154;
UNIMED DE GUARATINGU;UNIMED DE GUARATINGUETA COOPERATIVA DE TRABALHO MEDICO;3580;60510;17/06/2025;2; 37.514,28 ; -   ;37514,28;
UNIMED DE GUARATINGU;UNIMED DE GUARATINGUETA COOPERATIVA DE TRABALHO MEDICO;3580;68049;10/12/2025;3; 81.700,00 ; -   ;81700;
UNIMED DE JUNDIAI;UNIMED DE JUNDIAI COOPERATIVA DE TRABALHO MEDICO;3164;68499;26/12/2025;1; 25.825,00 ; -   ;25825;
UNIMED DE PINDAMONHA;UNIMED DE PINDAMONHANGABA COOPERATIVA DE TRABALHO MEDICO;5721;65006;08/09/2025;1; 9.050,00 ; -   ;9050;
UNIMED DE PINDAMONHA;UNIMED DE PINDAMONHANGABA COOPERATIVA DE TRABALHO MEDICO;5721;65271;16/09/2025;3; 43.342,99 ; -   ;43342,99;
UNIMED DE PINDAMONHA;UNIMED DE PINDAMONHANGABA COOPERATIVA DE TRABALHO MEDICO;5721;65401;19/09/2025;3; 40.000,01 ; -   ;40000,01;
UNIMED DE PINDAMONHA;UNIMED DE PINDAMONHANGABA COOPERATIVA DE TRABALHO MEDICO;5721;66082;10/10/2025;4; 53.333,34 ; -   ;53333,34;
UNIMED DE PINDAMONHA;UNIMED DE PINDAMONHANGABA COOPERATIVA DE TRABALHO MEDICO;5721;66755;31/10/2025;4; 29.200,00 ; -   ;29200;
UNIMED DE PINDAMONHA;UNIMED DE PINDAMONHANGABA COOPERATIVA DE TRABALHO MEDICO;5721;68268;18/12/2025;5; 136.500,00 ; -   ;136500;
UNIMED DE PRES PRUDE;UNIMED DE PRES PRUDENTE COOPERATIVA DE TRABALHO MEDICO;3118;66085;10/10/2025;1; 18.133,34 ; -   ;18133,34;
UNIMED DE PRES PRUDE;UNIMED DE PRES PRUDENTE COOPERATIVA DE TRABALHO MEDICO;3118;66788;31/10/2025;1; 1.666,66 ; -   ;1666,66;
UNIMED DE PRES PRUDE;UNIMED DE PRES PRUDENTE COOPERATIVA DE TRABALHO MEDICO;3118;66789;31/10/2025;1; 16.966,66 ; -   ;16966,66;
UNIMED DE PRES PRUDE;UNIMED DE PRES PRUDENTE COOPERATIVA DE TRABALHO MEDICO;3118;68552;30/12/2025;3; 52.500,00 ; -   ;52500;
UNIMED DE RIO CLARO;UNIMED DE RIO CLARO SP COOPERATIVA DE TRABALHO MEDICO;3644;68520;29/12/2025;1; 85.300,00 ; -   ;85300;
UNIMED DE SANTOS COO;UNIMED DE SANTOS COOP DE TRABALHO MEDICO;3230;67520;25/11/2025;1; 80.059,00 ; -   ;80059;
UNIMED DE TAUBATE CO;UNIMED DE TAUBATE COOPERATIVA DE TRABALHO MEDICO;5817;61116;23/05/2025;6; 27.600,00 ; 18.400,00 ;9200;
UNIMED DO SUDOESTE C;UNIMED DO SUDOESTE COOPERATIVA DE TRABALHO MEDICO LTDA;3253;12082026;17/11/2025;6; 502.031,20 ; -   ;502031,2;
UNIMED FEDERACAO;UNIMED DO EST R J FEDERACAO EST DAS COOPERATIVAS MED;3295;9282;21/01/2025;1; 59.050,00 ; 59.050,00 ;0;
UNIMED FEDERACAO;UNIMED DO EST R J FEDERACAO EST DAS COOPERATIVAS MED;3295;9483;12/02/2025;1; 21.770,00 ; 21.770,00 ;0;
UNIMED FEDERACAO;UNIMED DO EST R J FEDERACAO EST DAS COOPERATIVAS MED;3295;9485;12/02/2025;3; 131.660,00 ; 131.660,00 ;0;
UNIMED FEDERACAO;UNIMED DO EST R J FEDERACAO EST DAS COOPERATIVAS MED;3295;9487;12/02/2025;1; 51.215,00 ; 51.215,00 ;0;
UNIMED FEDERACAO;UNIMED DO EST R J FEDERACAO EST DAS COOPERATIVAS MED;3295;9533;20/02/2025;3; 125.600,00 ; 125.600,00 ;0;
UNIMED FEDERACAO;UNIMED DO EST R J FEDERACAO EST DAS COOPERATIVAS MED;3295;9544;21/02/2025;1; 12.910,00 ; 12.910,00 ;0;
UNIMED FEDERACAO;UNIMED DO EST R J FEDERACAO EST DAS COOPERATIVAS MED;3295;9554;25/02/2025;1; 5.760,00 ; 5.760,00 ;0;
UNIMED FEDERACAO;UNIMED DO EST R J FEDERACAO EST DAS COOPERATIVAS MED;3295;9665;14/03/2025;3; 137.500,00 ; 137.500,00 ;0;
UNIMED FEDERACAO;UNIMED DO EST R J FEDERACAO EST DAS COOPERATIVAS MED;3295;9666;14/03/2025;3; 117.910,00 ; 117.910,00 ;0;
UNIMED FEDERACAO;UNIMED DO EST R J FEDERACAO EST DAS COOPERATIVAS MED;3295;9668;14/03/2025;3; 140.370,00 ; 140.370,00 ;0;
UNIMED FEDERACAO;UNIMED DO EST R J FEDERACAO EST DAS COOPERATIVAS MED;3295;9670;14/03/2025;1; 40.210,00 ; 40.210,00 ;0;
UNIMED FEDERACAO;UNIMED DO EST R J FEDERACAO EST DAS COOPERATIVAS MED;3295;9671;14/03/2025;3; 179.500,00 ; 179.500,00 ;0;
UNIMED FEDERACAO;UNIMED DO EST R J FEDERACAO EST DAS COOPERATIVAS MED;3295;10225;09/05/2025;1; 125.410,00 ; 125.410,00 ;0;
UNIMED FEDERACAO;UNIMED DO EST R J FEDERACAO EST DAS COOPERATIVAS MED;3295;10402;29/05/2025;1; 28.167,43 ; 28.167,43 ;0;
UNIMED FEDERACAO;UNIMED DO EST R J FEDERACAO EST DAS COOPERATIVAS MED;3295;10584;04/06/2025;3; 115.410,00 ; 115.410,00 ;0;
UNIMED FEDERACAO;UNIMED DO EST R J FEDERACAO EST DAS COOPERATIVAS MED;3295;10585;04/06/2025;3; 173.100,00 ; 173.100,00 ;0;
UNIMED FEDERACAO;UNIMED DO EST R J FEDERACAO EST DAS COOPERATIVAS MED;3295;10669;11/06/2025;6; 337.630,00 ; 225.086,68 ;112543,32;
UNIMED FEDERACAO;UNIMED DO EST R J FEDERACAO EST DAS COOPERATIVAS MED;3295;10690;11/06/2025;3; 114.410,00 ; 114.410,00 ;0;
UNIMED FEDERACAO;UNIMED DO EST R J FEDERACAO EST DAS COOPERATIVAS MED;3295;10838;25/06/2025;2; 76.350,00 ; 76.350,00 ;0;
UNIMED FEDERACAO;UNIMED DO EST R J FEDERACAO EST DAS COOPERATIVAS MED;3295;11148;22/07/2025;6; 405.203,00 ; 202.601,49 ;202601,51;
UNIMED FEDERACAO;UNIMED DO EST R J FEDERACAO EST DAS COOPERATIVAS MED;3295;11254;31/07/2025;3; 193.623,00 ; 193.623,00 ;0;
UNIMED FEDERACAO;UNIMED DO EST R J FEDERACAO EST DAS COOPERATIVAS MED;3295;11260;31/07/2025;1; 5.616,00 ; 5.616,00 ;0;
UNIMED FEDERACAO;UNIMED DO EST R J FEDERACAO EST DAS COOPERATIVAS MED;3295;11353;08/08/2025;1; 123.101,62 ; 123.101,62 ;0;
UNIMED FEDERACAO;UNIMED DO EST R J FEDERACAO EST DAS COOPERATIVAS MED;3295;11417;14/08/2025;3; 178.148,40 ; 118.765,60 ;59382,8;
UNIMED FEDERACAO;UNIMED DO EST R J FEDERACAO EST DAS COOPERATIVAS MED;3295;11517;21/08/2025;1; 5.120,00 ; 5.120,00 ;0;
UNIMED FEDERACAO;UNIMED DO EST R J FEDERACAO EST DAS COOPERATIVAS MED;3295;11536;22/08/2025;1; 278.460,00 ; 278.460,00 ;0;
UNIMED FEDERACAO;UNIMED DO EST R J FEDERACAO EST DAS COOPERATIVAS MED;3295;11678;05/09/2025;4; 198.830,00 ; 49.707,50 ;149122,5;
UNIMED FEDERACAO;UNIMED DO EST R J FEDERACAO EST DAS COOPERATIVAS MED;3295;11679;05/09/2025;3; 136.441,32 ; 45.480,44 ;90960,88;
UNIMED FEDERACAO;UNIMED DO EST R J FEDERACAO EST DAS COOPERATIVAS MED;3295;11760;12/09/2025;1; 5.120,00 ; 5.120,00 ;0;
UNIMED FEDERACAO;UNIMED DO EST R J FEDERACAO EST DAS COOPERATIVAS MED;3295;11854;19/09/2025;1; 16.157,43 ; 16.157,43 ;0;
UNIMED FEDERACAO;UNIMED DO EST R J FEDERACAO EST DAS COOPERATIVAS MED;3295;11855;19/09/2025;1; 15.157,43 ; 15.157,43 ;0;
UNIMED FEDERACAO;UNIMED DO EST R J FEDERACAO EST DAS COOPERATIVAS MED;3295;11856;19/09/2025;1; 21.767,43 ; 21.767,43 ;0;
UNIMED FEDERACAO;UNIMED DO EST R J FEDERACAO EST DAS COOPERATIVAS MED;3295;11857;19/09/2025;1; 26.967,43 ; 26.967,43 ;0;
UNIMED FEDERACAO;UNIMED DO EST R J FEDERACAO EST DAS COOPERATIVAS MED;3295;11878;22/09/2025;1; 7.787,43 ; 7.787,43 ;0;
UNIMED FEDERACAO;UNIMED DO EST R J FEDERACAO EST DAS COOPERATIVAS MED;3295;11922;25/09/2025;1; 10.757,43 ; 10.757,43 ;0;
UNIMED FEDERACAO;UNIMED DO EST R J FEDERACAO EST DAS COOPERATIVAS MED;3295;11945;25/09/2025;3; 114.431,32 ; 38.143,78 ;76287,54;
UNIMED FEDERACAO;UNIMED DO EST R J FEDERACAO EST DAS COOPERATIVAS MED;3295;12011;02/10/2025;1; 8.810,00 ; 8.810,00 ;0;
UNIMED FEDERACAO;UNIMED DO EST R J FEDERACAO EST DAS COOPERATIVAS MED;3295;12014;02/10/2025;1; 12.457,43 ; 12.457,43 ;0;
UNIMED FEDERACAO;UNIMED DO EST R J FEDERACAO EST DAS COOPERATIVAS MED;3295;12023;02/10/2025;3; 114.431,32 ; 38.143,78 ;76287,54;
UNIMED FEDERACAO;UNIMED DO EST R J FEDERACAO EST DAS COOPERATIVAS MED;3295;12095;08/10/2025;1; 13.457,43 ; 13.457,43 ;0;
UNIMED FEDERACAO;UNIMED DO EST R J FEDERACAO EST DAS COOPERATIVAS MED;3295;12339;30/10/2025;1; 32.629,88 ; 32.629,88 ;0;
UNIMED FEDERACAO;UNIMED DO EST R J FEDERACAO EST DAS COOPERATIVAS MED;3295;12340;30/10/2025;1; 41.827,43 ; 41.827,43 ;0;
UNIMED FEDERACAO;UNIMED DO EST R J FEDERACAO EST DAS COOPERATIVAS MED;3295;12350;31/10/2025;1; 11.710,00 ; 11.710,00 ;0;
UNIMED FEDERACAO;UNIMED DO EST R J FEDERACAO EST DAS COOPERATIVAS MED;3295;12351;31/10/2025;1; 39.029,88 ; 39.029,88 ;0;
UNIMED FEDERACAO;UNIMED DO EST R J FEDERACAO EST DAS COOPERATIVAS MED;3295;12352;31/10/2025;1; 2.530,00 ; 2.530,00 ;0;
UNIMED LESTE FLUMINE;UNIMED SAO GONCALO NITEROI SOC COOP SERV;3279;9799;27/03/2025;2; 52.564,00 ; -   ;52564;
UNIMED LESTE PAULIST;UNIMED LESTE PAULISTA COOPERATIVA DE TRABALHO MEDICO;3566;65411;19/09/2025;1; 36.900,00 ; -   ;36900;
UNIMED LESTE PAULIST;UNIMED LESTE PAULISTA COOPERATIVA DE TRABALHO MEDICO;3566;66135;13/10/2025;2; 66.150,00 ; -   ;66150;
UNIMED NACIONAL;;3146;64196;20/08/2025;1; 32.860,00 ; 32.860,00 ;0;
UNIMED NACIONAL;;3146;64835;03/09/2025;1; 153.270,00 ; -   ;153270;
UNIMED NACIONAL;;3146;64962;05/09/2025;1; 8.224,25 ; -   ;8224,25;
UNIMED NACIONAL;;3146;11715;09/09/2025;1; 54.213,00 ; -   ;54213;
UNIMED NACIONAL;;3146;65200;12/09/2025;1; 11.790,00 ; -   ;11790;
UNIMED NACIONAL;;3146;65201;12/09/2025;1; 11.439,00 ; -   ;11439;
UNIMED NACIONAL;;3146;65407;19/09/2025;1; 114.536,00 ; -   ;114536;
UNIMED NACIONAL;;3146;65765;01/10/2025;1; 15.380,00 ; -   ;15380;
UNIMED NACIONAL;;3146;65776;02/10/2025;1; 1.630,00 ; -   ;1630;
UNIMED NACIONAL;;3146;65792;02/10/2025;1; 213,00 ; -   ;213;
UNIMED NACIONAL;;3146;65876;06/10/2025;1; 42.372,61 ; -   ;42372,61;
UNIMED NACIONAL;;3146;12147;13/10/2025;1; 107.000,00 ; -   ;107000;
UNIMED NACIONAL;;3146;12426;05/11/2025;1; 46.000,00 ; -   ;46000;
UNIMED OESTE DO PARA;;6851;61892;08/12/2025;13; 470.264,16 ; -   ;470264,16;
UNIMED PETROPOLIS;UNIMED PETROPOLIS COOPERATIVA DE TRABALHO MEDICO;3530;12759;22/12/2025;8; 243.100,00 ; -   ;243100;
UNIMED REGIONAL MARI;UNIMED REGIONAL MARINGA - COOPERATIVA DE TRABALHO MEDICO;3227;51052;05/03/2024;1; 62.100,00 ; 62.100,00 ;0;
UNIMED REGIONAL MARI;UNIMED REGIONAL MARINGA - COOPERATIVA DE TRABALHO MEDICO;3227;66213;15/10/2025;1; 55.750,00 ; -   ;55750;
UNIMED REGIONAL MARI;UNIMED REGIONAL MARINGA - COOPERATIVA DE TRABALHO MEDICO;3227;66748;31/10/2025;1; 154.100,00 ; -   ;154100;
UNIMED REGIONAL MARI;UNIMED REGIONAL MARINGA - COOPERATIVA DE TRABALHO MEDICO;3227;66790;31/10/2025;1; 55.750,00 ; -   ;55750;
UNIMED REGIONAL MARI;UNIMED REGIONAL MARINGA - COOPERATIVA DE TRABALHO MEDICO;3227;67620;27/11/2025;1; 64.650,00 ; -   ;64650;
UNIMED REGIONAL MARI;UNIMED REGIONAL MARINGA - COOPERATIVA DE TRABALHO MEDICO;3227;67641;28/11/2025;1; 59.500,00 ; -   ;59500;
UNIMED SANTA MARIA/R;UNIMED SANTA MARIA/RS - COOPERATIVA DE ASSIST. A SAUDE LTDA;5816;68451;23/12/2025;1; 153.000,00 ; -   ;153000;
UNIMED SAO CARLOS;UNIMED DE SAO CARLOS - COOPERATIVA DE TRABALHO MEDICO;3162;65780;02/10/2025;1; 10.974,02 ; -   ;10974,02;
UNIMED SAO CARLOS;UNIMED DE SAO CARLOS - COOPERATIVA DE TRABALHO MEDICO;3162;65787;02/10/2025;1; 10.373,34 ; -   ;10373,34;
UNIMED SAO CARLOS;UNIMED DE SAO CARLOS - COOPERATIVA DE TRABALHO MEDICO;3162;65788;02/10/2025;1; 7.609,01 ; -   ;7609,01;
UNIMED SAO CARLOS;UNIMED DE SAO CARLOS - COOPERATIVA DE TRABALHO MEDICO;3162;65789;02/10/2025;1; 2.104,50 ; -   ;2104,5;
UNIMED SAO CARLOS;UNIMED DE SAO CARLOS - COOPERATIVA DE TRABALHO MEDICO;3162;65790;02/10/2025;1; 1.033,34 ; -   ;1033,34;
UNIMED SAO CARLOS;UNIMED DE SAO CARLOS - COOPERATIVA DE TRABALHO MEDICO;3162;66157;14/10/2025;1; 5.862,52 ; -   ;5862,52;
UNIMED SAO CARLOS;UNIMED DE SAO CARLOS - COOPERATIVA DE TRABALHO MEDICO;3162;66706;30/10/2025;1; 10.763,18 ; -   ;10763,18;
UNIMED SAO CARLOS;UNIMED DE SAO CARLOS - COOPERATIVA DE TRABALHO MEDICO;3162;67559;26/11/2025;2; 21.948,00 ; -   ;21948;
UNIMED SAO CARLOS;UNIMED DE SAO CARLOS - COOPERATIVA DE TRABALHO MEDICO;3162;67560;26/11/2025;2; 15.688,33 ; -   ;15688,33;
UNIMED SAO CARLOS;UNIMED DE SAO CARLOS - COOPERATIVA DE TRABALHO MEDICO;3162;67566;26/11/2025;2; 9.017,00 ; -   ;9017;
UNIMED SAO CARLOS;UNIMED DE SAO CARLOS - COOPERATIVA DE TRABALHO MEDICO;3162;67568;26/11/2025;2; 21.526,33 ; -   ;21526,33;
UNIMED SAO CARLOS;UNIMED DE SAO CARLOS - COOPERATIVA DE TRABALHO MEDICO;3162;68426;23/12/2025;4; 161.500,00 ; -   ;161500;
UNIMED SAO CARLOS;UNIMED DE SAO CARLOS - COOPERATIVA DE TRABALHO MEDICO;3162;68434;23/12/2025;3; 34.854,00 ; -   ;34854;
UNIMED SAO CARLOS;UNIMED DE SAO CARLOS - COOPERATIVA DE TRABALHO MEDICO;3162;68438;23/12/2025;3; 32.922,00 ; -   ;32922;
UNIMED SAO CARLOS;UNIMED DE SAO CARLOS - COOPERATIVA DE TRABALHO MEDICO;3162;68439;23/12/2025;3; 32.922,00 ; -   ;32922;
UNIMED SAO CARLOS;UNIMED DE SAO CARLOS - COOPERATIVA DE TRABALHO MEDICO;3162;68440;23/12/2025;3; 11.899,50 ; -   ;11899,5;
UNIMED SAO CARLOS;UNIMED DE SAO CARLOS - COOPERATIVA DE TRABALHO MEDICO;3162;68441;23/12/2025;3; 11.899,50 ; -   ;11899,5;
UNIMED SAO CARLOS;UNIMED DE SAO CARLOS - COOPERATIVA DE TRABALHO MEDICO;3162;68447;23/12/2025;3; 31.242,00 ; -   ;31242;
UNIMED SAO JOSE DOS;UNIMED SAO JOSE DOS CAMPOS - COOPERATIVA DE TRABALHO MEDICO;3205;66083;10/10/2025;1; 5.000,00 ; -   ;5000;
UNIMED-RIO;;3001;5317;16/12/2024;16; 350.776,00 ; 109.617,50 ;241158,5;
UNIVERSIDADE FEDERAL;UNIVERSIDADE FEDERAL DA BAHIA;3351;68496;26/12/2025;1; 13.900,00 ; -   ;13900;
VISION MED ASSISTENC;;3001;5209;04/12/2024;11; 266.860,00 ; 266.860,00 ;0;
VS MEDICINA ESPECIAL;VS  MEDICINA ESPECIALIZADA LTDA;3430;65364;18/09/2025;1; 12.210,00 ; 12.210,00 ;0;
