Cliente;;;Nota;Emissão;Parc.; Valor ; Vencido ;A vencer;Status
AMEPLAN ASSISTENCIA;;;67618;27/11/2025;3; 34.926,15 ; 11.642,05 ;23284,1;
AMIL ASSISTENCIA MED;;;65895;06/10/2025;1; 44.509,28 ; -   ;44509,28;
AMIL ASSISTENCIA MED;;;12646;28/11/2025;1; 8.109,28 ; -   ;8109,28;
ANGIOCOR;;;56098;21/07/2025;8; 310.815,00 ; 186.180,00 ;124635;
ASSIM SAUDE;;;12090;07/10/2025;1; 3.040,00 ; 3.040,00 ;0;
ASSIM SAUDE;;;12091;07/10/2025;1; 23.125,00 ; 23.125,00 ;0;
ASSISTENCIA MEDICA E;;;212601;17/02/2009;1; 5.250,00 ; 5.250,00 ;0;
ASSISTENCIA MEDICA E;;;212602;17/02/2009;1; 5.250,00 ; 5.250,00 ;0;
ASSISTENCIA MEDICA E;;;6101;18/03/2009;1; 5.250,00 ; 5.250,00 ;0;
ASSISTENCIA MEDICA E;;;6102;18/03/2009;1; 5.250,00 ; 5.250,00 ;0;
ASSISTENCIA MEDICA E;;;243501;18/03/2009;1; 5.250,00 ; 5.250,00 ;0;
ASSISTENCIA MEDICA E;;;243502;18/03/2009;1; 5.250,00 ; 5.250,00 ;0;
ASSOCIACAO AUXILIADO;;;2713301;28/03/2017;1; 51.255,00 ; 51.255,00 ;0;
ASSOCIACAO BENEFICEN;;;49165;13/11/2023;1; 14.000,00 ; 14.000,00 ;0;
ASSOCIACAO BENEFICEN;;;50836;21/02/2024;1; 195,45 ; 195,45 ;0;
ASSOCIACAO BENEFICEN;;;50837;21/02/2024;1; 195,45 ; 195,45 ;0;
ASSOCIACAO BENEFICEN;;;50838;21/02/2024;1; 195,45 ; 195,45 ;0;
ASSOCIACAO BENEFICEN;;;50874;23/02/2024;1; 499,14 ; 499,14 ;0;
ASSOCIACAO BENEFICEN;;;50875;23/02/2024;1; 195,45 ; 195,45 ;0;
ASSOCIACAO BENEFICEN;;;50876;23/02/2024;1; 195,45 ; 195,45 ;0;
ASSOCIACAO BENEFICEN;;;50928;27/02/2024;1; 12.544,98 ; 12.544,98 ;0;
ASSOCIACAO BENEFICEN;;;50934;27/02/2024;1; 43.763,58 ; 43.763,58 ;0;
ASSOCIACAO BENEFICEN;;;50937;27/02/2024;1; 55.352,68 ; 55.352,68 ;0;
ASSOCIACAO BENEFICEN;;;51021;04/03/2024;1; 499,14 ; 499,14 ;0;
ASSOCIACAO BENEFICEN;;;51328;19/03/2024;1; 499,14 ; 499,14 ;0;
ASSOCIACAO BENEFICEN;;;51329;19/03/2024;1; 195,45 ; 195,45 ;0;
ASSOCIACAO BENEFICEN;;;51331;19/03/2024;1; 499,14 ; 499,14 ;0;
ASSOCIACAO BENEFICEN;;;51556;28/03/2024;1; 56.045,67 ; 56.045,67 ;0;
ASSOCIACAO BENEFICEN;;;51557;28/03/2024;1; 14.000,00 ; 14.000,00 ;0;
ASSOCIACAO BENEFICEN;;;51702;10/04/2024;1; 195,45 ; 195,45 ;0;
ASSOCIACAO BENEFICEN;;;51714;10/04/2024;1; 14.000,00 ; 14.000,00 ;0;
ASSOCIACAO BENEFICEN;;;51745;11/04/2024;1; 195,45 ; 195,45 ;0;
ASSOCIACAO BENEFICEN;;;52752;18/06/2024;1; 195,45 ; 195,45 ;0;
ASSOCIACAO BENEFICEN;;;52753;18/06/2024;1; 195,45 ; 195,45 ;0;
ASSOCIACAO BENEFICEN;;;52755;18/06/2024;1; 195,45 ; 195,45 ;0;
ASSOCIACAO BENEFICEN;;;53473;24/07/2024;1; 14.000,00 ; 14.000,00 ;0;
ASSOCIACAO BENEFICEN;;;54320;04/09/2024;1; 14.000,00 ; 14.000,00 ;0;
ASSOCIACAO BENEFICEN;;;54854;27/09/2024;1; 55.467,43 ; 55.467,43 ;0;
ASSOCIACAO BENEFICEN;;;55197;14/10/2024;1; 14.000,00 ; 14.000,00 ;0;
ASSOCIACAO BENEFICEN;;;62726;07/07/2025;1; 11.200,00 ; 11.200,00 ;0;
ASSOCIACAO HOSPITALA;;;66729;31/10/2025;4; 73.660,00 ; 36.830,00 ;36830;
ATIVA MEDICAL COMERC;;;49006;30/10/2023;2; 78.000,00 ; 78.000,00 ;0;
ATIVIA SERVICOS DE S;;;47567;20/07/2023;1; 20.150,00 ; 20.150,00 ;0;
ATIVIA SERVICOS DE S;;;47665;27/07/2023;1; 38.990,00 ; 38.990,00 ;0;
ATIVIA SERVICOS DE S;;;52346;24/05/2024;4; 175.700,00 ; 175.700,00 ;0;
AUSTACLINICAS ASSIST;;;66715;30/10/2025;1; 39.860,00 ; 39.860,00 ;0;
AUSTACOR;;;68460;23/12/2025;1; 38.060,00 ; -   ;38060;
BANCO BRADESCO S.A.;;;4367601;25/04/2022;1; 108.761,94 ; 108.761,94 ;0;
BANCO BRADESCO S.A.;;;4367602;25/04/2022;1; 108.761,94 ; 108.761,94 ;0;
BANCO BRADESCO S.A.;;;4386001;08/07/2022;1; 121.396,75 ; 121.396,75 ;0;
BANCO BRADESCO S.A.;;;4459701;07/10/2022;1; 70.000,00 ; 70.000,00 ;0;
BANCO DO BRASIL S.A.;;;4692301;01/06/2023;1; 71.100,00 ; 71.100,00 ;0;
BIOCATH;;;68006;09/12/2025;1; 1.845,00 ; -   ;1845;
BIOMEDICAL - BAHIA;;;844902;31/08/2012;1; 17.887,50 ; 17.887,50 ;0;
BIOMEDICAL - BAHIA;;;844903;31/08/2012;1; 17.887,50 ; 17.887,50 ;0;
BIOMEDICAL - BAHIA;;;844904;31/08/2012;1; 17.887,50 ; 17.887,50 ;0;
BIOMEDICAL - BAHIA;;;864001;17/09/2012;1; 6.750,00 ; 6.750,00 ;0;
BIOMEDICAL - BAHIA;;;864002;17/09/2012;1; 6.750,00 ; 6.750,00 ;0;
BIOMEDICAL - BAHIA;;;864003;17/09/2012;1; 6.750,00 ; 6.750,00 ;0;
BIOMEDICAL - BAHIA;;;864004;17/09/2012;1; 6.750,00 ; 6.750,00 ;0;
BIOMEDICAL - BAHIA;;;894301;09/10/2012;1; 1.500,00 ; 1.500,00 ;0;
BIOMEDICAL - BAHIA;;;894302;09/10/2012;1; 1.500,00 ; 1.500,00 ;0;
BIOMEDICAL - BAHIA;;;894303;09/10/2012;1; 1.500,00 ; 1.500,00 ;0;
BIOMEDICAL - BAHIA;;;894304;09/10/2012;1; 1.500,00 ; 1.500,00 ;0;
BIOMEDICAL - BAHIA;;;896901;11/10/2012;1; 11.425,00 ; 11.425,00 ;0;
BIOMEDICAL - BAHIA;;;896902;11/10/2012;1; 11.425,00 ; 11.425,00 ;0;
BIOMEDICAL - BAHIA;;;896903;11/10/2012;1; 11.425,00 ; 11.425,00 ;0;
BIOMEDICAL - BAHIA;;;896904;11/10/2012;1; 11.425,00 ; 11.425,00 ;0;
BIOMEDICAL - BAHIA;;;906901;19/10/2012;1; 350,00 ; 350,00 ;0;
BIOMEDICAL - BAHIA;;;906903;19/10/2012;1; 350,00 ; 350,00 ;0;
BIOMEDICAL - BAHIA;;;906904;19/10/2012;1; 350,00 ; 350,00 ;0;
BIOMEDICAL - BAHIA;;;912801;25/10/2012;1; 769,76 ; 769,76 ;0;
BIOMEDICAL - BAHIA;;;912803;25/10/2012;1; 769,75 ; 769,75 ;0;
BIOMEDICAL - BAHIA;;;912804;25/10/2012;1; 769,75 ; 769,75 ;0;
BIOMEDICAL - BAHIA;;;844901;17/12/2012;1; 5.887,50 ; 5.887,50 ;0;
BOM SAMARITANO;;;55868;11/11/2024;1; 153.000,00 ; 153.000,00 ;0;
BOM SAMARITANO;;;62132;18/06/2025;1; 240,38 ; 240,38 ;0;
BOM SAMARITANO;;;67672;28/11/2025;1; 30.670,40 ; -   ;30670,4;
BOM SAMARITANO;;;67674;28/11/2025;1; 13.354,32 ; -   ;13354,32;
BOM SAMARITANO;;;67788;02/12/2025;1; 43.508,80 ; -   ;43508,8;
BOM SAMARITANO;;;67789;02/12/2025;1; 43.313,35 ; -   ;43313,35;
BOM SAMARITANO;;;67890;05/12/2025;1; 240,38 ; -   ;240,38;
BRUNO LEONARDO SANTO;;;63641;04/08/2025;1; 15.214,80 ; 15.214,80 ;0;
CABERJ INTEGRAL SAUD;;;11126;21/07/2025;1; 8.023,00 ; 8.023,00 ;0;
CASA DE SAUDE NOSSA;;;11926;25/09/2025;1; 93.540,00 ; -   ;93540;
CASA DE SAUDE NOSSA;;;12019;02/10/2025;1; 24.255,80 ; -   ;24255,8;
CASA DE SAUDE SANTA;;;67858;04/12/2025;1; 29.793,58 ; -   ;29793,58;
CASSEMS;;;63086;18/07/2025;1; 192.200,00 ; 192.200,00 ;0;
CASSI SAO PAULO - SP;;;68090;11/12/2025;1; 31.180,29 ; -   ;31180,29;
CENTRO MEDICO SANTA;;;61712;05/06/2025;4; 50.060,00 ; 50.060,00 ;0;
CENTRO MEDICO SANTA;;;64284;22/08/2025;5; 71.500,00 ; 71.500,00 ;0;
CENTRO TRASMONTANO D;;;68091;11/12/2025;1; 32.500,00 ; -   ;32500;
CLINICA MÉDICA NOSSA;;;250101;25/03/2009;1; 2.034,50 ; 2.034,50 ;0;
COMPLEXO HOSPITALAR;;;11641;01/09/2025;1; 90.000,00 ; 90.000,00 ;0;
COMPLEXO HOSPITALAR;;;12735;18/12/2025;1; 4.690,00 ; -   ;4690;
CRUZ VERMELHA BRASIL;;;62238;23/06/2025;1; 132.300,00 ; 132.300,00 ;0;
CRUZ VERMELHA BRASIL;;;65334;18/09/2025;1; 44.034,00 ; -   ;44034;
CRUZ VERMELHA BRASIL;;;65397;19/09/2025;1; 77.996,00 ; -   ;77996;
CRUZ VERMELHA BRASIL;;;68546;30/12/2025;1; 56.249,23 ; -   ;56249,23;
EDSON DOS SANTOS MAR;;;202224;09/06/2022;1; 8.102,00 ; -   ;8102;
EDSON DOS SANTOS MAR;;;202233;09/06/2022;1; 8.102,00 ; 8.102,00 ;0;
EDSON DOS SANTOS MAR;;;202234;09/06/2022;1; 8.102,00 ; 8.102,00 ;0;
EDSON DOS SANTOS MAR;;;202235;09/06/2022;1; 8.102,00 ; 8.102,00 ;0;
EDSON DOS SANTOS MAR;;;202237;09/06/2022;1; 8.102,00 ; 8.102,00 ;0;
FAJ;;;65799;02/10/2025;1; 29.763,58 ; -   ;29763,58;
FAJ;;;67242;14/11/2025;1; 14.000,00 ; -   ;14000;
FAJ;;;67823;03/12/2025;1; 30.377,47 ; -   ;30377,47;
FAJ;;;68322;18/12/2025;1; 29.763,58 ; -   ;29763,58;
FAJ;;;68562;30/12/2025;1; 29.763,58 ; -   ;29763,58;
FENIX MEDICAL;;;65858;03/10/2025;1; 4.888,66 ; -   ;4888,66;
FENIX MEDICAL;;;68450;23/12/2025;4; 39.289,00 ; -   ;39289;
FOR LIFE MATERIAIS H;;;65150;11/09/2025;1; 97.675,00 ; 97.675,00 ;0;
FUNDACAO BAHIANA DE;;;4142501;07/01/2021;1; 3.000,00 ; 3.000,00 ;0;
FUNDACAO BAHIANA DE;;;4143001;08/01/2021;1; 600,00 ; 600,00 ;0;
FUNDACAO BAHIANA DE;;;4159401;29/01/2021;1; 1.200,00 ; 1.200,00 ;0;
FUNDACAO BAHIANA DE;;;4159501;29/01/2021;1; 2.000,00 ; 2.000,00 ;0;
FUNDACAO BAHIANA DE;;;4159601;29/01/2021;1; 2.600,00 ; 2.600,00 ;0;
FUNDACAO BAHIANA DE;;;4181701;08/03/2021;1; 2.000,00 ; 2.000,00 ;0;
FUNDACAO BAHIANA DE;;;4181801;08/03/2021;1; 600,00 ; 600,00 ;0;
FUNDACAO BAHIANA DE;;;4187201;19/03/2021;1; 2.000,00 ; 2.000,00 ;0;
FUNDACAO BAHIANA DE;;;4195601;30/03/2021;1; 1.200,00 ; 1.200,00 ;0;
FUNDACAO BAHIANA DE;;;4195701;30/03/2021;1; 600,00 ; 600,00 ;0;
FUNDACAO BAHIANA DE;;;4195801;30/03/2021;1; 2.000,00 ; 2.000,00 ;0;
FUNDACAO BAHIANA DE;;;4195901;30/03/2021;1; 2.000,00 ; 2.000,00 ;0;
FUNDACAO BAHIANA DE;;;4197301;31/03/2021;1; 2.000,00 ; 2.000,00 ;0;
FUNDACAO BAHIANA DE;;;4197401;31/03/2021;1; 600,00 ; 600,00 ;0;
FUNDACAO BAHIANA DE;;;4203101;09/04/2021;1; 600,00 ; 600,00 ;0;
FUNDACAO BAHIANA DE;;;4203201;09/04/2021;1; 600,00 ; 600,00 ;0;
FUNDACAO BAHIANA DE;;;4203301;09/04/2021;1; 600,00 ; 600,00 ;0;
FUNDACAO BAHIANA DE;;;4205401;14/04/2021;1; 600,00 ; 600,00 ;0;
FUNDACAO BAHIANA DE;;;4209601;23/04/2021;1; 600,00 ; 600,00 ;0;
FUNDACAO BAHIANA DE;;;4217701;06/05/2021;1; 2.000,00 ; 2.000,00 ;0;
FUNDACAO BAHIANA DE;;;4217801;06/05/2021;1; 2.000,00 ; 2.000,00 ;0;
FUNDACAO BAHIANA DE;;;26401;05/08/2021;1; 600,00 ; 600,00 ;0;
FUNDACAO BAHIANA DE;;;26501;05/08/2021;1; 600,00 ; 600,00 ;0;
FUNDACAO BAHIANA DE;;;4483701;28/10/2022;1; 6.520,00 ; 6.520,00 ;0;
FUNDACAO BAHIANA DE;;;4483801;28/10/2022;1; 6.520,00 ; 6.520,00 ;0;
FUNDACAO BAHIANA DE;;;4536201;04/01/2023;1; 4.720,00 ; 4.720,00 ;0;
FUNDACAO BAHIANA DE;;;4592601;10/03/2023;1; 3.824,80 ; 3.824,80 ;0;
FUNDACAO BAHIANA DE;;;4621901;06/04/2023;1; 7.760,00 ; 7.760,00 ;0;
FUNDACAO BAHIANA DE;;;65204;12/09/2025;1; 14.000,00 ; 14.000,00 ;0;
FUNDACAO BAHIANA DE;;;65207;12/09/2025;1; 55.200,00 ; 55.200,00 ;0;
FUNDACAO FELÍCIO ROC;;;66006;08/10/2025;1; 172.052,00 ; -   ;172052;
FUNDACAO FELÍCIO ROC;;;67550;26/11/2025;1; 22.800,00 ; -   ;22800;
FUSVE;;;11505;20/08/2025;1; 32.990,00 ; 32.990,00 ;0;
FUSVE;;;11506;20/08/2025;1; 3.840,00 ; 3.840,00 ;0;
FUSVE;;;11507;20/08/2025;1; 3.840,00 ; 3.840,00 ;0;
FUSVE;;;11508;20/08/2025;1; 3.840,00 ; 3.840,00 ;0;
FUSVE;;;11509;20/08/2025;1; 32.990,00 ; 32.990,00 ;0;
FUSVE;;;12034;03/10/2025;1; 5.740,00 ; 5.740,00 ;0;
FUSVE;;;12035;03/10/2025;1; 5.740,00 ; 5.740,00 ;0;
FUSVE;;;12036;03/10/2025;1; 30.712,45 ; 30.712,45 ;0;
FUSVE;;;12037;03/10/2025;1; 5.240,00 ; 5.240,00 ;0;
FUSVE;;;12038;03/10/2025;1; 3.840,00 ; 3.840,00 ;0;
FUSVE;;;12043;03/10/2025;1; 6.920,00 ; 6.920,00 ;0;
FUSVE;;;12044;03/10/2025;1; 7.100,00 ; 7.100,00 ;0;
FUSVE;;;12327;30/10/2025;1; 3.840,00 ; 3.840,00 ;0;
FUSVE;;;12328;30/10/2025;1; 3.840,00 ; 3.840,00 ;0;
FUSVE;;;12329;30/10/2025;1; 32.990,00 ; 32.990,00 ;0;
FUSVE;;;12330;30/10/2025;1; 3.840,00 ; 3.840,00 ;0;
FUSVE;;;12331;30/10/2025;1; 6.920,00 ; 6.920,00 ;0;
FUSVE;;;12332;30/10/2025;1; 16.840,00 ; 16.840,00 ;0;
FUSVE;;;12333;30/10/2025;1; 12.620,00 ; 12.620,00 ;0;
FUSVE;;;12334;30/10/2025;1; 5.740,00 ; 5.740,00 ;0;
G E R;;;35001;19/09/2014;1; 5.920,00 ; 5.920,00 ;0;
GERENCIA REGIONAL DO;;;4401302;30/06/2022;1; 36.100,00 ; 36.100,00 ;0;
GERENCIA REGIONAL DO;;;4460801;30/09/2022;1; 5.780,00 ; 5.780,00 ;0;
GERENCIA REGIONAL DO;;;4490701;08/11/2022;1; 80,00 ; 80,00 ;0;
GERENCIA REGIONAL DO;;;4502901;25/11/2022;1; 156.171,40 ; 156.171,40 ;0;
GERENCIA REGIONAL DO;;;6499;03/04/2024;1; 20.861,66 ; 20.861,66 ;0;
GERENCIA REGIONAL DO;;;8143;10/10/2024;1; 8.070,00 ; 8.070,00 ;0;
GERENCIA REGIONAL DO;;;8144;10/10/2024;1; 20.150,00 ; 20.150,00 ;0;
GERENCIA REGIONAL DO;;;8146;10/10/2024;1; 10.929,00 ; 10.929,00 ;0;
GERENCIA REGIONAL DO;;;8148;10/10/2024;1; 7.450,00 ; 7.450,00 ;0;
GERENCIA REGIONAL DO;;;8149;10/10/2024;1; 6.273,50 ; 6.273,50 ;0;
GERENCIA REGIONAL DO;;;8343;01/11/2024;1; 13.295,00 ; 13.295,00 ;0;
GERENCIA REGIONAL DO;;;8409;05/11/2024;1; 20.419,50 ; 20.419,50 ;0;
GERENCIA REGIONAL DO;;;8416;05/11/2024;1; 1.966,50 ; 1.966,50 ;0;
GERENCIA REGIONAL DO;;;8422;05/11/2024;1; 71.500,00 ; 71.500,00 ;0;
GERENCIA REGIONAL DO;;;8424;05/11/2024;1; 9.723,50 ; 9.723,50 ;0;
GERENCIA REGIONAL DO;;;8426;05/11/2024;1; 20.276,50 ; 20.276,50 ;0;
GERENCIA REGIONAL DO;;;8430;05/11/2024;1; 6.273,50 ; 6.273,50 ;0;
GERENCIA REGIONAL DO;;;8434;06/11/2024;1; 8.240,00 ; 8.240,00 ;0;
GERENCIA REGIONAL DO;;;8437;06/11/2024;1; 17.440,00 ; 17.440,00 ;0;
GERENCIA REGIONAL DO;;;8439;06/11/2024;1; 110.000,00 ; 110.000,00 ;0;
GERENCIA REGIONAL DO;;;8443;06/11/2024;1; 17.310,00 ; 17.310,00 ;0;
GERENCIA REGIONAL DO;;;8444;06/11/2024;1; 132.456,00 ; 132.456,00 ;0;
GERENCIA REGIONAL DO;;;8445;06/11/2024;1; 129.700,00 ; 129.700,00 ;0;
GERENCIA REGIONAL DO;;;8447;06/11/2024;1; 20.370,00 ; 20.370,00 ;0;
GERENCIA REGIONAL DO;;;8448;06/11/2024;1; 105.610,00 ; 105.610,00 ;0;
GERENCIA REGIONAL DO;;;8449;06/11/2024;1; 11.040,00 ; 11.040,00 ;0;
GERENCIA REGIONAL DO;;;8457;06/11/2024;1; 200,00 ; 200,00 ;0;
GERENCIA REGIONAL DO;;;8472;07/11/2024;1; 20.073,50 ; 20.073,50 ;0;
GERENCIA REGIONAL DO;;;8474;07/11/2024;1; 63.050,00 ; 63.050,00 ;0;
GERENCIA REGIONAL DO;;;8478;07/11/2024;1; 300,00 ; 300,00 ;0;
GERENCIA REGIONAL DO;;;8486;07/11/2024;1; 20.380,00 ; 20.380,00 ;0;
GERENCIA REGIONAL DO;;;12061;06/10/2025;1; 16.704,54 ; 16.704,54 ;0;
GERENCIA REGIONAL DO;;;12065;06/10/2025;1; 30.078,91 ; 30.078,91 ;0;
GERENCIA REGIONAL DO;;;12067;06/10/2025;1; 32.796,46 ; 32.796,46 ;0;
GERENCIA REGIONAL DO;;;12076;07/10/2025;1; 34.142,54 ; 34.142,54 ;0;
GERENCIA REGIONAL DO;;;12702;10/12/2025;1; 7.119,82 ; -   ;7119,82;
GERENCIA REGIONAL DO;;;68068;10/12/2025;1; 19.067,60 ; -   ;19067,6;
GRUPO CEMERU SAUDE;;;4543;24/07/2023;1; 9.430,00 ; 9.430,00 ;0;
GS - PLANO GLOBAL DE;;;12158;14/10/2025;2; 20.214,48 ; -   ;20214,48;
HCOR - HOSPITAL DO C;;;65170;11/09/2025;1; 118.600,00 ; 118.600,00 ;0;
HELENA DE LIMA BRAGA;;;65237;15/09/2025;1; 189.480,00 ; 189.480,00 ;0;
HEMOBAHIA;;;2936104;30/01/2018;1; 675,00 ; 675,00 ;0;
HEMOBAHIA;;;2960101;26/02/2018;1; 2.700,00 ; 2.700,00 ;0;
HEMOBAHIA;;;2960102;26/02/2018;1; 2.700,00 ; 2.700,00 ;0;
HEMOBAHIA;;;2960103;26/02/2018;1; 2.700,00 ; 2.700,00 ;0;
HEMOBAHIA;;;2960104;26/02/2018;1; 2.700,00 ; 2.700,00 ;0;
HEMOBAHIA;;;2997801;22/03/2018;1; 1.350,00 ; 1.350,00 ;0;
HEMOBAHIA;;;2997802;22/03/2018;1; 1.350,00 ; 1.350,00 ;0;
HEMOBAHIA;;;2997803;22/03/2018;1; 1.350,00 ; 1.350,00 ;0;
HEMOBAHIA;;;2997804;22/03/2018;1; 1.350,00 ; 1.350,00 ;0;
HEMOBAHIA;;;3006001;29/03/2018;1; 675,00 ; 675,00 ;0;
HEMOBAHIA;;;3006002;29/03/2018;1; 675,00 ; 675,00 ;0;
HEMOBAHIA;;;3006003;29/03/2018;1; 675,00 ; 675,00 ;0;
HEMOBAHIA;;;3006004;29/03/2018;1; 675,00 ; 675,00 ;0;
HEMOBAHIA;;;3114501;19/06/2018;1; 675,00 ; 675,00 ;0;
HEMOBAHIA;;;3114502;19/06/2018;1; 675,00 ; 675,00 ;0;
HEMOBAHIA;;;3114503;19/06/2018;1; 675,00 ; 675,00 ;0;
HEMOBAHIA;;;3114504;19/06/2018;1; 675,00 ; 675,00 ;0;
HEMOBAHIA;;;3242701;18/09/2018;1; 675,00 ; 675,00 ;0;
HEMOBAHIA;;;3242702;18/09/2018;1; 675,00 ; 675,00 ;0;
HEMOBAHIA;;;3242703;18/09/2018;1; 675,00 ; 675,00 ;0;
HEMOBAHIA;;;3242704;18/09/2018;1; 675,00 ; 675,00 ;0;
HEMOCOR;;;1992403;22/09/2015;1; 3.800,00 ; 3.800,00 ;0;
HEMOCOR;;;1992502;22/09/2015;1; 18.900,00 ; 18.900,00 ;0;
HEMOCOR;;;2048603;06/11/2015;1; 17.850,00 ; 17.850,00 ;0;
HEMOCOR;;;2048702;06/11/2015;1; 23.800,00 ; 23.800,00 ;0;
HEMOCOR;;;2052002;11/11/2015;1; 11.900,00 ; 11.900,00 ;0;
HEMOCOR;;;2058102;13/11/2015;1; 5.950,00 ; 5.950,00 ;0;
HEMOCOR;;;2060902;17/11/2015;1; 11.900,00 ; 11.900,00 ;0;
HEMOCOR;;;2123802;18/01/2016;1; 5.950,00 ; 5.950,00 ;0;
HEMOCOR;;;2131402;26/01/2016;1; 5.950,00 ; 5.950,00 ;0;
HEMOCOR;;;2170503;23/02/2016;1; 4.892,50 ; 4.892,50 ;0;
HOSP CASA SAO BERNAR;;;5181;16/10/2023;1; 15.531,00 ; 15.531,00 ;0;
HOSP REGIONAL DE SOR;;;67056;07/11/2025;1; 4.180,00 ; -   ;4180;
HOSP REGIONAL DE SOR;;;67059;07/11/2025;1; 4.180,00 ; -   ;4180;
HOSP REGIONAL DE SOR;;;67062;07/11/2025;1; 7.260,00 ; -   ;7260;
HOSP REGIONAL DE SOR;;;67512;25/11/2025;1; 7.799,00 ; -   ;7799;
HOSP REGIONAL DE SOR;;;67513;25/11/2025;1; 4.334,00 ; -   ;4334;
HOSP REGIONAL DE SOR;;;67515;25/11/2025;1; 4.334,00 ; -   ;4334;
HOSP. CASA EVANGELIC;;;298301;27/12/2022;1; 105.756,00 ; 105.756,00 ;0;
HOSPITAL ANGELINA CA;;;65763;01/10/2025;1; 40.749,10 ; 40.749,10 ;0;
HOSPITAL ANGELINA CA;;;65778;02/10/2025;1; 14.467,86 ; -   ;14467,86;
HOSPITAL ANGELINA CA;;;66868;04/11/2025;1; 41.147,09 ; -   ;41147,09;
HOSPITAL ANGELINA CA;;;67169;12/11/2025;1; 13.883,19 ; -   ;13883,19;
HOSPITAL ANGELINA CA;;;67599;27/11/2025;1; 53.064,82 ; -   ;53064,82;
HOSPITAL ANGELINA CA;;;67600;27/11/2025;1; 41.332,76 ; -   ;41332,76;
HOSPITAL ANGELINA CA;;;67785;02/12/2025;1; 24.206,80 ; -   ;24206,8;
HOSPITAL ASSUNCAO;;;4415401;29/07/2022;1; 85.930,50 ; 85.930,50 ;0;
HOSPITAL BARRA D'OR;;;11735;11/09/2025;1; 147.853,00 ; -   ;147853;
HOSPITAL BENEFICENTE;;;67872;04/12/2025;2; 62.765,00 ; -   ;62765;
HOSPITAL BENEFICIENC;;;67491;24/11/2025;1; 320.000,00 ; -   ;320000;
HOSPITAL BENEFICIENC;;;67869;04/12/2025;1; 111.840,73 ; -   ;111840,73;
HOSPITAL BENEFICIENC;;;68250;17/12/2025;1; 117.036,53 ; -   ;117036,53;
HOSPITAL CEPOG LTDA;;;64220;20/08/2025;1; 6.300,00 ; -   ;6300;
HOSPITAL CEPOG LTDA;;;68497;26/12/2025;3; 18.400,00 ; -   ;18400;
HOSPITAL COPA DOR ST;;;6345;07/03/2024;1; 7.371,00 ; 7.371,00 ;0;
HOSPITAL DA BAHIA;;;64491;27/08/2025;1; 73.500,00 ; 73.500,00 ;0;
HOSPITAL DA FUNDACAO;;;67094;10/11/2025;1; 43.899,21 ; -   ;43899,21;
HOSPITAL DA FUNDACAO;;;67803;02/12/2025;1; 50.270,06 ; -   ;50270,06;
HOSPITAL DE BASE;;;64919;04/09/2025;1; 15.750,00 ; -   ;15750;
HOSPITAL DE BASE;;;65793;02/10/2025;1; 34.200,00 ; -   ;34200;
HOSPITAL DE BASE;;;65860;03/10/2025;1; 26.600,00 ; -   ;26600;
HOSPITAL DE BASE;;;66240;16/10/2025;1; 38.630,20 ; -   ;38630,2;
HOSPITAL DE BASE;;;66241;16/10/2025;1; 27.339,72 ; -   ;27339,72;
HOSPITAL DE BASE;;;66424;22/10/2025;1; 5.213,00 ; -   ;5213;
HOSPITAL DE BASE;;;66899;04/11/2025;1; 17.500,00 ; -   ;17500;
HOSPITAL DE BASE;;;67551;26/11/2025;1; 38.630,20 ; -   ;38630,2;
HOSPITAL DE BASE;;;67552;26/11/2025;1; 12.600,00 ; -   ;12600;
HOSPITAL DE BASE;;;67555;26/11/2025;1; 38.630,20 ; -   ;38630,2;
HOSPITAL DE BASE;;;67678;28/11/2025;1; 68.850,00 ; -   ;68850;
HOSPITAL DE CLINICAS;;;66679;30/10/2025;1; 55.467,43 ; -   ;55467,43;
HOSPITAL DE CLINICAS;;;66929;05/11/2025;1; 480,76 ; -   ;480,76;
HOSPITAL DE CLINICAS;;;66930;05/11/2025;1; 42.308,56 ; -   ;42308,56;
HOSPITAL DE CLINICAS;;;67602;27/11/2025;1; 30.244,34 ; -   ;30244,34;
HOSPITAL DE CLINICAS;;;68557;30/12/2025;1; 42.922,45 ; -   ;42922,45;
HOSPITAL DE CLINICAS;;;68558;30/12/2025;1; 42.308,56 ; -   ;42308,56;
HOSPITAL DE CLINICAS;;;68559;30/12/2025;1; 42.308,56 ; -   ;42308,56;
HOSPITAL DO SERVIDOR;;;67011;06/11/2025;1; 31.613,34 ; 31.613,34 ;0;
HOSPITAL DOM JOAQUIM;;;66521;24/10/2025;1; 14.240,38 ; -   ;14240,38;
HOSPITAL DOM JOAQUIM;;;66770;31/10/2025;1; 43.403,21 ; -   ;43403,21;
HOSPITAL DOM JOAQUIM;;;66779;31/10/2025;1; 14.435,83 ; -   ;14435,83;
HOSPITAL DOM JOAQUIM;;;67036;07/11/2025;1; 43.508,80 ; -   ;43508,8;
HOSPITAL DOM JOAQUIM;;;67037;07/11/2025;1; 43.508,80 ; -   ;43508,8;
HOSPITAL DOM JOAQUIM;;;67038;07/11/2025;1; 43.508,80 ; -   ;43508,8;
HOSPITAL E CLINICA S;;;11823;17/09/2025;1; 128.000,00 ; -   ;128000;
HOSPITAL E CLINICA S;;;12700;10/12/2025;1; 97.403,70 ; -   ;97403,7;
HOSPITAL E MATERNIDA;;;179901;23/12/2008;1; 14.600,00 ; 14.600,00 ;0;
HOSPITAL E MATERNIDA;;;180301;24/12/2008;1; 7.300,00 ; 7.300,00 ;0;
HOSPITAL E MATERNIDA;;;52802;19/06/2024;1; 30.724,00 ; 30.724,00 ;0;
HOSPITAL E MATERNIDA;;;64967;05/09/2025;1; 6.820,00 ; -   ;6820;
HOSPITAL E MATERNIDA;;;65259;16/09/2025;1; 43.945,00 ; -   ;43945;
HOSPITAL E MATERNIDA;;;68254;17/12/2025;1; 60.018,00 ; -   ;60018;
HOSPITAL E MATERNIDA;;;68494;26/12/2025;1; 190.200,00 ; -   ;190200;
HOSPITAL ESCOLA ALVA;;;12604;24/11/2025;1; 156.100,00 ; 156.100,00 ;0;
HOSPITAL ESPERANCA O;;;65163;11/09/2025;1; 132.200,00 ; -   ;132200;
HOSPITAL ESPERANCA S;;;66723;31/10/2025;1; 4.600,00 ; -   ;4600;
HOSPITAL ICARAI;;;9790;26/03/2025;1; 3.190,00 ; 3.190,00 ;0;
HOSPITAL ICARAI;;;10679;11/06/2025;1; 32.815,20 ; 32.815,20 ;0;
HOSPITAL ICARAI;;;11923;25/09/2025;1; 31.968,40 ; -   ;31968,4;
HOSPITAL ICARAI;;;12606;24/11/2025;1; 33.433,02 ; -   ;33433,02;
HOSPITAL ILHA DO GOV;;;8567;22/11/2024;1; 17.724,00 ; 17.724,00 ;0;
HOSPITAL ILHA DO GOV;;;9089;27/12/2024;1; 40.936,55 ; 40.936,55 ;0;
HOSPITAL ILHA DO GOV;;;11228;30/07/2025;1; 31.519,20 ; 31.519,20 ;0;
HOSPITAL ILHA DO GOV;;;11258;31/07/2025;1; 5.668,70 ; 5.668,70 ;0;
HOSPITAL ILHA DO GOV;;;11266;01/08/2025;1; 22.672,36 ; 22.672,36 ;0;
HOSPITAL ILHA DO GOV;;;11267;01/08/2025;1; 5.668,70 ; 5.668,70 ;0;
HOSPITAL LEFORTE - L;;;63136;21/07/2025;1; 42.845,00 ; 42.845,00 ;0;
HOSPITAL LUXEMBURGO;;;66900;04/11/2025;1; 14.435,83 ; -   ;14435,83;
HOSPITAL LUXEMBURGO;;;67589;27/11/2025;1; 14.854,27 ; -   ;14854,27;
HOSPITAL MATER DEI S;;;66598;28/10/2025;1; 9.929,28 ; -   ;9929,28;
HOSPITAL MATERNIDADE;;;4504501;25/11/2022;1; 68.680,00 ; 68.680,00 ;0;
HOSPITAL MATERNIDADE;;;50536;02/02/2024;2; 17.900,00 ; 17.900,00 ;0;
HOSPITAL MATERNIDADE;;;50539;02/02/2024;1; 9.450,00 ; 9.450,00 ;0;
HOSPITAL MATERNIDADE;;;50540;02/02/2024;2; 19.113,00 ; 19.113,00 ;0;
HOSPITAL MATERNIDADE;;;50895;26/02/2024;4; 26.500,00 ; 26.500,00 ;0;
HOSPITAL MATERNIDADE;;;65153;11/09/2025;1; 158.206,00 ; -   ;158206;
HOSPITAL MATERNIDADE;;;65162;11/09/2025;1; 115.670,00 ; -   ;115670;
HOSPITAL MATERNIDADE;;;65856;03/10/2025;1; 6.000,00 ; -   ;6000;
HOSPITAL MATERNIDADE;;;66420;22/10/2025;1; 182.400,00 ; -   ;182400;
HOSPITAL POLICLIN;;;67492;24/11/2025;3; 152.086,00 ; -   ;152086;
HOSPITAL POLICLIN;;;67845;04/12/2025;2; 115.000,00 ; -   ;115000;
HOSPITAL PORTUGUES D;;;60900;19/05/2025;1; 7.840,00 ; 7.840,00 ;0;
HOSPITAL PORTUGUES D;;;64792;02/09/2025;1; 15.570,00 ; 15.570,00 ;0;
HOSPITAL PORTUGUES D;;;64793;02/09/2025;1; 69.100,00 ; 69.100,00 ;0;
HOSPITAL PRO-CARDIAC;;;12349;31/10/2025;1; 13.447,23 ; -   ;13447,23;
HOSPITAL REGIONAL DE;;;68135;15/12/2025;1; 22.168,32 ; -   ;22168,32;
HOSPITAL REGIONAL DE;;;68137;15/12/2025;1; 29.763,58 ; -   ;29763,58;
HOSPITAL REGIONAL DO;;;67605;27/11/2025;1; 43.403,21 ; -   ;43403,21;
HOSPITAL REGIONAL DO;;;67608;27/11/2025;1; 43.403,21 ; -   ;43403,21;
HOSPITAL REGIONAL DO;;;68024;09/12/2025;1; 9.226,00 ; -   ;9226;
HOSPITAL REGIONAL DO;;;68482;26/12/2025;1; 43.313,35 ; -   ;43313,35;
HOSPITAL REGIONAL DO;;;68484;26/12/2025;1; 14.000,00 ; -   ;14000;
HOSPITAL REGIONAL DO;;;68486;26/12/2025;1; 43.403,21 ; -   ;43403,21;
HOSPITAL REGIONAL DO;;;68522;29/12/2025;1; 11.206,00 ; -   ;11206;
HOSPITAL SAMCORDIS;;;00010595C;24/11/2025;1; 30.758,17 ; -   ;30758,17;
HOSPITAL SANTA CECIL;;;12397;31/10/2025;1; 2.356,00 ; -   ;2356;
HOSPITAL SANTA CRUZ;;;48398;24/02/2025;26; 105.482,60 ; 32.456,16 ;73026,44;
HOSPITAL SANTA CRUZ;;;54077;24/02/2025;26; 177.426,42 ; 54.592,72 ;122833,7;
HOSPITAL SANTA HELEN;;;1932301;06/08/2015;1; 45.650,00 ; 45.650,00 ;0;
HOSPITAL SANTA HELEN;;;2053101;11/11/2015;1; 63.250,00 ; 63.250,00 ;0;
HOSPITAL SANTA HELEN;;;2053201;11/11/2015;1; 73.850,00 ; 73.850,00 ;0;
HOSPITAL SANTA IZABE;;;65492;23/09/2025;1; 69.600,00 ; -   ;69600;
HOSPITAL SANTA IZABE;;;66716;30/10/2025;1; 26.097,12 ; -   ;26097,12;
HOSPITAL SANTA VIRGI;;;65550;25/09/2025;1; 1.619,94 ; -   ;1619,94;
HOSPITAL SAO CAMILO;;;66784;31/10/2025;1; 17.300,00 ; -   ;17300;
HOSPITAL SAO CAMILO;;;67511;25/11/2025;1; 6.948,70 ; -   ;6948,7;
HOSPITAL SAO JOSE;;;12644;28/11/2025;1; 57.500,00 ; -   ;57500;
HOSPITAL SAO LUCAS;;;12780;23/12/2025;1; 118.100,00 ; -   ;118100;
HOSPITAL SAO LUCAS D;;;58965;07/07/2025;6; 54.999,98 ; 9.166,67 ;45833,31;
HOSPITAL SAO PAULO;;;58860;07/03/2025;1; 43.643,59 ; 43.643,59 ;0;
HOSPITAL SAO PAULO;;;60511;06/05/2025;1; 43.508,80 ; 43.508,80 ;0;
HOSPITAL SAO PAULO;;;60639;12/05/2025;1; 49.317,90 ; 49.317,90 ;0;
HOSPITAL SAO PAULO;;;61764;06/06/2025;1; 44.799,47 ; 44.799,47 ;0;
HOSPITAL SAO PAULO;;;63003;16/07/2025;1; 44.319,31 ; 44.319,31 ;0;
HOSPITAL SAO PAULO;;;63702;06/08/2025;1; 43.598,66 ; 43.598,66 ;0;
HOSPITAL SAO PAULO;;;64726;01/09/2025;1; 43.741,07 ; 43.741,07 ;0;
HOSPITAL SAO PAULO;;;65238;15/09/2025;1; 28.240,38 ; 28.240,38 ;0;
HOSPITAL SAO PAULO;;;65750;01/10/2025;1; 43.508,80 ; 43.508,80 ;0;
HOSPITAL SAO PAULO;;;65761;01/10/2025;1; 61.625,11 ; 61.625,11 ;0;
HOSPITAL SAO PAULO;;;67757;01/12/2025;1; 43.598,66 ; -   ;43598,66;
HOSPITAL SAO VICENTE;;;59357;27/03/2025;1; 172.560,00 ; 172.560,00 ;0;
HOSPITAL SAO VICENTE;;;59621;04/04/2025;1; 42.308,56 ; 42.308,56 ;0;
HOSPITAL SAO VICENTE;;;10401;29/05/2025;1; 80.450,00 ; 80.450,00 ;0;
HOSPITAL SAO VICENTE;;;63306;24/07/2025;1; 42.922,45 ; 42.922,45 ;0;
HOSPITAL SAO VICENTE;;;63491;31/07/2025;1; 42.308,56 ; 42.308,56 ;0;
HOSPITAL SAO VICENTE;;;65266;16/09/2025;1; 42.922,45 ; -   ;42922,45;
HOSPITAL SAO VICENTE;;;65443;22/09/2025;1; 32.050,00 ; 32.050,00 ;0;
HOSPITAL SAO VICENTE;;;12326;30/10/2025;1; 154.556,00 ; 154.556,00 ;0;
HOSPITAL UNIMED;;;66317;20/10/2025;1; 138.500,00 ; -   ;138500;
HOSPITAL UNIMED;;;67166;12/11/2025;1; 95.500,00 ; -   ;95500;
HOSPITAL UNIMED;;;67168;12/11/2025;1; 138.500,00 ; -   ;138500;
HOSPITAL UNIMED;;;67887;05/12/2025;3; 91.600,00 ; -   ;91600;
HOSPITAL UNIMED;;;68101;11/12/2025;3; 271.500,00 ; -   ;271500;
HOSPITAL UNIMED;;;68251;17/12/2025;6; 168.100,00 ; -   ;168100;
HOSPITAL UNIMED AMER;;;66105;13/10/2025;1; 5.333,34 ; -   ;5333,34;
HOSPITAL UNIMED AMER;;;66422;22/10/2025;1; 23.333,34 ; -   ;23333,34;
HOSPITAL UNIVERSITAR;;;65691;30/09/2025;1; 55.467,43 ; 55.467,43 ;0;
HOSPITAL UNIVERSITAR;;;65805;02/10/2025;1; 42.922,54 ; 42.922,54 ;0;
HOSPITAL UNIVERSITAR;;;68054;10/12/2025;3; 72.554,02 ; -   ;72554,02;
HOSPITAL UNIVERSITAR;;;68057;10/12/2025;3; 47.746,66 ; -   ;47746,66;
HOSPITAL UNIVERSITAR;;;68095;11/12/2025;1; 42.922,45 ; -   ;42922,45;
HOSPITAL UNIVERSITAR;;;68100;11/12/2025;1; 14.000,00 ; -   ;14000;
HOSPITAL VIDA;;;50769;19/02/2024;1; 21.214,32 ; 21.214,32 ;0;
HOSPITAL VITA CURITI;;;55482;25/10/2024;1; 32.455,13 ; 32.455,13 ;0;
HOSPITAL VITORIA;;;12469;10/11/2025;1; 14.405,00 ; -   ;14405;
HOSPITAL VIVALLE;;;64964;05/09/2025;1; 10.302,00 ; -   ;10302;
HOSPITAL VIVALLE;;;65241;15/09/2025;1; 40.726,33 ; -   ;40726,33;
HOSPITAL VIVALLE;;;65764;01/10/2025;1; 25.365,83 ; -   ;25365,83;
HOSPITAL VIVALLE;;;66702;30/10/2025;1; 33.705,00 ; -   ;33705;
HOSPITAL VIVALLE;;;66703;30/10/2025;1; 24.540,50 ; -   ;24540,5;
HS COR SERVICOS DE H;;;11357;08/08/2025;1; 5.120,00 ; 5.120,00 ;0;
HUGOL;;;67895;05/12/2025;1; 35.000,00 ; -   ;35000;
IBG SAUDE;;;67080;10/11/2025;1; 39.238,34 ; -   ;39238,34;
IBG SAUDE;;;68549;30/12/2025;1; 39.238,34 ; -   ;39238,34;
INSTITUTO DE NEUROLO;;;60314;30/04/2025;1; 141.827,00 ; 141.827,00 ;0;
INTENSIVA DAY HOSPIT;;;60741;15/10/2025;1; 14.976,58 ; 14.976,58 ;0;
INTRAMEDICAL COMERCI;;;1659701;16/12/2014;1; 7.000,00 ; 7.000,00 ;0;
INTRAMEDICAL COMERCI;;;1659703;16/12/2014;1; 4.000,00 ; 4.000,00 ;0;
INTRAMEDICAL COMERCI;;;1710901;10/02/2015;1; 700,00 ; 700,00 ;0;
INTRAMEDICAL COMERCI;;;1710902;10/02/2015;1; 700,00 ; 700,00 ;0;
INTRAMEDICAL COMERCI;;;1730201;04/03/2015;1; 1.400,00 ; 1.400,00 ;0;
INTRAMEDICAL COMERCI;;;1748301;20/03/2015;1; 3.200,00 ; 3.200,00 ;0;
INTRAMEDICAL COMERCI;;;1748302;20/03/2015;1; 3.200,00 ; 3.200,00 ;0;
INTRAMEDICAL COMERCI;;;1873401;24/06/2015;1; 1.600,00 ; 1.600,00 ;0;
INTRAMEDICAL COMERCI;;;1873402;24/06/2015;1; 1.600,00 ; 1.600,00 ;0;
IRMANDADE DA SANTA C;;;53827;13/08/2024;2; 43.890,00 ; 43.890,00 ;0;
IRMANDADE DA SANTA C;;;5208;24/02/2025;2; 44.017,09 ; 44.017,09 ;0;
IRMANDADE DA SANTA C;;;47198;24/02/2025;1; 17.069,54 ; 17.069,54 ;0;
IRMANDADE DA SANTA C;;;63937;13/08/2025;1; 27.483,00 ; 27.483,00 ;0;
IRMANDADE DA SANTA C;;;53815;21/08/2025;4; 35.041,36 ; -   ;35041,36;
IRMANDADE DA SANTA C;;;66975;05/11/2025;1; 16.878,50 ; -   ;16878,5;
IRMANDADE DA SANTA C;;;67019;06/11/2025;1; 840,00 ; -   ;840;
IRMANDADE DA SANTA C;;;67570;26/11/2025;1; 11.987,50 ; -   ;11987,5;
IRMANDADE DA SANTA C;;;67571;26/11/2025;1; 15.662,75 ; -   ;15662,75;
IRMANDADE DA SANTA C;;;67808;03/12/2025;2; 1.610,00 ; -   ;1610;
IRMANDADE DA SANTA C;;;12082027;03/12/2025;4; 81.392,30 ; -   ;81392,3;
KLINI PLANOS DE SAUD;;;12029;03/10/2025;1; 24.104,00 ; 24.104,00 ;0;
KLINI PLANOS DE SAUD;;;12031;03/10/2025;1; 37.399,00 ; 37.399,00 ;0;
KLINI PLANOS DE SAUD;;;12032;03/10/2025;1; 40.033,00 ; 40.033,00 ;0;
KLINI PLANOS DE SAUD;;;12033;03/10/2025;1; 22.818,00 ; 22.818,00 ;0;
KLINI PLANOS DE SAUD;;;12045;03/10/2025;1; 25.458,00 ; 25.458,00 ;0;
KLINI PLANOS DE SAUD;;;12046;03/10/2025;1; 35.783,00 ; 35.783,00 ;0;
KLINI PLANOS DE SAUD;;;12047;03/10/2025;1; 39.364,00 ; 39.364,00 ;0;
KLINI PLANOS DE SAUD;;;12049;03/10/2025;1; 31.539,00 ; 31.539,00 ;0;
KLINI PLANOS DE SAUD;;;12051;03/10/2025;1; 32.208,00 ; 32.208,00 ;0;
KLINI PLANOS DE SAUD;;;12052;03/10/2025;1; 35.783,00 ; 35.783,00 ;0;
LACIC - RONDONOPOLIS;;;67670;28/11/2025;1; 161.000,00 ; -   ;161000;
LIV SAUDE;;;12709;11/12/2025;2; 181.860,00 ; -   ;181860;
LIV SAUDE;;;12710;11/12/2025;2; 33.152,70 ; -   ;33152,7;
LIV SAUDE;;;12711;11/12/2025;2; 33.252,70 ; -   ;33252,7;
LIV SAUDE;;;12712;11/12/2025;1; 5.437,95 ; -   ;5437,95;
MED INOVACAO;;;10750;18/06/2025;1; 6.000,00 ; 6.000,00 ;0;
MED INOVACAO;;;10751;18/06/2025;1; 5.910,00 ; 5.910,00 ;0;
MED INOVACAO;;;10752;18/06/2025;1; 300,00 ; 300,00 ;0;
MED INOVACAO;;;10753;18/06/2025;1; 4.100,00 ; 4.100,00 ;0;
MED INOVACAO;;;10755;18/06/2025;1; 4.100,00 ; 4.100,00 ;0;
MED INOVACAO;;;10757;18/06/2025;1; 300,00 ; 300,00 ;0;
MED INOVACAO;;;10758;18/06/2025;1; 4.100,00 ; 4.100,00 ;0;
MED INOVACAO;;;10761;18/06/2025;1; 4.100,00 ; 4.100,00 ;0;
MED INOVACAO;;;10762;18/06/2025;1; 300,00 ; 300,00 ;0;
MED INOVACAO;;;10841;25/06/2025;1; 4.100,00 ; 4.100,00 ;0;
MED INOVACAO;;;10842;25/06/2025;1; 4.100,00 ; 4.100,00 ;0;
MED INOVACAO;;;10843;25/06/2025;1; 4.100,00 ; 4.100,00 ;0;
MED INOVACAO;;;10844;25/06/2025;1; 4.100,00 ; 4.100,00 ;0;
MED INOVACAO;;;10845;25/06/2025;1; 4.100,00 ; 4.100,00 ;0;
MED INOVACAO;;;10922;03/07/2025;1; 10.380,00 ; 10.380,00 ;0;
MED INOVACAO;;;10927;04/07/2025;1; 5.800,00 ; 5.800,00 ;0;
MED INOVACAO;;;10928;04/07/2025;1; 8.880,00 ; 8.880,00 ;0;
MED INOVACAO;;;10929;04/07/2025;1; 5.800,00 ; 5.800,00 ;0;
MED INOVACAO;;;10930;04/07/2025;1; 5.800,00 ; 5.800,00 ;0;
MED INOVACAO;;;10931;04/07/2025;1; 6.000,00 ; 6.000,00 ;0;
MED INOVACAO;;;11115;18/07/2025;1; 5.910,00 ; 5.910,00 ;0;
MED INOVACAO;;;11116;18/07/2025;1; 5.910,00 ; 5.910,00 ;0;
MED INOVACAO;;;11117;18/07/2025;1; 4.100,00 ; 4.100,00 ;0;
MED INOVACAO;;;11118;18/07/2025;1; 10.380,00 ; 10.380,00 ;0;
MED INOVACAO;;;11119;18/07/2025;1; 7.000,00 ; 7.000,00 ;0;
MED INOVACAO;;;11120;18/07/2025;1; 9.700,00 ; 9.700,00 ;0;
MED INOVACAO;;;11121;18/07/2025;1; 4.100,00 ; 4.100,00 ;0;
MED INOVACAO;;;11122;18/07/2025;1; 5.910,00 ; 5.910,00 ;0;
MED INOVACAO;;;11123;18/07/2025;1; 4.100,00 ; 4.100,00 ;0;
MED INOVACAO;;;11144;22/07/2025;1; 8.700,00 ; 8.700,00 ;0;
MED INOVACAO;;;11145;22/07/2025;1; 9.080,00 ; 9.080,00 ;0;
MED INOVACAO;;;11146;22/07/2025;1; 7.000,00 ; 7.000,00 ;0;
MED INOVACAO;;;11185;28/07/2025;1; 5.990,00 ; 5.990,00 ;0;
MED INOVACAO;;;11186;28/07/2025;1; 7.150,00 ; 7.150,00 ;0;
MED INOVACAO;;;11187;28/07/2025;1; 5.910,00 ; 5.910,00 ;0;
MED INOVACAO;;;11188;28/07/2025;1; 5.910,00 ; 5.910,00 ;0;
MED INOVACAO;;;11189;28/07/2025;1; 4.100,00 ; 4.100,00 ;0;
MED INOVACAO;;;11223;30/07/2025;1; 30,00 ; 30,00 ;0;
MED INOVACAO;;;11225;30/07/2025;1; 4.100,00 ; 4.100,00 ;0;
MED INOVACAO;;;11226;30/07/2025;1; 6.000,00 ; 6.000,00 ;0;
MED INOVACAO;;;11227;30/07/2025;1; 300,00 ; 300,00 ;0;
MED INOVACAO;;;11253;31/07/2025;1; 5.910,00 ; 5.910,00 ;0;
MED INOVACAO;;;11481;20/08/2025;1; 180,00 ; 180,00 ;0;
MED INOVACAO;;;11482;20/08/2025;1; 5.800,00 ; 5.800,00 ;0;
MED INOVACAO;;;11483;20/08/2025;1; 25.290,00 ; 25.290,00 ;0;
MED INOVACAO;;;11484;20/08/2025;1; 22.380,00 ; 22.380,00 ;0;
MED INOVACAO;;;11486;20/08/2025;1; 22.280,00 ; 22.280,00 ;0;
MED INOVACAO;;;11488;20/08/2025;1; 22.690,00 ; 22.690,00 ;0;
MED INOVACAO;;;11595;28/08/2025;1; 6.990,00 ; 6.990,00 ;0;
MED INOVACAO;;;11597;28/08/2025;1; 5.910,00 ; 5.910,00 ;0;
MED INOVACAO;;;11598;28/08/2025;1; 5.190,00 ; 5.190,00 ;0;
MED INOVACAO;;;11599;28/08/2025;1; 4.100,00 ; 4.100,00 ;0;
MED INOVACAO;;;11600;28/08/2025;1; 300,00 ; 300,00 ;0;
MED INOVACAO;;;11601;28/08/2025;1; 5.910,00 ; 5.910,00 ;0;
MED INOVACAO;;;11602;28/08/2025;1; 6.000,00 ; 6.000,00 ;0;
MED INOVACAO;;;11603;28/08/2025;1; 4.100,00 ; 4.100,00 ;0;
MED INOVACAO;;;11604;28/08/2025;1; 4.100,00 ; 4.100,00 ;0;
MED INOVACAO;;;11672;05/09/2025;1; 8.680,00 ; 8.680,00 ;0;
MED INOVACAO;;;11673;05/09/2025;1; 4.100,00 ; 4.100,00 ;0;
MED INOVACAO;;;11674;05/09/2025;1; 4.100,00 ; 4.100,00 ;0;
MED INOVACAO;;;11676;05/09/2025;1; 5.910,00 ; 5.910,00 ;0;
MED INOVACAO;;;11677;05/09/2025;1; 4.100,00 ; 4.100,00 ;0;
MED INOVACAO;;;11811;17/09/2025;1; 4.100,00 ; 4.100,00 ;0;
MED INOVACAO;;;11813;17/09/2025;1; 4.100,00 ; 4.100,00 ;0;
MED INOVACAO;;;11814;17/09/2025;1; 4.100,00 ; 4.100,00 ;0;
MED INOVACAO;;;11815;17/09/2025;1; 300,00 ; 300,00 ;0;
MED INOVACAO;;;11816;17/09/2025;1; 4.100,00 ; 4.100,00 ;0;
MED INOVACAO;;;11817;17/09/2025;1; 4.100,00 ; 4.100,00 ;0;
MED INOVACAO;;;11818;17/09/2025;1; 4.100,00 ; 4.100,00 ;0;
MED INOVACAO;;;11819;17/09/2025;1; 300,00 ; 300,00 ;0;
MED INOVACAO;;;11820;17/09/2025;1; 4.100,00 ; 4.100,00 ;0;
MED INOVACAO;;;11821;17/09/2025;1; 300,00 ; 300,00 ;0;
MED INOVACAO;;;11938;25/09/2025;1; 6.000,00 ; 6.000,00 ;0;
MED INOVACAO;;;11940;25/09/2025;1; 6.540,00 ; 6.540,00 ;0;
MED INOVACAO;;;11941;25/09/2025;1; 5.100,00 ; 5.100,00 ;0;
MED INOVACAO;;;11942;25/09/2025;1; 7.180,00 ; 7.180,00 ;0;
MED INOVACAO;;;12015;02/10/2025;1; 180,00 ; -   ;180;
MED INOVACAO;;;12016;02/10/2025;1; 4.100,00 ; -   ;4100;
MED INOVACAO;;;12017;02/10/2025;1; 7.180,00 ; -   ;7180;
MED INOVACAO;;;12018;02/10/2025;1; 8.700,00 ; -   ;8700;
MED INOVACAO;;;12368;31/10/2025;1; 6.000,00 ; -   ;6000;
MED INOVACAO;;;12370;31/10/2025;1; 6.000,00 ; -   ;6000;
MED INOVACAO;;;12373;31/10/2025;1; 7.180,00 ; -   ;7180;
MED INOVACAO;;;12376;31/10/2025;1; 7.180,00 ; -   ;7180;
MED-TOUR SAUDE;;;61804;06/06/2025;4; 42.171,50 ; 42.171,50 ;0;
MED-WAY;;;470903;31/08/2011;1; 4.136,00 ; 4.136,00 ;0;
MED-WAY;;;470904;31/08/2011;1; 4.136,00 ; 4.136,00 ;0;
MED-WAY;;;470905;31/08/2011;1; 4.136,00 ; 4.136,00 ;0;
MED-WAY;;;471203;01/09/2011;1; 1.344,00 ; 1.344,00 ;0;
MED-WAY;;;471204;01/09/2011;1; 1.344,00 ; 1.344,00 ;0;
MED-WAY;;;471205;01/09/2011;1; 1.344,00 ; 1.344,00 ;0;
MED-WAY;;;507602;05/10/2011;1; 2.162,50 ; 2.162,50 ;0;
MED-WAY;;;507603;05/10/2011;1; 2.162,50 ; 2.162,50 ;0;
MED-WAY;;;507604;05/10/2011;1; 2.162,50 ; 2.162,50 ;0;
MED-WAY;;;532401;27/10/2011;1; 5.383,34 ; 5.383,34 ;0;
MED-WAY;;;532402;27/10/2011;1; 5.383,33 ; 5.383,33 ;0;
MED-WAY;;;532403;27/10/2011;1; 5.383,33 ; 5.383,33 ;0;
MED-WAY;;;547001;08/11/2011;1; 290,00 ; 290,00 ;0;
MED-WAY;;;547002;08/11/2011;1; 290,00 ; 290,00 ;0;
MED-WAY;;;547003;08/11/2011;1; 290,00 ; 290,00 ;0;
MED-WAY;;;568701;28/11/2011;1; 1.280,00 ; 1.280,00 ;0;
MED-WAY;;;568702;28/11/2011;1; 1.280,00 ; 1.280,00 ;0;
MED-WAY;;;568703;28/11/2011;1; 1.280,00 ; 1.280,00 ;0;
MED-WAY;;;568704;28/11/2011;1; 1.280,00 ; 1.280,00 ;0;
MED-WAY;;;585901;12/12/2011;1; 193,34 ; 193,34 ;0;
MED-WAY;;;585902;12/12/2011;1; 193,33 ; 193,33 ;0;
MED-WAY;;;585903;12/12/2011;1; 193,33 ; 193,33 ;0;
MED-WAY;;;586401;13/12/2011;1; 362,50 ; 362,50 ;0;
MED-WAY;;;586402;13/12/2011;1; 362,50 ; 362,50 ;0;
MED-WAY;;;586403;13/12/2011;1; 362,50 ; 362,50 ;0;
MED-WAY;;;586404;13/12/2011;1; 362,50 ; 362,50 ;0;
MEDICAL SUPPORT MATE;;;67367;19/11/2025;1; 23.489,00 ; -   ;23489;
MEDSENIOR;;;9489;13/02/2025;1; 34.444,60 ; 34.444,60 ;0;
NEUROCOR - MS DIAGNO;;;260620241;23/07/2024;1; 58.705,33 ; 58.705,33 ;0;
NEUROCOR - MS DIAGNO;;;55588;30/10/2024;1; 88.600,00 ; 88.600,00 ;0;
NEUROCOR - MS DIAGNO;;;65603;26/09/2025;1; 70.500,00 ; -   ;70500;
NOSSA SAUDE;;;68022;09/12/2025;2; 25.370,00 ; 12.685,00 ;12685;
NOTRE DAME INTERMEDI;;;54731;23/09/2024;1; 2.383,00 ; 2.383,00 ;0;
NOTRE DAME INTERMEDI;;;55286;18/10/2024;1; 44.135,25 ; 44.135,25 ;0;
NOTRE DAME INTERMEDI;;;55727;04/11/2024;1; 55.000,00 ; 55.000,00 ;0;
NOTRE DAME INTERMEDI;;;8484;07/11/2024;1; 23.947,00 ; 23.947,00 ;0;
OBRA DE AÇÃO SOCIAL;;;68333;18/12/2025;1; 252,00 ; -   ;252;
OPLAN SAUDE;;;12256;22/10/2025;1; 5.244,00 ; 5.244,00 ;0;
OPLAN SAUDE;;;12621;26/11/2025;1; 10.967,55 ; -   ;10967,55;
PLANO SANTA SAUDE;;;66117;13/10/2025;5; 54.000,00 ; 43.200,00 ;10800;
PLENA COMÉRCIO E REP;;;727901;10/05/2012;1; 6.240,00 ; 6.240,00 ;0;
PLENA COMÉRCIO E REP;;;855601;06/09/2012;1; 1.120,00 ; 1.120,00 ;0;
PLENA COMÉRCIO E REP;;;855602;06/09/2012;1; 1.120,00 ; 1.120,00 ;0;
PLENA COMÉRCIO E REP;;;855603;06/09/2012;1; 1.120,00 ; 1.120,00 ;0;
POLICLIN SAUDE S A;;;67809;03/12/2025;1; 14.159,80 ; -   ;14159,8;
POSTAL SAUDE;;;7408;18/07/2024;1; 22.509,00 ; 22.509,00 ;0;
POSTAL SAUDE;;;7443;23/07/2024;1; 20.650,00 ; 20.650,00 ;0;
POSTAL SAUDE;;;60000;17/04/2025;1; 12.000,00 ; 12.000,00 ;0;
PROCORDIS S/A;;;68501;20/07/2009;1; 39.000,00 ; 39.000,00 ;0;
PROGRAMA DE ASSISTEN;;;63638;04/08/2025;2; 82.066,67 ; 82.066,67 ;0;
PROMEDICA PATRIMONIA;;;55380;01/04/2025;3; 16.020,00 ; 16.020,00 ;0;
PROMEDICA PATRIMONIA;;;62766;07/07/2025;1; 2.866,00 ; 2.866,00 ;0;
PROMEDICA PATRIMONIA;;;67075;10/11/2025;4; 45.800,00 ; 22.900,00 ;22900;
PRONTO S.CARDIOLOGIC;;;2096001;14/12/2015;1; 1.885,00 ; 1.885,00 ;0;
PRONTO S.CARDIOLOGIC;;;2124601;19/01/2016;1; 560,00 ; 560,00 ;0;
PRONTO S.CARDIOLOGIC;;;2957201;23/02/2018;1; 1.540,99 ; 1.540,99 ;0;
PRONTO S.CARDIOLOGIC;;;3283401;15/10/2018;1; 5.580,00 ; 5.580,00 ;0;
PRONTOCARDIO PRONTO;;;4675402;15/01/2024;148; 205.816,20 ; -   ;205816,2;
PRONTOCOR;;;4596;31/07/2023;1; 25.900,00 ; 25.900,00 ;0;
PRONTOCOR;;;4641;04/08/2023;1; 23.990,03 ; 23.990,03 ;0;
PRONTOCOR;;;4742;17/08/2023;1; 73.000,00 ; 73.000,00 ;0;
PRONTOCOR;;;4792;28/08/2023;1; 20.761,00 ; 20.761,00 ;0;
PRONTOCOR;;;4793;28/08/2023;1; 20.761,00 ; 20.761,00 ;0;
PRONTOCOR;;;4898;11/09/2023;1; 24.173,00 ; 24.173,00 ;0;
PRONTOCOR;;;4968;22/09/2023;1; 24.050,00 ; 24.050,00 ;0;
PRONTOCOR;;;4982;26/09/2023;1; 24.816,00 ; 24.816,00 ;0;
PRONTOCOR;;;4984;26/09/2023;1; 29.073,00 ; 29.073,00 ;0;
PRONTOCOR;;;5104;06/10/2023;1; 24.050,00 ; 24.050,00 ;0;
PRONTOCOR;;;5177;16/10/2023;1; 22.920,00 ; 22.920,00 ;0;
PRONTOCOR;;;5178;16/10/2023;1; 22.920,00 ; 22.920,00 ;0;
PRONTOCOR;;;5179;16/10/2023;1; 9.959,00 ; 9.959,00 ;0;
PRONTOCOR;;;5180;16/10/2023;1; 3.140,00 ; 3.140,00 ;0;
PRONTOCOR;;;5184;17/10/2023;1; 35.260,00 ; 35.260,00 ;0;
PRONTOCOR;;;5284;30/10/2023;1; 24.050,00 ; 24.050,00 ;0;
PRONTOCOR;;;6318;05/03/2024;1; 8.164,00 ; 8.164,00 ;0;
PRONTOCOR;;;6319;05/03/2024;1; 27.250,00 ; 27.250,00 ;0;
PRONTOCOR;;;6320;05/03/2024;1; 27.250,00 ; 27.250,00 ;0;
PRONTOCOR;;;6321;05/03/2024;1; 27.250,00 ; 27.250,00 ;0;
RADIOCLINIC;;;67510;25/11/2025;1; 60.770,00 ; -   ;60770;
RADIOCLINIC;;;68037;10/12/2025;1; 29.070,00 ; -   ;29070;
RADIOCLINIC;;;68039;10/12/2025;1; 300,00 ; -   ;300;
RADIOCLINIC;;;68529;29/12/2025;1; 28.675,00 ; -   ;28675;
RADIOCLINIC;;;68530;29/12/2025;1; 250,00 ; -   ;250;
REAL E BENEMERITA AS;;;63630;04/08/2025;1; 115.314,53 ; 115.314,53 ;0;
REAL E BENEMERITA AS;;;63712;06/08/2025;1; 113.314,53 ; 113.314,53 ;0;
REAL E BENEMERITA AS;;;63713;06/08/2025;1; 113.874,03 ; 113.874,03 ;0;
REAL E BENEMERITA AS;;;63720;06/08/2025;1; 107.858,53 ; 107.858,53 ;0;
REAL E BENEMERITA AS;;;64191;20/08/2025;1; 3.100,00 ; 3.100,00 ;0;
REAL E BENEMERITA AS;;;64192;20/08/2025;1; 183.607,00 ; -   ;183607;
REAL E BENEMERITA AS;;;64210;20/08/2025;1; 928,00 ; 928,00 ;0;
REAL E BENEMERITA AS;;;64231;20/08/2025;1; 41.446,05 ; 41.446,05 ;0;
REAL E BENEMERITA AS;;;64232;20/08/2025;1; 31.267,00 ; 31.267,00 ;0;
REAL E BENEMERITA AS;;;64234;20/08/2025;1; 43.988,00 ; 43.988,00 ;0;
REAL E BENEMERITA AS;;;64240;20/08/2025;1; 142.859,13 ; 142.859,13 ;0;
REAL E BENEMERITA AS;;;64246;21/08/2025;1; 89.466,15 ; 89.466,15 ;0;
REAL E BENEMERITA AS;;;64405;26/08/2025;1; 47.154,50 ; 47.154,50 ;0;
REAL E BENEMERITA AS;;;64407;26/08/2025;1; 44.132,30 ; 44.132,30 ;0;
REAL E BENEMERITA AS;;;64409;26/08/2025;1; 60.003,00 ; 60.003,00 ;0;
REAL E BENEMERITA AS;;;64417;26/08/2025;1; 13.600,00 ; 13.600,00 ;0;
REAL E BENEMERITA AS;;;64418;26/08/2025;1; 269.008,00 ; 269.008,00 ;0;
REAL E BENEMERITA AS;;;64431;26/08/2025;1; 18.283,00 ; 18.283,00 ;0;
REAL E BENEMERITA AS;;;65052;09/09/2025;1; 262.104,53 ; -   ;262104,53;
REAL E BENEMERITA AS;;;65775;02/10/2025;1; 305.986,80 ; -   ;305986,8;
REAL E BENEMERITA AS;;;66485;23/10/2025;1; 119.757,53 ; -   ;119757,53;
REAL E BENEMERITA AS;;;67070;10/11/2025;1; 41.033,00 ; -   ;41033;
REAL HOSPITAL PORTUG;;;67556;26/11/2025;1; 55.467,43 ; -   ;55467,43;
REAL HOSPITAL PORTUG;;;68472;23/12/2025;1; 43.358,28 ; -   ;43358,28;
REDE PRIMAVERA - HOS;;;61164;26/05/2025;1; 33.232,08 ; 33.232,08 ;0;
REDE PRIMAVERA - HOS;;;63938;13/08/2025;1; 22.873,20 ; 22.873,20 ;0;
SANTA CASA;;;11348;08/08/2025;1; 43.844,68 ; 43.844,68 ;0;
SANTA CASA;;;11471;20/08/2025;1; 44.637,20 ; 44.637,20 ;0;
SANTA CASA DE MISERI;;;11398;13/08/2025;1; 9.350,00 ; 9.350,00 ;0;
SANTA CASA DE MISERI;;;11399;13/08/2025;1; 9.350,00 ; 9.350,00 ;0;
SANTA CASA DE MISERI;;;11400;13/08/2025;1; 24.225,00 ; 24.225,00 ;0;
SANTA CASA DE MISERI;;;11644;02/09/2025;1; 36.337,50 ; 36.337,50 ;0;
SANTA CASA DE MISERI;;;11646;02/09/2025;1; 28.237,50 ; 28.237,50 ;0;
SANTA CASA DE MISERI;;;11647;02/09/2025;1; 43.350,00 ; 43.350,00 ;0;
SANTA CASA DE MISERI;;;65869;03/10/2025;1; 43.598,66 ; 43.598,66 ;0;
SANTA CASA DE MISERI;;;12601;24/11/2025;1; 236.900,00 ; -   ;236900;
SANTA CASA DE SANTOS;;;61760;06/06/2025;1; 12.535,65 ; 12.535,65 ;0;
SANTA CASA DE SANTOS;;;68051;10/12/2025;1; 84.808,00 ; -   ;84808;
SANTA CASA DE SANTOS;;;68452;23/12/2025;1; 11.935,00 ; -   ;11935;
SANTA CASA DE SANTOS;;;68455;23/12/2025;1; 5.179,00 ; -   ;5179;
SANTA CASA DE SÃO PA;;;4069201;21/09/2020;1; 28.730,00 ; 28.730,00 ;0;
SANTA CASA DE SÃO PA;;;4081701;07/10/2020;1; 14.700,00 ; 14.700,00 ;0;
SANTA CASA DE SÃO PA;;;4106701;11/11/2020;1; 16.700,00 ; 16.700,00 ;0;
SANTA CASA DE SÃO PA;;;4164301;08/02/2021;1; 30.700,00 ; 30.700,00 ;0;
SANTA CASA DE SÃO PA;;;4172801;24/02/2021;1; 24.200,00 ; 24.200,00 ;0;
SANTA CASA DE SÃO PA;;;4174501;26/02/2021;1; 16.700,00 ; 16.700,00 ;0;
SANTA CASA DE SÃO PA;;;4185101;12/03/2021;1; 14.000,00 ; 14.000,00 ;0;
SANTA CASA DE SÃO PA;;;4194101;29/03/2021;1; 24.900,00 ; 24.900,00 ;0;
SANTA CASA DE SÃO PA;;;4212701;29/04/2021;1; 15.370,00 ; 15.370,00 ;0;
SAO JOSE DE PIRANHAS;;;2564601;29/11/2016;1; 41.990,00 ; 41.990,00 ;0;
SEGUROS UNIMED;;;9733;21/03/2025;1; 70.000,00 ; 70.000,00 ;0;
SERGIO MILEV;;;62145;18/06/2025;1; 93.525,00 ; 93.525,00 ;0;
SERMED SERVIÇO MEDIC;;;340001;08/09/2009;1; 2.200,00 ; 2.200,00 ;0;
SERMED SERVIÇO MEDIC;;;340101;08/09/2009;1; 4.400,00 ; 4.400,00 ;0;
SERVIMED;;;68296;18/12/2025;1; 62.310,00 ; -   ;62310;
SILVESTRE SAUDE;;;11037;14/07/2025;3; 4.780,38 ; 4.780,38 ;0;
SMH SOCIEDADE MEDICO;;;8658;28/11/2024;1; 14.788,12 ; 14.788,12 ;0;
SONICARDIO;;;64243;21/08/2025;4; 195.000,00 ; 195.000,00 ;0;
SUL AMERICA COMPANHI;;;63219;22/07/2025;1; 195.840,00 ; 195.840,00 ;0;
SUL AMERICA SERVICOS;;;58745;28/02/2025;1; 24.140,00 ; 24.140,00 ;0;
SURGMED COMERCIO IMP;;;65143;11/09/2025;1; 54.000,00 ; -   ;54000;
SURGMED COMERCIO IMP;;;65173;11/09/2025;1; 4.620,00 ; -   ;4620;
SURGMED COMERCIO IMP;;;65532;24/09/2025;1; 4.620,00 ; -   ;4620;
SURGMED COMERCIO IMP;;;66195;15/10/2025;2; 11.500,00 ; -   ;11500;
SURGMED COMERCIO IMP;;;66846;03/11/2025;3; 22.680,00 ; -   ;22680;
SURGMED COMERCIO IMP;;;68059;10/12/2025;4; 72.000,00 ; -   ;72000;
SÃO FRANCISCO VIDA;;;67683;28/11/2025;2; 8.758,67 ; -   ;8758,67;
SÃO FRANCISCO VIDA;;;68448;23/12/2025;1; 5.948,00 ; -   ;5948;
TOTAL MEDCARE;;;59975;17/04/2025;4; 10.412,60 ; 10.412,60 ;0;
TOTAL MEDCARE;;;59978;17/04/2025;4; 88.327,50 ; 88.327,50 ;0;
UNIDADE DE DOENÇAS C;;;1294901;29/11/2013;1; 8.322,34 ; 8.322,34 ;0;
UNIDADE DE DOENÇAS C;;;1294902;29/11/2013;1; 8.322,33 ; 8.322,33 ;0;
UNIDADE DE DOENÇAS C;;;1294903;29/11/2013;1; 8.322,33 ; 8.322,33 ;0;
UNIDADE DE DOENÇAS C;;;1296601;29/11/2013;1; 27.800,00 ; 27.800,00 ;0;
UNIDADE DE DOENÇAS C;;;1317801;20/12/2013;1; 41.560,00 ; 41.560,00 ;0;
UNIDADE DE DOENÇAS C;;;1347701;31/01/2014;1; 47.900,00 ; 47.900,00 ;0;
UNIDADE DE DOENÇAS C;;;1376901;28/02/2014;1; 34.860,00 ; 34.860,00 ;0;
UNIDADE DE DOENÇAS C;;;1433201;09/05/2014;1; 18.420,00 ; 18.420,00 ;0;
UNIMED;;;68046;10/12/2025;1; 198.000,00 ; -   ;198000;
UNIMED;;;68269;18/12/2025;1; 320.000,00 ; -   ;320000;
UNIMED CAMPO GRANDE;;;68510;29/12/2025;1; 32.745,00 ; -   ;32745;
UNIMED CAMPO GRANDE;;;68512;29/12/2025;1; 32.195,00 ; -   ;32195;
UNIMED CASCAVEL;;;61939;12/06/2025;1; 1.100,00 ; 1.100,00 ;0;
UNIMED CURITIBA;;;51776;15/04/2024;1; 24.000,00 ; 24.000,00 ;0;
UNIMED DE CAMPOS;;;12079;07/10/2025;1; 76.154,00 ; -   ;76154;
UNIMED DE GUARATINGU;;;60510;17/06/2025;2; 37.514,28 ; -   ;37514,28;
UNIMED DE GUARATINGU;;;68049;10/12/2025;3; 81.700,00 ; -   ;81700;
UNIMED DE JUNDIAI;;;68499;26/12/2025;1; 25.825,00 ; -   ;25825;
UNIMED DE PINDAMONHA;;;65006;08/09/2025;1; 9.050,00 ; -   ;9050;
UNIMED DE PINDAMONHA;;;65271;16/09/2025;3; 43.342,99 ; -   ;43342,99;
UNIMED DE PINDAMONHA;;;65401;19/09/2025;3; 40.000,01 ; -   ;40000,01;
UNIMED DE PINDAMONHA;;;66082;10/10/2025;4; 53.333,34 ; -   ;53333,34;
UNIMED DE PINDAMONHA;;;66755;31/10/2025;4; 29.200,00 ; -   ;29200;
UNIMED DE PINDAMONHA;;;68268;18/12/2025;5; 136.500,00 ; -   ;136500;
UNIMED DE PRES PRUDE;;;66085;10/10/2025;1; 18.133,34 ; -   ;18133,34;
UNIMED DE PRES PRUDE;;;66788;31/10/2025;1; 1.666,66 ; -   ;1666,66;
UNIMED DE PRES PRUDE;;;66789;31/10/2025;1; 16.966,66 ; -   ;16966,66;
UNIMED DE PRES PRUDE;;;68552;30/12/2025;3; 52.500,00 ; -   ;52500;
UNIMED DE RIO CLARO;;;68520;29/12/2025;1; 85.300,00 ; -   ;85300;
UNIMED DE SANTOS COO;;;67520;25/11/2025;1; 80.059,00 ; -   ;80059;
UNIMED DE TAUBATE CO;;;61116;23/05/2025;6; 27.600,00 ; 18.400,00 ;9200;
UNIMED DO SUDOESTE C;;;12082026;17/11/2025;6; 502.031,20 ; -   ;502031,2;
UNIMED FEDERACAO;;;9282;21/01/2025;1; 59.050,00 ; 59.050,00 ;0;
UNIMED FEDERACAO;;;9483;12/02/2025;1; 21.770,00 ; 21.770,00 ;0;
UNIMED FEDERACAO;;;9485;12/02/2025;3; 131.660,00 ; 131.660,00 ;0;
UNIMED FEDERACAO;;;9487;12/02/2025;1; 51.215,00 ; 51.215,00 ;0;
UNIMED FEDERACAO;;;9533;20/02/2025;3; 125.600,00 ; 125.600,00 ;0;
UNIMED FEDERACAO;;;9544;21/02/2025;1; 12.910,00 ; 12.910,00 ;0;
UNIMED FEDERACAO;;;9554;25/02/2025;1; 5.760,00 ; 5.760,00 ;0;
UNIMED FEDERACAO;;;9665;14/03/2025;3; 137.500,00 ; 137.500,00 ;0;
UNIMED FEDERACAO;;;9666;14/03/2025;3; 117.910,00 ; 117.910,00 ;0;
UNIMED FEDERACAO;;;9668;14/03/2025;3; 140.370,00 ; 140.370,00 ;0;
UNIMED FEDERACAO;;;9670;14/03/2025;1; 40.210,00 ; 40.210,00 ;0;
UNIMED FEDERACAO;;;9671;14/03/2025;3; 179.500,00 ; 179.500,00 ;0;
UNIMED FEDERACAO;;;10225;09/05/2025;1; 125.410,00 ; 125.410,00 ;0;
UNIMED FEDERACAO;;;10402;29/05/2025;1; 28.167,43 ; 28.167,43 ;0;
UNIMED FEDERACAO;;;10584;04/06/2025;3; 115.410,00 ; 115.410,00 ;0;
UNIMED FEDERACAO;;;10585;04/06/2025;3; 173.100,00 ; 173.100,00 ;0;
UNIMED FEDERACAO;;;10669;11/06/2025;6; 337.630,00 ; 225.086,68 ;112543,32;
UNIMED FEDERACAO;;;10690;11/06/2025;3; 114.410,00 ; 114.410,00 ;0;
UNIMED FEDERACAO;;;10838;25/06/2025;2; 76.350,00 ; 76.350,00 ;0;
UNIMED FEDERACAO;;;11148;22/07/2025;6; 405.203,00 ; 202.601,49 ;202601,51;
UNIMED FEDERACAO;;;11254;31/07/2025;3; 193.623,00 ; 193.623,00 ;0;
UNIMED FEDERACAO;;;11260;31/07/2025;1; 5.616,00 ; 5.616,00 ;0;
UNIMED FEDERACAO;;;11353;08/08/2025;1; 123.101,62 ; 123.101,62 ;0;
UNIMED FEDERACAO;;;11417;14/08/2025;3; 178.148,40 ; 118.765,60 ;59382,8;
UNIMED FEDERACAO;;;11517;21/08/2025;1; 5.120,00 ; 5.120,00 ;0;
UNIMED FEDERACAO;;;11536;22/08/2025;1; 278.460,00 ; 278.460,00 ;0;
UNIMED FEDERACAO;;;11678;05/09/2025;4; 198.830,00 ; 49.707,50 ;149122,5;
UNIMED FEDERACAO;;;11679;05/09/2025;3; 136.441,32 ; 45.480,44 ;90960,88;
UNIMED FEDERACAO;;;11760;12/09/2025;1; 5.120,00 ; 5.120,00 ;0;
UNIMED FEDERACAO;;;11854;19/09/2025;1; 16.157,43 ; 16.157,43 ;0;
UNIMED FEDERACAO;;;11855;19/09/2025;1; 15.157,43 ; 15.157,43 ;0;
UNIMED FEDERACAO;;;11856;19/09/2025;1; 21.767,43 ; 21.767,43 ;0;
UNIMED FEDERACAO;;;11857;19/09/2025;1; 26.967,43 ; 26.967,43 ;0;
UNIMED FEDERACAO;;;11878;22/09/2025;1; 7.787,43 ; 7.787,43 ;0;
UNIMED FEDERACAO;;;11922;25/09/2025;1; 10.757,43 ; 10.757,43 ;0;
UNIMED FEDERACAO;;;11945;25/09/2025;3; 114.431,32 ; 38.143,78 ;76287,54;
UNIMED FEDERACAO;;;12011;02/10/2025;1; 8.810,00 ; 8.810,00 ;0;
UNIMED FEDERACAO;;;12014;02/10/2025;1; 12.457,43 ; 12.457,43 ;0;
UNIMED FEDERACAO;;;12023;02/10/2025;3; 114.431,32 ; 38.143,78 ;76287,54;
UNIMED FEDERACAO;;;12095;08/10/2025;1; 13.457,43 ; 13.457,43 ;0;
UNIMED FEDERACAO;;;12339;30/10/2025;1; 32.629,88 ; 32.629,88 ;0;
UNIMED FEDERACAO;;;12340;30/10/2025;1; 41.827,43 ; 41.827,43 ;0;
UNIMED FEDERACAO;;;12350;31/10/2025;1; 11.710,00 ; 11.710,00 ;0;
UNIMED FEDERACAO;;;12351;31/10/2025;1; 39.029,88 ; 39.029,88 ;0;
UNIMED FEDERACAO;;;12352;31/10/2025;1; 2.530,00 ; 2.530,00 ;0;
UNIMED LESTE FLUMINE;;;9799;27/03/2025;2; 52.564,00 ; -   ;52564;
UNIMED LESTE PAULIST;;;65411;19/09/2025;1; 36.900,00 ; -   ;36900;
UNIMED LESTE PAULIST;;;66135;13/10/2025;2; 66.150,00 ; -   ;66150;
UNIMED NACIONAL;;;64196;20/08/2025;1; 32.860,00 ; 32.860,00 ;0;
UNIMED NACIONAL;;;64835;03/09/2025;1; 153.270,00 ; -   ;153270;
UNIMED NACIONAL;;;64962;05/09/2025;1; 8.224,25 ; -   ;8224,25;
UNIMED NACIONAL;;;11715;09/09/2025;1; 54.213,00 ; -   ;54213;
UNIMED NACIONAL;;;65200;12/09/2025;1; 11.790,00 ; -   ;11790;
UNIMED NACIONAL;;;65201;12/09/2025;1; 11.439,00 ; -   ;11439;
UNIMED NACIONAL;;;65407;19/09/2025;1; 114.536,00 ; -   ;114536;
UNIMED NACIONAL;;;65765;01/10/2025;1; 15.380,00 ; -   ;15380;
UNIMED NACIONAL;;;65776;02/10/2025;1; 1.630,00 ; -   ;1630;
UNIMED NACIONAL;;;65792;02/10/2025;1; 213,00 ; -   ;213;
UNIMED NACIONAL;;;65876;06/10/2025;1; 42.372,61 ; -   ;42372,61;
UNIMED NACIONAL;;;12147;13/10/2025;1; 107.000,00 ; -   ;107000;
UNIMED NACIONAL;;;12426;05/11/2025;1; 46.000,00 ; -   ;46000;
UNIMED OESTE DO PARA;;;61892;08/12/2025;13; 470.264,16 ; -   ;470264,16;
UNIMED PETROPOLIS;;;12759;22/12/2025;8; 243.100,00 ; -   ;243100;
UNIMED REGIONAL MARI;;;51052;05/03/2024;1; 62.100,00 ; 62.100,00 ;0;
UNIMED REGIONAL MARI;;;66213;15/10/2025;1; 55.750,00 ; -   ;55750;
UNIMED REGIONAL MARI;;;66748;31/10/2025;1; 154.100,00 ; -   ;154100;
UNIMED REGIONAL MARI;;;66790;31/10/2025;1; 55.750,00 ; -   ;55750;
UNIMED REGIONAL MARI;;;67620;27/11/2025;1; 64.650,00 ; -   ;64650;
UNIMED REGIONAL MARI;;;67641;28/11/2025;1; 59.500,00 ; -   ;59500;
UNIMED SANTA MARIA/R;;;68451;23/12/2025;1; 153.000,00 ; -   ;153000;
UNIMED SAO CARLOS;;;65780;02/10/2025;1; 10.974,02 ; -   ;10974,02;
UNIMED SAO CARLOS;;;65787;02/10/2025;1; 10.373,34 ; -   ;10373,34;
UNIMED SAO CARLOS;;;65788;02/10/2025;1; 7.609,01 ; -   ;7609,01;
UNIMED SAO CARLOS;;;65789;02/10/2025;1; 2.104,50 ; -   ;2104,5;
UNIMED SAO CARLOS;;;65790;02/10/2025;1; 1.033,34 ; -   ;1033,34;
UNIMED SAO CARLOS;;;66157;14/10/2025;1; 5.862,52 ; -   ;5862,52;
UNIMED SAO CARLOS;;;66706;30/10/2025;1; 10.763,18 ; -   ;10763,18;
UNIMED SAO CARLOS;;;67559;26/11/2025;2; 21.948,00 ; -   ;21948;
UNIMED SAO CARLOS;;;67560;26/11/2025;2; 15.688,33 ; -   ;15688,33;
UNIMED SAO CARLOS;;;67566;26/11/2025;2; 9.017,00 ; -   ;9017;
UNIMED SAO CARLOS;;;67568;26/11/2025;2; 21.526,33 ; -   ;21526,33;
UNIMED SAO CARLOS;;;68426;23/12/2025;4; 161.500,00 ; -   ;161500;
UNIMED SAO CARLOS;;;68434;23/12/2025;3; 34.854,00 ; -   ;34854;
UNIMED SAO CARLOS;;;68438;23/12/2025;3; 32.922,00 ; -   ;32922;
UNIMED SAO CARLOS;;;68439;23/12/2025;3; 32.922,00 ; -   ;32922;
UNIMED SAO CARLOS;;;68440;23/12/2025;3; 11.899,50 ; -   ;11899,5;
UNIMED SAO CARLOS;;;68441;23/12/2025;3; 11.899,50 ; -   ;11899,5;
UNIMED SAO CARLOS;;;68447;23/12/2025;3; 31.242,00 ; -   ;31242;
UNIMED SAO JOSE DOS;;;66083;10/10/2025;1; 5.000,00 ; -   ;5000;
UNIMED-RIO;;;5317;16/12/2024;16; 350.776,00 ; 109.617,50 ;241158,5;
UNIVERSIDADE FEDERAL;;;68496;26/12/2025;1; 13.900,00 ; -   ;13900;
VISION MED ASSISTENC;;;5209;04/12/2024;11; 266.860,00 ; 266.860,00 ;0;
VS MEDICINA ESPECIAL;;;65364;18/09/2025;1; 12.210,00 ; 12.210,00 ;0;
