Cód;Cliente (interno);Cód Domínio;Cliente Domínio;Notas;Saldo;Vencido;Vencimento
"";"PRONTOCOR";"3001";"";20;498737,03;498737,03;""
"";"UNIMED-RIO";"3001";"";1;350776;109617,5;""
"002617";"ASSOCIACAO BENEFICENTE SANTA CASA DE CAMPO GRANDE";"3001";"";27;322520,85;322520,85000000003;""
"";"HOSPITAL SANTA CRUZ";"3001";"";2;282909,02;87048,88;""
"";"VISION MED ASSISTENC";"3001";"";1;266860;266860;""
"";"ATIVIA SERVICOS DE S";"3001";"";3;234840;234840;""
"";"UNIDADE DE DOENÇAS C";"3001";"";8;195507;195507;""
"";"BIOMEDICAL - BAHIA";"3001";"";22;141609,26;141609,26;""
"";"HEMOCOR";"3001";"";10;110892,5;110892,5;""
"";"HOSP. CASA EVANGELIC";"3001";"";1;105756;105756;""
"";"TOTAL MEDCARE";"3001";"";2;98740,1;98740,1;""
"003463";"FOR LIFE MATERIAIS HOSPITALARES LTDA";"3001";"";1;97675;97675;""
"";"HOSPITAL ASSUNCAO";"3001";"";1;85930,5;85930,5;""
"";"ATIVA MEDICAL COMERC";"3001";"";1;78000;78000;""
"001038";"Banco do Brasil S.A.";"3001";"";1;71100;71100;""
"";"ASSOCIACAO AUXILIADO";"3001";"";1;51255;51255;""
"";"MED-WAY";"3001";"";26;47097,5;47097,5;""
"";"SAO JOSE DE PIRANHAS";"3001";"";1;41990;41990;""
"";"PROCORDIS S/A";"3001";"";1;39000;39000;""
"";"HOSPITAL VITA CURITI";"3001";"";1;32455,13;32455,13;""
"";"ASSISTENCIA MEDICA E";"3001";"";6;31500;31500;""
"";"HEMOBAHIA";"3001";"";21;24975;24975;""
"";"INTRAMEDICAL COMERCI";"3001";"";9;23400;23400;""
"";"HOSPITAL VIDA";"3001";"";1;21214,32;21214,32;""
"";"HOSP CASA SAO BERNAR";"3001";"";1;15531;15531;""
"";"SMH SOCIEDADE MEDICO";"3001";"";1;14788,12;14788,12;""
"";"PLENA COMÉRCIO E REP";"3001";"";4;9600;9600;""
"";"PRONTO S.CARDIOLOGIC";"3001";"";4;9565,99;9565,99;""
"";"GRUPO CEMERU SAUDE";"3001";"";1;9430;9430;""
"";"HOSPITAL COPA DOR ST";"3001";"";1;7371;7371;""
"";"SERMED SERVIÇO MEDIC";"3001";"";2;6600;6600;""
"";"G E R";"3001";"";1;5920;5920;""
"";"HS COR SERVICOS DE H";"3001";"";1;5120;5120;""
"";"CLINICA MÉDICA NOSSA";"3001";"";1;2034,5;2034,5;""
"002182";"ESHO EMPRESA DE SERVICOS HOSPITALARES S.A.";"3103";"ESHO EMPRESA DE SERVICOS HOSP";1;13447,23;0;""
"";"HOSPITAL SAO PAULO";"3110";"SPDM - ASSOC PAULISTA PARA O";11;489901,75;446303,08999999997;""
"";"HOSP REGIONAL DE SOR";"3110";"SPDM - ASSOC PAULISTA PARA O";6;32087;0;""
"002442";"ASSOCIACAO SANTA SAUDE";"3112";"ASSOCIACAO SANTA SAUDE";1;54000;43200;""
"000029";"Fundação Faculdade Regional de Medicina S.J.Rio Preto";"3113";"FUNDACAO FACULDADE REGIONAL D";11;323943,32;0;""
"002086";"HOSPITAL E MATERNIDADE DR CHRISTOVAO DA GAMA S A";"3114";"HOSPITAL E MATERNIDADE DR CHR";7;353607;52624;""
"000725";"Instituto das Pequenas Missionárias de Maria Imaculada";"3114";"INSTITUTO DAS PEQUENAS MISSIO";1;252;0;""
"001952";"SUL AMERICA SERVICOS DE SAUDE S/A";"3117";"SUL AMERICA SERVICOS DE SAUDE";1;24140;24140;""
"002977";"UNIMED DE PRES PRUDENTE COOPERATIVA DE TRABALHO MEDICO";"3118";"UNIMED DE PRES PRUDENTE COOPE";4;89266,66;0;""
"002457";"SURGMED COMERCIO IMP E EXP PROD P/ USO MEDICOS E HOSP LTDA";"3119";"SURGMED COMERCIO IMP E EXP PR";6;169420;0;""
"003275";"SOCIEDADE BENEFICENTE SAGRADA FAMILIA";"3120";"SOCIEDADE BENEFICENTE SAGRADA";6;275613,1;98389,97;""
"";"HOSPITAL POLICLIN";"3121";"POLICLIN S A SERVICOS MEDICO";2;267086;0;""
"003067";"POLICLIN SAUDE S A";"3121";"POLICLIN S A SERVICOS MEDICO";1;14159,8;0;""
"003041";"HOSPITAL DA FUNDACAO CASA DE CARIDADE DE SAO LOURENCO";"3123";"HOSPITAL DA FUNDACAO CASA DE";2;94169,27;0;""
"";"SANTA CASA DE SANTOS";"3124";"IRMANDADE DA SANTA CASA DE MI";4;114457,65;12535,65;""
"";"COMPLEXO HOSPITALAR";"3125";"IMPAR SERVICOS HOSPITALARES S";2;94690;90000;""
"";"HOSPITAL VIVALLE";"3126";"REDE DOR SAO LUIZ S.A.";5;134639,66;0;""
"";"HOSPITAL PORTUGUES D";"3127";"REAL SOCIEDADE PORTUGUESA DE";3;92510;92510;""
"002344";"SUL AMERICA COMPANHIA DE SEGURO SAUDE";"3128";"SUL AMERICA COMPANHIA DE SEGU";1;195840;195840;""
"003134";"REAL HOSPITAL PORTUGUES DE BENEFICENCIA EM PERNAMBUCO";"3132";"REAL HOSPITAL PORTUGUES DE BE";2;98825,71;0;""
"000106";"Real e Benemerita Associacao Portuguesa de Beneficencia";"3136";"REAL E BENEMERITA ASSOCIACAO";22;2168085,61;1255596,75;""
"";"HOSPITAL BENEFICIENC";"3136";"REAL E BENEMERITA ASSOCIACAO";3;548877,26;0;""
"001893";"NOTRE DAME INTERMEDICA SAUDE S.A.";"3142";"NOTRE DAME INTERMEDICA SAUDE";4;125465,25;125465,25;""
"003024";"HOSPITAL CEPOG LTDA";"3143";"HOSPITAL CEPOG LTDA";2;24700;0;""
"001134";"HOSPITAL DO SERVIDOR PUBLICO MUNICIPAL";"3144";"HOSPITAL DO SERVIDOR PUBLICO";1;31613,34;31613,34;""
"000233";"CASA DE SAUDE SANTA MARCELINA";"3145";"CASA DE SAUDE SANTA MARCELINA";1;29793,58;0;""
"";"UNIMED NACIONAL";"3146";"CENTRAL NACIONAL UNIMED - COO";13;598927,86;32860;""
"003459";"ASSOCIACAO BENEFICENTE HOSPITAL UNIVERSITARIO";"3147";"ASSOCIACAO BENEFICENTE HOSPIT";1;62765;0;""
"002464";"ASSOCIACAO BENEFICENTE BOM SAMARITANO";"3150";"ASSOCIACAO BENEFICENTE BOM SA";7;284327,63;153240,38;""
"001989";"HOSPITAL SAO LUCAS DE SANTOS LTDA";"3155";"UNIAO BRASILEIRA DE EDUCACAO";1;54999,98;9166,67;""
"000043";"Associacao Beneficente Siria";"3158";"ASSOCIACAO BENEFICENTE SIRIA";1;118600;118600;""
"001635";"UNIMED DE SAO CARLOS - COOPERATIVA DE TRABALHO MEDICO";"3162";"UNIMED DE SAO CARLOS - COOPER";18;434138,57;0;""
"";"HOSPITAL SAO JOSE";"3163";"ASSOCIACAO CONGREGACAO SANTA";1;57500;0;""
"003000";"UNIMED DE JUNDIAI COOPERATIVA DE TRABALHO MEDICO";"3164";"UNIMED DE JUNDIAI COOPERATIVA";1;25825;0;""
"002190";"RC RADIOLOGIA INTERVENCIONISTA LTDA";"3167";"RC RADIOLOGIA INTERVENCIONIST";5;119065;0;""
"000761";"Fundacao Felice Rosso";"3174";"FUNDACAO FELICE ROSSO";2;194852;0;""
"003141";"SAMEDIL - SERVICOS DE ATENDIMENTO MEDICO S/A";"3177";"SAMEDIL - SERVICOS DE ATENDIM";1;34444,6;34444,6;""
"";"HOSPITAL REGIONAL DO";"3184";"INSTITUTO SOCRATES GUANAES -";7;207954,98;0;""
"";"HOSPITAL REGIONAL DE";"3184";"INSTITUTO SOCRATES GUANAES -";2;51931,9;0;""
"002619";"CAIXA DE ASSIST DOS SERV DO ESTADO DE MA";"3187";"CAIXA DE ASSIST DOS SERV DO E";1;192200;192200;""
"002386";"HOSPITAL MATER DEI S/A";"3198";"HOSPITAL MATER DEI S.A.";1;9929,28;0;""
"001400";"UNIMED CURITIBA - SOCIEDADE COOPERATIVA DE MEDICOS";"3201";"UNIMED CURITIBA - SOCIEDADE C";1;24000;24000;""
"001209";"HBA SA ASSISTENCIA MEDICA E HOSPITALAR";"3202";"HBA SA ASSISTENCIA MEDICA E H";1;73500;73500;""
"";"SONICARDIO";"3204";"ARRUDA & ARRUDA JUNIOR LTDA";1;195000;195000;""
"002659";"UNIMED SAO JOSE DOS CAMPOS - COOPERATIVA DE TRABALHO MEDICO";"3205";"UNIMED SAO JOSE DOS CAMPOS -";1;5000;0;""
"";"POSTAL SAUDE";"3210";"POSTAL SAUDE - CAIXA DE ASSIS";3;55159;55159;""
"003466";"HELENA DE LIMA BRAGA";"3211";"SANTA HELENA ASSISTENCIA MEDI";1;189480;189480;""
"002952";"NOSSA SAUDE OPERADORA DE PLANOS PRIVADOS DE ASSISTENCIA A SAUDE LTDA";"3213";"NOSSA SAUDE OPERADORA DE PLAN";1;25370;12685;""
"002529";"IRMANDADE DA SANTA CASA DE MISERICORDIA DE SAO CARLOS";"3215";"SANTA CASA DE MISERICORDIA DE";11;295872,04;132459,63;""
"002291";"Associação São Francisco Vida";"3218";"ASSOCIACAO SAO FRANCISCO VIDA";2;14706,67;0;""
"003227";"UNIMED JOAO PESSOA COOPERATIVA DE TRABALHO MEDICO";"3221";"UNIMED JOAO PESSOA COOPERATIV";2;518000;0;""
"003084";"AUSTACLINICAS ASSISTENCIA MEDICA E HOSPITALAR LTDA";"3222";"AUSTACLINICAS ASSISTENCIA MED";1;39860;39860;""
"002679";"SANTA CASA DE MISERICORDIA DA BAHIA";"3225";"SANTA CASA DE MISERICORDIA DA";2;95697,12;0;""
"002425";"UNIMED REGIONAL MARINGA - COOPERATIVA DE TRABALHO MEDICO";"3227";"UNIMED REGIONAL MARINGA - COO";6;451850;62100;""
"002534";"UNIMED DE SANTOS COOP DE TRABALHO MEDICO";"3230";"UNIMED DE SANTOS COOP DE TRAB";1;80059;0;""
"003156";"ASSOCIACAO HOSPITALAR FILHAS DE NOSSA SENHORA DO MONTE CALVARIO";"3231";"ASSOCIACAO HOSPITALAR FILHAS";1;1619,94;0;""
"002956";"PROMEDICA PATRIMONIAL S A PROPAT";"3237";"PROMEDICA PATRIMONIAL S A PRO";3;64686;41786;""
"002443";"Hospital de Clinicas";"3242";"HOSPITAL DE CLINICAS";7;256040,66;0;""
"001029";"SOCIEDADE HOSPITALAR ANGELINA CARON";"3252";"SOCIEDADE HOSPITALAR ANGELINA";7;228851,62;40749,1;""
"002650";"UNIMED DO SUDOESTE COOPERATIVA DE TRABALHO MEDICO LTDA";"3253";"UNIMED DO SUDOESTE COOPERATIV";1;502031,2;0;""
"001474";"UNIMED SEGUROS SAUDE S/A";"3271";"UNIMED SEGUROS SAUDE S/A";1;70000;70000;""
"";"HOSPITAL VITORIA";"3272";"HOSPITAL ALVORADA TAGUATINGA";1;14405;0;""
"002127";"AMIL ASSISTENCIA MEDICA INTERNACIONAL SA";"3273";"AMIL ASSISTENCIA MEDICA INTER";2;52618,56;0;""
"002542";"Hospital do Coração Samcordis Ltda";"3278";"HOSPITAL DO CORACAO SAMCORDIS";1;30758,17;0;""
"002622";"UNIMED SAO GONCALO NITEROI SOC COOP SERV";"3279";"UNIMED SAO GONCALO NITEROI SO";1;52564;0;""
"";"BANCO BRADESCO S.A.";"3283";"";4;408920,63;408920,63;""
"001794";"HOSPITAL ILHA DO GOVERNADOR LTDA";"3285";"HOSPITAL ILHA DO GOVERNADOR L";6;124189,51;124189,51;""
"";"ASSIM SAUDE";"3286";"GRUPO HOSPITALAR DO RIO DE JA";2;26165;26165;""
"002649";"UNIMED DO EST R J FEDERACAO EST DAS COOPERATIVAS MED";"3295";"UNIMED DO EST R J FEDERACAO E";45;4013505,04;3246318,9500000007;""
"";"HOSPITAL E CLINICA S";"3297";"CLINICA SAO GONCALO LTDA";2;225403,7;0;""
"";"HOSPITAL ICARAI";"3297";"CLINICA SAO GONCALO LTDA";4;101406,62;36005,2;""
"002359";"KLINI PLANOS DE SAUDE LTDA";"3304";"KLINI PLANOS DE SAUDE LTDA";10;324489;324489;""
"003336";"LIV LINHAS INTELIGENTES DE ATENCAO A VIDA S/A";"3305";"LIV LINHAS INTELIGENTES DE AT";4;253703,35;0;""
"";"HOSPITAL SANTA CECIL";"3308";"";1;2356;0;""
"";"SILVESTRE SAUDE";"3310";"OPERADORA UNIESTE DE PLANOS D";1;4780,38;4780,38;""
"003114";"UNIMED SUDOESTE DE MINAS COOPERATIVA DE TRABALHO MEDICO";"3341";"UNIMED SUDOESTE DE MINAS COOP";6;903700;0;""
"";"SERVIMED";"3343";"SERVICO DE ASSISTENCIA A SAUD";1;62310;0;""
"003016";"UNIVERSIDADE FEDERAL DA BAHIA";"3351";"UNIVERSIDADE FEDERAL DA BAHIA";1;13900;0;""
"001668";"UNIMED CAMPO GRANDE";"3352";"UNIMED CAMPO GRANDE";2;64940;0;""
"";"CASSI SAO PAULO - SP";"3356";"CAIXA DE ASSISTENCIA DOS FUNC";1;31180,29;0;""
"002631";"R.M.I. OPERADORA DE SAUDE INTEGRADA LTDA.";"3367";"R.M.I. OPERADORA DE SAUDE INT";2;44177,66;0;""
"002303";"CASA DE SAUDE NOSSA SENHORA DO CARMO";"3380";"";2;117795,8;0;""
"003149";"MED-TOUR ADMINISTRADORA DE BENEFICIOS E EMPREENDIMENTOS LTDA";"3416";"MED-TOUR ADMINISTRADORA DE BE";1;42171,5;42171,5;""
"002211";"HOSPITAL SAO VICENTE - RIO DE JANEIRO";"3421";"HOSPITAL SAO VICENTE - RIO DE";8;610078,02;567155,5700000001;""
"003468";"VS  MEDICINA ESPECIALIZADA LTDA";"3430";"VS  MEDICINA ESPECIALIZADA LT";1;12210;12210;""
"000025";"Fundação Adib Jatene";"3433";"FUNDACAO ADIB JATENE";5;133668,21;0;""
"000112";"Rede Primavera - Assistencia Medica Hospitalar Ltda";"3441";"REDE PRIMAVERA - ASSISTENCIA";2;56105,28;56105,28;""
"003434";"FUNDACAO UNIVERSIDADE FEDERAL DE MATO GROSSO DO SUL";"3443";"FUNDACAO UNIVERSIDADE FEDERAL";1;82066,67;82066,67;""
"003211";"BIOCATH COMERCIO DE PRODUTOS HOSPITALARES LTDA";"3452";"BIOCATH COMERCIO DE PRODUTOS";1;1845;0;""
"003229";"CABERJ INTEGRAL SAUDE S";"3453";"CABERJ INTEGRAL SAUDE S";1;8023;8023;""
"002988";"HOSPITAL SAO LUCAS SA";"3522";"HOSPITAL SAO LUCAS SA";1;118100;0;""
"002993";"CRUZ VERMELHA BRASILEIRA - FILIAL DO ESTADO DO PARANA";"3524";"CRUZ VERMELHA BRASILEIRA - FI";4;310579,23;132300;""
"003416";"UNIMED PETROPOLIS COOPERATIVA DE TRABALHO MEDICO";"3530";"UNIMED PETROPOLIS COOPERATIVA";1;243100;0;""
"000239";"UNIMED Cascavel - Coop. de Trabalho Médico Ltda";"3539";"UNIMED CASCAVEL - COOP. DE TR";1;1100;1100;""
"000819";"Unimed Santa Bárbara d Oeste e Americana";"3544";"UNIMED SANTA BARBARA D OESTE";2;28666,68;0;""
"003098";"AMEPLAN ASSISTENCIA MEDICA PLANEJADA LTDA";"3564";"AMEPLAN ASSISTENCIA MEDICA PL";1;34926,15;11642,05;""
"003005";"UNIMED LESTE PAULISTA COOPERATIVA DE TRABALHO MEDICO";"3566";"UNIMED LESTE PAULISTA COOPERA";2;103050;0;""
"003479";"INSTITUTO MARIA SCHMITT DE DESENVOLVIMENTO DE ENSINO, ASSISTENCIA SOCIAL E SAUDE DO CIDADAO";"3576";"INSTITUTO MARIA SCHMITT DE DE";6;202605,82;0;""
"";"HOSPITAL SAO CAMILO";"3577";"SOCIEDADE BENEFICENTE SAO CAM";2;24248,7;0;""
"002239";"INSTITUTO BRASILEIRO DE GESTAO DA SAUDE";"3579";"INSTITUTO BRASILEIRO DE GESTA";2;78476,68;0;""
"003255";"UNIMED DE GUARATINGUETA COOPERATIVA DE TRABALHO MEDICO";"3580";"UNIMED DE GUARATINGUETA COOPE";2;119214,28;0;""
"";"SANTA CASA";"3583";"IRMANDADE DA SANTA CASA DE MI";2;88481,88;88481,88;""
"001941";"FUNDACAO BAHIANA DE CARDIOLOGIA";"3585";"FUNDACAO BAHIANA DE CARDIOLOG";30;129144,8;129144,8;""
"";"HOSPITAL BARRA D'OR";"3589";"";1;147853;0;""
"003157";"HOSPITAL ESPERANCA SA";"3589";"";1;4600;0;""
"003250";"INTENSIVA DAY HOSPITAL LTDA";"3593";"";1;14976,58;14976,58;""
"001117";"CENTRO TRASMONTANO DE SAO PAULO";"3617";"CENTRO TRASMONTANO DE SAO PAU";1;32500;0;""
"003210";"UNIMED DE RIO CLARO SP COOPERATIVA DE TRABALHO MEDICO";"3644";"UNIMED DE RIO CLARO SP COOPER";1;85300;0;""
"000973";"GS - PLANO GLOBAL DE SAUDE LTDA";"3665";"GS - PLANO GLOBAL DE SAUDE LT";1;20214,48;0;""
"003115";"UNIMED DE PINDAMONHANGABA COOPERATIVA DE TRABALHO MEDICO";"5721";"UNIMED DE PINDAMONHANGABA COO";6;311426,34;0;""
"003079";"INSTITUTO DE NEUROLOGIA";"5722";"";1;141827;141827;""
"000950";"HOSPITAL NOVO ATIBAIA S.A.";"5723";"HOSPITAL NOVO ATIBAIA S.A.";9;603919;141643;""
"001646";"HOSPITAL LEFORTE LIBERDADE S.A.";"5725";"";1;42845;42845;""
"";"FUSVE";"5727";"";20;229422,45;229422,45;""
"";"HOSPITAL SANTA HELEN";"5744";"SOUZA E PRADO LTDA";3;182750;182750;""
"002620";"ANGIOCOR - SERVICO DE HEMODINAMICA LTDA";"5814";"";1;310815;186180;""
"002171";"UNIMED SANTA MARIA/RS - COOPERATIVA DE ASSIST. A SAUDE LTDA";"5816";"";1;153000;0;""
"003165";"UNIMED DE TAUBATE COOPERATIVA DE TRABALHO MEDICO";"5817";"";1;27600;18400;""
"003484";"UNIMED DE CAMPOS COOPERATIVA DE TRABALHO MEDICO";"5818";"";1;76154;0;""
"003436";"BRUNO LEONARDO SANTOS FONTES";"5819";"";1;15214,8;15214,8;""
"";"CENTRO MEDICO SANTA";"5820";"";2;121560;121560;""
"003395";"SERGIO MILEV";"5823";"";1;93525;93525;""
"003422";"HOSPITAL ESPERANCA OLINDA";"5824";"";1;132200;0;""
"002173";"MEDICAL SUPPORT MATERIAIS MEDICOS E HOSPITALARES LTDA";"5825";"";1;23489;0;""
"000217";"EDSON DOS SANTOS MARKETING E PROM. DE VENDAS";"5826";"";5;40510;32408;""
"000104";"PRONTOCARDIO Pronto Atendimento Cardiologico SC Ltda";"5827";"";1;205816,2;0;""
"003493";"OPLAN SAUDE OPERADORA DE PLANOS DE SAUDE LTDA";"5829";"";2;16211,55;5244;""
"002524";"NEUROCOR - MS DIAGNOSTICOS S/A";"5830";"NEUROCOR - MS DIAGNOSTICOS S/";3;217805,33;147305,33000000002;""
"";"LACIC - RONDONOPOLIS";"5878";"";1;161000;0;""
"";"HOSPITAL LUXEMBURGO";"5885";"";2;29290,1;0;""
"";"HUGOL";"5886";"";1;35000;0;""
"";"GERENCIA REGIONAL DO";"5890";"GEAP AUTOGESTAO EM SAUDE RJ";37;1211399,43;1185212,01;""
"003220";"MED INOVACAO SERVICOS MEDICOS LTDA";"5891";"";84;488710;442190;""
"002596";"ASSOCIACAO HOSPITALAR CASA DE SAUDE DE SANTOS";"5922";"ASSOCIACAO HOSPITALAR CASA DE";1;73660;36830;""
"";"HOSPITAL ESCOLA ALVA";"5923";"";1;156100;156100;""
"003294";"AUSTACOR - SERVICO ESPECIALIZADO DE HEMODINAMICA LTDA";"5924";"CENTRO MEDICO RIO PRETO S.A";1;38060;0;""
"";"SANTA CASA DE SÃO PA";"6022";"";9;186000;186000;""
"002428";"SANTA CASA DE MISERICORDIA DE JUIZ DE FORA";"6316";"";8;431348,66;194448,66;""
"";"UNIMED OESTE DO PARA";"6851";"";1;470264,16;0;""