Cód Domínio;Qtd clientes;Cód;Cliente (interno);Cliente Domínio;Notas;Saldo
3001;34;;PRONTOCOR;;20;498737,03
3001;34;;UNIMED-RIO;;1;350776
3001;34;002617;ASSOCIACAO BENEFICENTE SANTA CASA DE CAMPO GRANDE;;27;322520,85
3001;34;;HOSPITAL SANTA CRUZ;;2;282909,02
3001;34;;VISION MED ASSISTENC;;1;266860
3001;34;;ATIVIA SERVICOS DE S;;3;234840
3001;34;;UNIDADE DE DOENÇAS C;;8;195507
3001;34;;BIOMEDICAL - BAHIA;;22;141609,26
3001;34;;HEMOCOR;;10;110892,5
3001;34;;HOSP. CASA EVANGELIC;;1;105756
3001;34;;TOTAL MEDCARE;;2;98740,1
3001;34;003463;FOR LIFE MATERIAIS HOSPITALARES LTDA;;1;97675
3001;34;;HOSPITAL ASSUNCAO;;1;85930,5
3001;34;;ATIVA MEDICAL COMERC;;1;78000
3001;34;001038;Banco do Brasil S.A.;;1;71100
3001;34;;ASSOCIACAO AUXILIADO;;1;51255
3001;34;;MED-WAY;;26;47097,5
3001;34;;SAO JOSE DE PIRANHAS;;1;41990
3001;34;;PROCORDIS S/A;;1;39000
3001;34;;HOSPITAL VITA CURITI;;1;32455,13
3001;34;;ASSISTENCIA MEDICA E;;6;31500
3001;34;;HEMOBAHIA;;21;24975
3001;34;;INTRAMEDICAL COMERCI;;9;23400
3001;34;;HOSPITAL VIDA;;1;21214,32
3001;34;;HOSP CASA SAO BERNAR;;1;15531
3001;34;;SMH SOCIEDADE MEDICO;;1;14788,12
3001;34;;PLENA COMÉRCIO E REP;;4;9600
3001;34;;PRONTO S.CARDIOLOGIC;;4;9565,99
3001;34;;GRUPO CEMERU SAUDE;;1;9430
3001;34;;HOSPITAL COPA DOR ST;;1;7371
3001;34;;SERMED SERVIÇO MEDIC;;2;6600
3001;34;;G E R;;1;5920
3001;34;;HS COR SERVICOS DE H;;1;5120
3001;34;;CLINICA MÉDICA NOSSA;;1;2034,5
3110;2;;HOSPITAL SAO PAULO;SPDM - ASSOC PAULISTA PARA O;11;489901,75
3110;2;;HOSP REGIONAL DE SOR;SPDM - ASSOC PAULISTA PARA O;6;32087
3114;2;002086;HOSPITAL E MATERNIDADE DR CHRISTOVAO DA GAMA S A;HOSPITAL E MATERNIDADE DR CHR;7;353607
3114;2;000725;Instituto das Pequenas Missionárias de Maria Imaculada;INSTITUTO DAS PEQUENAS MISSIO;1;252
3121;2;;HOSPITAL POLICLIN;POLICLIN S A SERVICOS MEDICO;2;267086
3121;2;003067;POLICLIN SAUDE S A;POLICLIN S A SERVICOS MEDICO;1;14159,8
3136;2;000106;Real e Benemerita Associacao Portuguesa de Beneficencia;REAL E BENEMERITA ASSOCIACAO;22;2168085,61
3136;2;;HOSPITAL BENEFICIENC;REAL E BENEMERITA ASSOCIACAO;3;548877,26
3184;2;;HOSPITAL REGIONAL DO;INSTITUTO SOCRATES GUANAES -;7;207954,98
3184;2;;HOSPITAL REGIONAL DE;INSTITUTO SOCRATES GUANAES -;2;51931,9
3297;2;;HOSPITAL E CLINICA S;CLINICA SAO GONCALO LTDA;2;225403,7
3297;2;;HOSPITAL ICARAI;CLINICA SAO GONCALO LTDA;4;101406,62
3589;2;;HOSPITAL BARRA D'OR;;1;147853
3589;2;003157;HOSPITAL ESPERANCA SA;;1;4600
