#;Parte do historico no extrato;Tipo;Codigo contrapartida;Contrapartida (conferencia);Historico para o lancamento contabil;Vezes lida;Conferir?
1;Cielo Vendas;Soma;5;CAIXA;<<HistExtBan>>;1;
2;Recebido;Soma;5;CAIXA Fechar;<<HistExtBan>>;1;
3;AIBR INSTITUICAO DE PAGAM;Subtrai;2350;[+) OUTRI;PAGAMENTO FORNECEDOR CHINA;1;
4;TARIFA;Subtrai;2913;DESPESA Solucoes;<<HistExtBan>>;1;
5;CLAUDIO ANTONIO VIEIRA;Subtrai;2739;FUNDIC0;PAGAMENTO CLAUDIO ANTONIO VIEIRA FUNDICAO;1;
6;CAIO;Subtrai;2724;0UTROS;PAGAMENTO CAIO PASSOS GESTOR DE TRAFEGO;1;
7;SANEPAR;Subtrai;2701;AGUA E E;PAGAMENTO DE AGUA DO MES - SANEPAR;1;
8;LIGGA;Subtrai;2703;TELEFON;PAGAMENTO DE INTERNET DO MES -LIGGA TELECOM;1;SIM
9;SCHELLER GOES;Subtrai;2722;HONORA;PAGAMENTO ADVOGADA SCHELLER GOES SOCIEDADE;1;
10;CLICK SOLUCOES PATRIMONIAL;Subtrai;2733;SEGURAI;PAGAMENTO CLICK SOLUCOES PATRIMONIAL;1;
11;TEDpessoal;Ambos;2913;DESPESA;<<HistExtBan>>;1;SIM
12;ALTERO;Ambos;3369;ALTER0 1;PAGAMENTO ALTERO DESIGN NF-e;1;SIM
13;PEDRO HENRIQUE FOGA;Ambos;2739;FUNDIC0;PAGAMENTO PEDRO HENRIQUE FOGACA - FUNDICAO;1;
14;NIL ARTE;Subtrai;3365;NIL ARTE;PAGAMENTO NIL ARTE AVIAMENTOS NF-e;1;
15;FEIRATEX;Subtrai;3366;FEIRATE>;PAGAMENTO FEIRATEX TECIDOS NF-e;1;SIM
16;ARMARINHO SAO JOSE;Subtrai;3367;D S J -L0;PAGAMENTO ARMARINHO SAO JOSE NF-e;1;SIM
17;F 1 P SUPRIMENTOS;Ambos;3368;FJP SUPRIMENTOS PARA INFORMATIC;:PAGAMENTO F J P SUPRIMENTOS PARA INFORMATICA NF-e;1;SIM
18;MARIANA BIJOUX;Subtrai;3376;FONSECA BIJ0UX COMERCI0 DE BIJOU;PAGAMENTO FONSECA BIJOUX NF-e;1;SIM
19;VALDOMIRO;Subtrai;2599;OUTRAS DESPESAS GERAIS COM VENI;PAGAMENTO REPASSE JOO VALDOMIRO;1;SIM
20;CORREIO;Subtrai;2541;FRETES E ENTREGAS TERCEIROS;Pagamento de Boleto EMPRESA BRASILEIRA DE CORREIOS E TELEGRAFOS;1;
21;BORDADOS PLAZA;Subtrai;2599;OUTRAS DESPESAS GERAIS COM VENI;Pix - Enviado BORDADOS PLAZA;1;SIM
22;marcia regina de souza;Subtrai;2701;AGUA E ESG0TO;Pix - Enviado Marcia Regina de Souza - Rateio Agua Condominio;1;
23;ana maria de jesus;Ambos;2734;SERVICOS DE COLETA E LIMPEZA;Pix - Enviado Ana Maria de Jesus DlARISTA;1;
24;JULIA FOLEISS;Ambos;3709;JULIA F0LEISS S0RIANI 04546775962;PAGAMENTO JULIA FOLEISS NF-e;1;
25;MARIA JULIA ZACARIAS DIAS;Ambos;3710;55.497.714 MARIA JULIA ZACARIAS DIA:;:PAGAMENTO MARIA JULIA ZACARIAS DIAS NF-e;1;SIM
26;JULIA BASILIO BORGES;Ambos;3707;60.688.466 JULIA BASILI0 B0RGES PER;PAGAMENTO JULIA BASILIO BORGES PEREIRA NF-e;1;
27;SOFIA KATSUE FAVORETO;Ambos;3708;64.690.535 S0FIA KATSUE FAV0RET0 9;:PAGAMENTO SOFIA KATSUE FAVORETO NF-e;2;SIM
28;rafaella;Ambos;2516;TERCEIROS E ESTAGIARIOS;PAGAMENTO ESTAGIARIA RAFAELLA SETSUKO CATARINHUK;2;
29;LARISSA BEATRIZ MARTINEZ;Ambos;3706;58.694.477 LARISSA BEATRIZ MARTINE;:PAGAMENTO LARISSA BEATRIZ MARTINEZ NF-e;2;SIM
30;UNDICAO METAL LAITE;Ambos;3377;FUNDICA0 METAL LAITE;PAGAMENTO FUNDICAO METAL LAITE NF-e;2;SIM
31;ROI COMUNICACAO;Ambos;2791;PUBLICIDADE E PROPAGANDA;PAGAMENTO AGENCIA ROI COMUNICACAO LTDA;2;SIM
32;Pix -EnviadoJANAINA CA BIAZOTO FAVOR;Ambos;781;CONTA CORRENTE SOCIA JANA FAVOF;Pix -EnviadoJANAINA CA BIAZOTO FAVOR;2;SIM
33;EMPRESARIAL VISA;Ambos;2787;DESPESAS COM CARTA0;Pagto cartao credito EMPRESARIAL VISA;1;SIM
34;SIMPLES NACIONAL;Ambos;1167;SIMPLES A RECOLHER;PAGAMENTO #D #A;1;
35;DARF;Ambos;1321;INSS A RECOLHER;PAGAMENTO #D #A;1;
36;PJBANK;Ambos;2712;ALUGUEL PREDIAL;PAGAMENTO ALUGUEL IMOBILIARIA C CLASS21;1;SIM
37;IFOOD;Ambos;2765;LANCHES E REFEICOES;Pix Enviado - IF00D;1;
38;NOSSO MARCHE;Ambos;3705;NOSS0 MARCHE LTDA;PAGAMENTO NOSSO MARCHE NF-e;1;
39;BB RF Simples Agil;Ambos;51;BB RF SIMPLES AGIL;BB RF Simples Agil;1;
40;JANAINA C A BIAZOTO;Subtrai;781;CONTA CORRENTE SOCIA JANA FAVOF;Pix - Enviado JANAINA CA BIAZOTO FAVOR;1;SIM
41;CONTAC;Subtrai;604;JANA FAV0RET0 CNPJ 64.752.019/0001;PAGAMENTO CONTACPREY -ASSESSORIA CONTABIL LTDA NF-e;1;SIM
42;BB Rende Fécil;Ambos;52;BB RENDE FACIL;88 Rende Fécil;1;SIM
