empresa;arquivo;situacao;regras;atencao
NAYARA HOSHINO RIBEIRO QUITERIO;df84609f-7459-4e8f-b4f6-c5b85e07c9e8.json;nova;249;mesma descrição e banco com contas diferentes: brasilprev seguros (PAGAMENTO): contas ['2730', '401']
R.S. COMERCIO DE PRODUTOS ALIMENTICIOS LTDA;db593c02-f9f0-49bf-86ae-eaaa22765df4.json;nova;68;
PURO SABOR DISTRIBUIDORA DE ALIMENTOS LONDRINA LTDA;a50ccb17-18ad-4a2f-b4c0-7973b62a8f21.json;nova;32;
TRUCK BRASIL - PECAS E SERVICOS DE VEICULOS AUTOMOTORES LTDA;436780d3-cf6e-4702-9c04-f7d01eea7e76.json;nova;25;
W & L COMERCIO DE TINTAS LTDA;6d6bbc75-af45-4d50-b2c7-eec0bc52f16c.json;nova;108;1 regra(s) ignorada(s) do tipo INFORMACAO_ADICIONAL
B3N LTDA;8f4c4258-160b-4734-be9c-845f1f98f1c4.json;nova;18;
INSTITUTO LONDRINENSE DE EDUCACAO DE SURDOS;0a0ac2e5-b9d1-4e21-822f-c6baae0edc83.json;existente (regras acrescentadas);24;
VARMEC COMERCIO DE PECAS LTDA;684973ce-1a91-4a24-8da1-8b28b03ab863.json;nova;120;
RHYOS ENGENHARIA LTDA;7a5ecfc9-05ec-4be0-a7be-2e772ada3799.json;nova;136;
BAUM, BEIRIGO & MILANI ADVOGADOS ASSOCIADOS;9c67549e-6f39-4f23-b544-001050b6556d.json;nova;43;
D. L. A. - SERVICOS DE PREPARACAO DE DOCUMENTOS LTDA;c058c31d-03bb-4f0c-9aee-e594d280906a.json;nova;287;
ALYA NEGOCIOS LTDA;ccff0610-be7f-4fd5-8f9b-85e21dee4119.json;nova;42;
LOJAS JOSYMIX LTDA;133f4ecc-b450-4edc-8e90-42cacf84b3cd.json;nova;73;
MICROMEDICAL IMPLANTES DO BRASIL LTDA;e4717d08-7ecb-43c0-9463-660ec803aa99.json;nova;23;
RECON DIESEL LTDA;5d6082ab-9aec-492c-9ea7-c2a9f02a032f.json;nova;58;
PONTO MIX OUTLET LTDA;5922020c-2a66-4d64-8fa4-30c4824fffc3.json;nova;116;
