#;Parte do histórico no extrato;Tipo;Código contrapartida;Contrapartida (nome, conferência);Histórico para o lançamento contábil
1;Cielo Vendas;Soma;5;CAIXA;<<HistExtBan>>
2;Recebido;Soma;5;CAIXA;<<HistExtBan>>
3;AIBR INSTITUICAO DE PAGAM;Subtrai;2350;(+) OUTROS CUSTOS COM MERCADORIAS;PAGAMENTO FORNECEDOR CHINA
4;TARIFA;Subtrai;2913;DESPESAS BANCÁRIAS;<<HistExtBan>>
5;CLAUDIO ANTONIO VIEIRA;Subtrai;2739;FUNDIÇÕES;PAGAMENTO CLAUDIO ANTONIO VIEIRA FUNDIÇÃO
6;CAIO;Subtrai;2724;OUTROS SERVIÇOS PROFISSIONAIS;PAGAMENTO CAIO PASSOS GESTOR DE TRÁFEGO
7;SANEPAR;Subtrai;2701;AGUA E ESGOTO;PAGAMENTO DE ÁGUA DO MÊS - SANEPAR
8;LIGGA;Subtrai;2703;TELEFONE E INTERNET;PAGAMENTO DE INTERNET DO MÊS - LIGGA TELECOM
9;SCHELLER GOES;Subtrai;2722;HONORÁRIOS ADVOCATÍCIOS;PAGAMENTO ADVOGADA SCHELLER GOES SOCIEDADE
10;CLICK SOLUCOES PATRIMONIAL;Subtrai;2733;SEGURANÇA VIGILANCIA MONITORAMENTO;PAGAMENTO CLICK SOLUCOES PATRIMONIAL
11;TEDpessoal;Ambos;2913;DESPESAS BANCÁRIAS;<<HistExtBan>>
12;ALTERO;Ambos;3369;ALTERO DESIGN - IND. E COM. LTDA.;PAGAMENTO ALTERO DESIGN NF-e
13;PEDRO HENRIQUE FOGA;Ambos;2739;FUNDIÇÕES;PAGAMENTO PEDRO HENRIQUE FOGAÇA - FUNDIÇÃO
14;NIL ARTE;Subtrai;3365;NIL ARTE IND E COM DE AVIAMENTOS LTDA;PAGAMENTO NIL ARTE AVIAMENTOS NF-e
15;FEIRATEX;Subtrai;3366;FEIRATEX COMERCIAL DE TECIDOS LTDA;PAGAMENTO FEIRATEX TECIDOS NF-e
16;ARMARINHO SAO JOSE;Subtrai;3367;D S J - LONDRINA ARMARINHOS LTDA;PAGAMENTO ARMARINHO SÃO JOSE NF-e
17;F J P SUPRIMENTOS;Ambos;3368;FJP SUPRIMENTOS PARA INFORMATICA LTDA - JK;PAGAMENTO F J P SUPRIMENTOS PARA INFORMATICA NF-e
18;MARIANA BIJOUX;Subtrai;3376;FONSECA BIJOUX COMERCIO DE BIJOUTERIAS EIRELI;PAGAMENTO FONSECA BIJOUX NF-e
19;VALDOMIRO;Subtrai;2599;OUTRAS DESPESAS GERAIS COM VENDAS;PAGAMENTO REPASSE JOO VALDOMIRO
20;CORREIO;Subtrai;2541;FRETES E ENTREGAS TERCEIROS;Pagamento de Boleto EMPRESA BRASILEIRA DE CORREIOS E TELEGRAFOS
21;BORDADOS PLAZA;Subtrai;2599;OUTRAS DESPESAS GERAIS COM VENDAS;Pix - Enviado BORDADOS PLAZA
22;marcia regina de souza;Subtrai;2701;AGUA E ESGOTO;Pix - Enviado Marcia Regina de Souza - Rateio Agua Condominio
23;ana maria de jesus;Ambos;2734;SERVIÇOS DE COLETA E LIMPEZA;Pix - Enviado Ana Maria de Jesus DIARISTA
24;JULIA FOLEISS;Ambos;3709;JULIA FOLEISS SORIANI 04546775962;PAGAMENTO JULIA FOLEISS NF-e
25;MARIA JULIA ZACARIAS DIAS;Ambos;3710;55.497.714 MARIA JULIA ZACARIAS DIAS;PAGAMENTO MARIA JULIA  ZACARIAS DIAS NF-e
26;JULIA BASILIO BORGES;Ambos;3707;60.688.466 JULIA BASILIO BORGES PEREIRA;PAGAMENTO JULIA BASILIO BORGES PEREIRA NF-e
27;SOFIA KATSUE FAVORETO;Ambos;3708;64.690.535 SOFIA KATSUE FAVORETO SHIMOHIRO;PAGAMENTO SOFIA KATSUE FAVORETO NF-e
28;rafaella;Ambos;2516;TERCEIROS E ESTAGIÁRIOS;PAGAMENTO ESTAGIÁRIA RAFAELLA SETSUKO CATARINHUK
29;LARISSA BEATRIZ MARTINEZ;Ambos;3706;58.694.477 LARISSA BEATRIZ MARTINEZ FRANCISCONI;PAGAMENTO LARISSA BEATRIZ MARTINEZ NF-e
30;UNDIÇÃO METAL LAITE;Ambos;3377;FUNDICAO METAL LAITE;PAGAMENTO FUNDIÇÃO METAL LAITE NF-e
31;ROI COMUNICACAO;Ambos;2791;PUBLICIDADE E PROPAGANDA;PAGAMENTO AGÊNCIA ROI COMUNICAÇÃO LTDA
32;Pix - Enviado JANAINA C A BIAZOTO FAVOR;Ambos;781;CONTA CORRENTE SOCIA JANA FAVORETO;Pix - Enviado JANAINA C A BIAZOTO FAVOR
33;EMPRESARIAL VISA;Ambos;2787;DESPESAS COM CARTÃO;Pagto cartão crédito EMPRESARIAL VISA
34;SIMPLES NACIONAL;Ambos;1167;SIMPLES A RECOLHER;PAGAMENTO #D #A
35;DARF;Ambos;1321;INSS A RECOLHER;PAGAMENTO #D #A
36;PJBANK;Ambos;2712;ALUGUEL PREDIAL;PAGAMENTO ALUGUEL IMOBILIARIA CLASS21
37;IFOOD;Ambos;2765;LANCHES E REFEIÇOES;Pix Enviado - IFOOD
38;NOSSO MARCHE;Ambos;3705;NOSSO MARCHE LTDA;PAGAMENTO NOSSO MARCHE NF-e
39;BB RF Simples Ágil;Ambos;51;BB RF SIMPLES ÁGIL;BB RF Simples Ágil
40;JANAINA C A BIAZOTO;Subtrai;781;CONTA CORRENTE SOCIA JANA FAVORETO;Pix - Enviado JANAINA C A BIAZOTO FAVOR
41;CONTAC;Subtrai;604;JANA FAVORETO CNPJ 64.752.019/0001-77;PAGAMENTO CONTACPREV - ASSESSORIA CONTABIL LTDA NF-e
42;BB Rende Fácil;Ambos;52;BB RENDE FÁCIL;BB Rende Fácil
