nome_mister;id_app;nome_app;regras
Sicoob;sicoob;Sicoob;645
Mercado Pago;mercado_pago;Mercado Pago;403
Sicredi;sicredi;Sicredi;393
Cred Crea;credcrea;Credcrea;344
Banco Do Brasil S.A;banco_do_brasil;Banco do Brasil;280
Itaú Unibanco S.A;itau;Itaú;273
Caixa Econômica Federal;caixa;Caixa Econômica Federal;169
OLIST/TINY;olist;Olist (Celcoin);137
Banco Inter S.A.;inter;Banco Inter;75
Banco C6 S.A.;c6;C6 Bank;12
Bradesco S.A;bradesco;Bradesco;10
Nu Pagamentos S.A.;nubank;Nubank;10
Banco Sofisa;sofisa;Banco Sofisa;8
Banco Santander Brasil S.A;santander;Santander;7
Banco Safra S.A;safra;Banco Safra;4
Stone Pagamentos S.A.;stone;Stone;3
Cora Sociedade Crédito Direto S.A;cora;Cora;2
