cnpj;numero;empresa
22.318.534/0001-01;197;NAYARA HOSHINO RIBEIRO QUITERIO
01.282.597/0001-77;219;METALURGICA GAVIAO LTDA
32.589.565/0001-42;1;B3W LTDA
33.487.269/0001-01;245;BELEZA RENOVADA COMERCIO VAREJISTA DE COSMETICOS E PERFUMARIA LTDA
34.677.790/0001-66;138;R.S. COMERCIO DE PRODUTOS ALIMENTICIOS LTDA
13.601.956/0001-90;137;PURO SABOR DISTRIBUIDORA DE ALIMENTOS LONDRINA LTDA
09.595.066/0001-46;16;REFORBENS - PECAS E SERVICOS DE VEICULOS AUTOMOTORES LTDA
41.578.457/0001-65;156;TRUCK BRASIL - PECAS E SERVICOS DE VEICULOS AUTOMOTORES LTDA
20.782.550/0001-17;74;W & L COMERCIO DE TINTAS LTDA
57.183.803/0001-46;277;B3N LTDA
80.356.025/0001-61;67;LOTERICA VILA CASONI LTDA
78.622.370/0001-58;205;INSTITUTO LONDRINENSE DE EDUCACAO DE SURDOS
35.414.876/0001-69;218;MG INDUSTRIA E COMERCIO DE MOVEIS DE ACO LTDA
32.545.313/0001-11;301;VARMEC COMERCIO DE PECAS LTDA
34.278.356/0001-03;317;RHYOS ENGENHARIA LTDA
30.177.386/0001-72;209;BAUM, BEIRIGO & MILANI ADVOGADOS ASSOCIADOS
06.142.174/0001-75;62;D. L. A. - SERVICOS DE PREPARACAO DE DOCUMENTOS LTDA
55.927.088/0001-83;325;ALYA NEGOCIOS LTDA
37.873.179/0001-00;251;LOJAS JOSYMIX LTDA
07.326.871/0002-20;332;MICROMEDICAL IMPLANTES DO BRASIL LTDA
45.595.183/0001-73;331;RECON DIESEL LTDA
53.700.288/0001-73;270;PONTO MIX OUTLET LTDA
51.899.993/0001-16;216;TC INDUSTRIA E COMERCIO DE METAIS LTDA
