Cód;Cliente (interno);Cód Domínio;Cliente Domínio;Notas;Saldo anterior;Vendas (período);Recebimento (período);Diferença;Saldo final;Vencido;Vencimento
"";"PRONTOCOR";"3001";"";20;498737,03;0;0;0;498737,03;498737,03;""
"";"UNIMED-RIO";"3001";"";1;350776;0;0;0;350776;131541;""
"002617";"ASSOCIACAO BENEFICENTE SANTA CASA DE CAMPO GRANDE";"3001";"";27;322520,85;0;0;0;322520,85;322520,85000000003;""
"";"HOSPITAL SANTA CRUZ";"3001";"";2;282909,02;0;0;0;282909,02;97929,98999999999;""
"";"VISION MED ASSISTENC";"3001";"";1;266860;0;0;0;266860;266860;""
"";"ATIVIA SERVICOS DE S";"3001";"";3;234840;0;0;0;234840;234840;""
"";"UNIDADE DE DOENÇAS C";"3001";"";8;195507;0;0;0;195507;195507;""
"";"BIOMEDICAL - BAHIA";"3001";"";22;141609,26;0;0;0;141609,26;141609,26;""
"";"HEMOCOR";"3001";"";10;110892,5;0;0;0;110892,5;110892,5;""
"";"HOSP. CASA EVANGELIC";"3001";"";1;105756;0;0;0;105756;105756;""
"";"TOTAL MEDCARE";"3001";"";2;98740,1;0;0;0;98740,1;98740,1;""
"003463";"FOR LIFE MATERIAIS HOSPITALARES LTDA";"3001";"";1;97675;0;0;0;97675;97675;""
"";"HOSPITAL ASSUNCAO";"3001";"";1;85930,5;0;0;0;85930,5;85930,5;""
"";"ATIVA MEDICAL COMERC";"3001";"";1;78000;0;0;0;78000;78000;""
"001038";"Banco do Brasil S.A.";"3001";"";1;71100;0;0;0;71100;71100;""
"";"ASSOCIACAO AUXILIADO";"3001";"";1;51255;0;0;0;51255;51255;""
"";"MED-WAY";"3001";"";26;47097,5;0;0;0;47097,5;47097,5;""
"";"SAO JOSE DE PIRANHAS";"3001";"";1;41990;0;0;0;41990;41990;""
"";"PROCORDIS S/A";"3001";"";1;39000;0;0;0;39000;39000;""
"";"HOSPITAL VITA CURITI";"3001";"";1;32455,13;0;0;0;32455,13;32455,13;""
"";"ASSISTENCIA MEDICA E";"3001";"";6;31500;0;0;0;31500;31500;""
"";"HEMOBAHIA";"3001";"";21;24975;0;0;0;24975;24975;""
"";"INTRAMEDICAL COMERCI";"3001";"";9;23400;0;0;0;23400;23400;""
"";"HOSPITAL VIDA";"3001";"";1;21214,32;0;0;0;21214,32;21214,32;""
"";"HOSP CASA SAO BERNAR";"3001";"";1;15531;0;0;0;15531;15531;""
"";"SMH SOCIEDADE MEDICO";"3001";"";1;14788,12;0;0;0;14788,12;14788,12;""
"";"PLENA COMÉRCIO E REP";"3001";"";4;9600;0;0;0;9600;9600;""
"";"PRONTO S.CARDIOLOGIC";"3001";"";4;9565,99;0;0;0;9565,99;9565,99;""
"";"GRUPO CEMERU SAUDE";"3001";"";1;9430;0;0;0;9430;9430;""
"";"HOSPITAL COPA DOR ST";"3001";"";1;7371;0;0;0;7371;7371;""
"";"SERMED SERVIÇO MEDIC";"3001";"";2;6600;0;0;0;6600;6600;""
"";"G E R";"3001";"";1;5920;0;0;0;5920;5920;""
"";"HS COR SERVICOS DE H";"3001";"";1;5120;0;0;0;5120;5120;""
"";"CLINICA MÉDICA NOSSA";"3001";"";1;2034,5;0;0;0;2034,5;2034,5;""
"000064";"Caixa Benef. dos Funcionários Do Banco Estado São Paulo";"3097";"CAIXA BENEF. DOS FUNCIONARIOS";5;0;513930,36;0;0;513930,36;0;""
"";"HOSPITAL SIRIO LIBAN";"3100";"SOC BENEFICIENTE DE SENHORAS";2;0;510170;0;0;510170;0;""
"002182";"ESHO EMPRESA DE SERVICOS HOSPITALARES S.A.";"3103";"ESHO EMPRESA DE SERVICOS HOSP";1;13447,23;14504,28;-13447,23;0;14504,28;0;""
"002670";"PRONCOR UNIDADE INTENSIVA CARDIORESPIRATORIA S A";"3104";"PRONCOR UNIDADE INTENSIVA CAR";1;0;339856;0;0;339856;0;""
"000036";"FUND DE APOIO AO ENSINO PESQ E ASSISTENCIA HCFMRPUSP";"3105";"FUND DE APOIO AO ENSINO PESQ";1;0;42308,56;0;0;42308,56;0;""
"";"HOSPITAL UNIMED CAXI";"3106";"UNIMED SERRA GAUCHA/RS COOPER";4;0;152100;0;0;152100;0;""
"002643";"FUNDACAO SANEPAR DE ASSISTENCIA SOCIAL";"3107";"FUNDACAO SANEPAR DE ASSISTENC";1;0;74800;0;0;74800;0;""
"";"HOSPITAL SAO PAULO";"3110";"SPDM - ASSOC PAULISTA PARA O";11;489901,75;0;0;0;489901,75;489901,75;""
"";"HOSP REGIONAL DE SOR";"3110";"SPDM - ASSOC PAULISTA PARA O";12;32087;74234;0;-32087;74234;0;""
"002442";"ASSOCIACAO SANTA SAUDE";"3112";"ASSOCIACAO SANTA SAUDE";4;54000;193590;0;0;247590;54000;""
"000029";"Fundação Faculdade Regional de Medicina S.J.Rio Preto";"3113";"FUNDACAO FACULDADE REGIONAL D";27;323943,32;602023,34;-15750;0;910216,66;34200;""
"002086";"HOSPITAL E MATERNIDADE DR CHRISTOVAO DA GAMA S A";"3114";"HOSPITAL E MATERNIDADE DR CHR";8;353607;89742,77;-50765;0;392584,77;52624;""
"000725";"Instituto das Pequenas Missionárias de Maria Imaculada";"3114";"INSTITUTO DAS PEQUENAS MISSIO";0;252;0;-252;0;0;0;""
"002361";"Coris Medicina Vascular LTDA";"3115";"CORIS MEDICINA VASCULAR LTDA";1;0;42480;0;0;42480;0;""
"001952";"SUL AMERICA SERVICOS DE SAUDE S/A";"3117";"SUL AMERICA SERVICOS DE SAUDE";4;24140;303149;0;0;327289;24140;""
"002977";"UNIMED DE PRES PRUDENTE COOPERATIVA DE TRABALHO MEDICO";"3118";"UNIMED DE PRES PRUDENTE COOPE";1;89266,66;0;-37300;-16966,66;35000;0;""
"002457";"SURGMED COMERCIO IMP E EXP PROD P/ USO MEDICOS E HOSP LTDA";"3119";"SURGMED COMERCIO IMP E EXP PR";5;169420;144000;-94550;0;218870;0;""
"003275";"SOCIEDADE BENEFICENTE SAGRADA FAMILIA";"3120";"SOCIEDADE BENEFICENTE SAGRADA";11;275613,1;226524,41;-40100,22;0;462037,29;98389,97;""
"";"HOSPITAL POLICLIN";"3121";"POLICLIN S A SERVICOS MEDICO";6;267086;139969,8;0;-50695,33;356360,47;0;""
"003067";"POLICLIN SAUDE S A";"3121";"POLICLIN S A SERVICOS MEDICO";1;14159,8;0;0;0;14159,8;0;""
"";"HOSPITAL CARLOS FERN";"3122";"IRMANDADE DA SANTA CASA DE MI";1;0;6842,85;0;0;6842,85;0;""
"003041";"HOSPITAL DA FUNDACAO CASA DE CARIDADE DE SAO LOURENCO";"3123";"HOSPITAL DA FUNDACAO CASA DE";4;94169,27;108607,67;-43899,21;0;158877,73;0;""
"";"SANTA CASA DE SANTOS";"3124";"IRMANDADE DA SANTA CASA DE MI";4;114457,65;9497;0;-12535,65;111419;0;""
"";"HOSPITAL 9 DE JULHO";"3125";"IMPAR SERVICOS HOSPITALARES S";2;0;108830,92;0;0;108830,92;0;""
"";"COMPLEXO HOSPITALAR";"3125";"IMPAR SERVICOS HOSPITALARES S";1;94690;0;0;-90000;4690;0;""
"";"HOSPITAL VIVALLE";"3126";"REDE DOR SAO LUIZ S.A.";23;134639,66;660661,13;0;-40726,33;754574,46;35667,83;""
"";"HOSPITAL PORTUGUES D";"3127";"REAL SOCIEDADE PORTUGUESA DE";10;84670;169154,23;0;0;253824,23;92510;""
"002344";"SUL AMERICA COMPANHIA DE SEGURO SAUDE";"3128";"SUL AMERICA COMPANHIA DE SEGU";30;195840;1685827,5;0;0;1881667,5;195840;""
"002689";"UNIMED DE PIRACICABA SOCIEDADE COOPERATIVA DE SERVICOS MEDICOS";"3129";"UNIMED DE PIRACICABA SOCIEDAD";1;0;70000;0;0;70000;0;""
"";"GOCARE PLANOS DE SAU";"3131";"GOCARE PLANOS DE SAUDE LTDA";3;0;118154,5;0;0;118154,5;0;""
"003134";"REAL HOSPITAL PORTUGUES DE BENEFICENCIA EM PERNAMBUCO";"3132";"REAL HOSPITAL PORTUGUES DE BE";2;98825,71;99500;-55467,43;0;142858,28;0;""
"003513";"PLENA SAUDE S.A.";"3135";"PLENA SAUDE S.A.";2;0;43249,86;0;0;43249,86;0;""
"";"HOSPITAL BENEFICIENC";"3136";"REAL E BENEMERITA ASSOCIACAO";29;548877,26;1891941,24;0;0;2440818,5;0;""
"000106";"Real e Benemerita Associacao Portuguesa de Beneficencia";"3136";"REAL E BENEMERITA ASSOCIACAO";8;2168085,61;0;-1397900,23;0;770185,38;609394,85;""
"003471";"SELECT OPERADORA DE PLANO DE SAUDE LTDA";"3138";"SELECT OPERADORA DE PLANO DE";2;0;373386,02;0;0;373386,02;0;""
"002507";"HOSPITAL EVANGELICO DE LONDRINA";"3140";"HOSPITAL EVANGELICO DE LONDRI";1;0;57100;0;0;57100;0;""
"001893";"NOTRE DAME INTERMEDICA SAUDE S.A.";"3142";"NOTRE DAME INTERMEDICA SAUDE";8;125465,25;107980,42;0;0;233445,67;125465,25;""
"003024";"HOSPITAL CEPOG LTDA";"3143";"HOSPITAL CEPOG LTDA";1;24700;0;-6300;0;18400;0;""
"001134";"HOSPITAL DO SERVIDOR PUBLICO MUNICIPAL";"3144";"HOSPITAL DO SERVIDOR PUBLICO";3;31613,34;43390,82;0;0;75004,16;31613,34;""
"000233";"CASA DE SAUDE SANTA MARCELINA";"3145";"CASA DE SAUDE SANTA MARCELINA";3;29793,58;20614,97;0;0;50408,55;0;""
"";"UNIMED NACIONAL";"3146";"CENTRAL NACIONAL UNIMED - COO";21;598927,86;1198007,23;0;-401712,25;1395222,84;108843;""
"003459";"ASSOCIACAO BENEFICENTE HOSPITAL UNIVERSITARIO";"3147";"ASSOCIACAO BENEFICENTE HOSPIT";1;62765;0;-31382,5;0;31382,5;0;""
"000240";"UNIMED Sergipe - Cooperativa de Trabalho Médico";"3148";"UNIMED SERGIPE - COOPERATIVA";2;0;91253,4;0;0;91253,4;0;""
"002464";"ASSOCIACAO BENEFICENTE BOM SAMARITANO";"3150";"ASSOCIACAO BENEFICENTE BOM SA";8;284327,63;101257,98;-44024,72;0;341560,89;153240,38;""
"002624";"ASSOCIACAO DO PLANO DE SAUDE DA SANTA CASA DE MISERICORDIA DE ITABUNA - PLANSUL";"3151";"ASSOCIACAO DO PLANO DE SAUDE";2;0;96482,34;0;0;96482,34;0;""
"002292";"Hospital de Clinicas Antonio Afonso";"3154";"HOSPITAL DE CLINICAS ANTONIO";2;0;50846,83;0;0;50846,83;0;""
"001989";"HOSPITAL SAO LUCAS DE SANTOS LTDA";"3155";"UNIAO BRASILEIRA DE EDUCACAO";2;54999,98;172500;-9166,67;0;218333,31;9166,67;""
"003145";"ASSOCIACAO PORTUGUESA DE BENEFICENCIA DE SAO JOSE DO RIO PRETO";"3157";"ASSOCIACAO PORTUGUESA DE BENE";2;0;447016;0;0;447016;0;""
"000043";"Associacao Beneficente Siria";"3158";"ASSOCIACAO BENEFICENTE SIRIA";7;118600;941708,48;-118600;0;941708,48;0;""
"";"HOSPITAL PALMAS MEDI";"3159";"HOSPITAL PALMAS MEDICAL S.A";1;0;181969;0;0;181969;0;""
"003342";"INSTITUTO DE ANGIOLOGIA E CARDIOLOGIA DE GOIANIA LTDA";"3161";"INSTITUTO DE ANGIOLOGIA E CAR";1;0;183600;0;0;183600;0;""
"001635";"UNIMED DE SAO CARLOS - COOPERATIVA DE TRABALHO MEDICO";"3162";"UNIMED DE SAO CARLOS - COOPER";19;434138,57;167823;-164334,57;0;437627;10763,18;""
"";"HOSPITAL SANTA CATAR";"3163";"ASSOCIACAO CONGREGACAO SANTA";2;0;230900;0;0;230900;0;""
"";"HOSPITAL SAO JOSE";"3163";"ASSOCIACAO CONGREGACAO SANTA";0;57500;0;0;-57500;0;0;""
"003000";"UNIMED DE JUNDIAI COOPERATIVA DE TRABALHO MEDICO";"3164";"UNIMED DE JUNDIAI COOPERATIVA";3;25825;25560;-25825;0;25560;0;""
"003509";"SAMEL PLANO DE SAUDE LTDA.";"3165";"SAMEL PLANO DE SAUDE LTDA.";1;0;273350;0;0;273350;0;""
"002190";"RC RADIOLOGIA INTERVENCIONISTA LTDA";"3167";"RC RADIOLOGIA INTERVENCIONIST";9;119065;183275;-60770;0;241570;0;""
"003630";"UNIMED DE BOTUCATU COOPERATIVA DE TRABALHO MEDICO";"3168";"UNIMED DE BOTUCATU COOPERATIV";1;0;131500;0;0;131500;0;""
"";"SAO LUIZ - UNIDADE A";"3172";"REDE D´OR SAO LUIZ S.A.";3;0;105649,33;0;0;105649,33;0;""
"";"GERSHOP SERVICOS HOS";"3173";"HOSPITAL SANTA CLARA";2;0;28301,65;0;0;28301,65;0;""
"000761";"Fundacao Felice Rosso";"3174";"FUNDACAO FELICE ROSSO";3;194852;606989;-172052;0;629789;0;""
"003141";"SAMEDIL - SERVICOS DE ATENDIMENTO MEDICO S/A";"3177";"SAMEDIL - SERVICOS DE ATENDIM";22;34444,6;552531,6;0;0;586976,2;34444,6;""
"002577";"UNIMED MACEIO COOPERATIVA DE TRABALHO MEDICO";"3181";"UNIMED MACEIO COOPERATIVA DE";1;0;192000;0;0;192000;0;""
"";"HOSPITAL REGIONAL DE";"3184";"INSTITUTO SOCRATES GUANAES -";10;51931,9;324441,48;0;-51931,9;324441,48;0;""
"";"HOSPITAL REGIONAL DO";"3184";"INSTITUTO SOCRATES GUANAES -";5;207954,98;86806,42;0;-107238,42;187522,98;0;""
"003118";"UNIMED SALTO/ITU - COOPERATIVA MEDICA";"3186";"UNIMED SALTO/ITU - COOPERATIV";6;0;93368,95;0;0;93368,95;0;""
"002619";"CAIXA DE ASSIST DOS SERV DO ESTADO DE MA";"3187";"CAIXA DE ASSIST DOS SERV DO E";4;192200;524510;-48050;0;668660;0;""
"003458";"ASHOPE - ASSOCIACAO DE SERVICOS HOSPITALARES";"3190";"ASHOPE - ASSOCIACAO DE SERVIC";2;0;228700;0;0;228700;0;""
"";"HOSPITAL UNIMED RECI";"3192";"UNIMED RECIFE COOPERATIVA DE";3;0;486575;0;0;486575;0;""
"001797";"UNIMED RECIFE COOPERATIVA DE TRABALHO MEDICO";"3192";"UNIMED RECIFE COOPERATIVA DE";1;0;102375;0;0;102375;0;""
"003277";"PROTECARDIO - CLINICA DE HEMODINAMICA, DIAGNOSTICO E TRATAMENTO LTDA";"3194";"PROTECARDIO - CLINICA DE HEMO";1;0;47100;0;0;47100;0;""
"001534";"Banco Bradesco Saúde S/A";"3197";"BANCO BRADESCO SAUDE S/A";15;0;1164496,56;0;0;1164496,56;0;""
"002386";"HOSPITAL MATER DEI S/A";"3198";"HOSPITAL MATER DEI S.A.";3;9929,28;88138,86;0;0;98068,14;0;""
"003351";"UNIMAGEM UNIDADE DE DIAGNOSTICO POR IMAGEM SAO FRANCISCO DE ASSIS LIMITADA";"3199";"UNIMAGEM UNIDADE DE DIAGNOSTI";1;0;41345;0;0;41345;0;""
"";"SES MT";"3200";"SECRETARIA DE ESTADO DE SAUDE";1;0;273326,67;0;0;273326,67;0;""
"001400";"UNIMED CURITIBA - SOCIEDADE COOPERATIVA DE MEDICOS";"3201";"UNIMED CURITIBA - SOCIEDADE C";3;24000;529763;0;0;553763;24000;""
"001209";"HBA SA ASSISTENCIA MEDICA E HOSPITALAR";"3202";"HBA SA ASSISTENCIA MEDICA E H";0;73500;0;-73500;0;0;0;""
"";"SONICARDIO";"3204";"ARRUDA & ARRUDA JUNIOR LTDA";2;195000;111100;0;0;306100;195000;""
"002659";"UNIMED SAO JOSE DOS CAMPOS - COOPERATIVA DE TRABALHO MEDICO";"3205";"UNIMED SAO JOSE DOS CAMPOS -";2;5000;16000;0;-5000;16000;0;""
"000868";"Unimed São José dos Campos Cooperativa Trabalho Médico";"3206";"UNIMED SAO JOSE DOS CAMPOS CO";1;0;117800;0;0;117800;0;""
"003219";"SOCIEDADE B H SANTA CASA DE MISERICORDIA DE R PRETO";"3209";"SOCIEDADE B H SANTA CASA DE M";2;0;159809,2;0;0;159809,2;0;""
"";"POSTAL SAUDE";"3210";"POSTAL SAUDE - CAIXA DE ASSIS";5;55159;44582,38;0;0;99741,38;55159;""
"001482";"SANTA HELENA ASSISTENCIA MEDICA S/A";"3211";"SANTA HELENA ASSISTENCIA MEDI";2;0;200757,32;0;0;200757,32;0;""
"003466";"HELENA DE LIMA BRAGA";"3211";"SANTA HELENA ASSISTENCIA MEDI";0;189480;0;-189480;0;0;0;""
"";"HOSPITAL SAO JOAO DE";"3212";"FUNDACAO GERALDO CORREA";1;0;55930;0;0;55930;0;""
"002952";"NOSSA SAUDE OPERADORA DE PLANOS PRIVADOS DE ASSISTENCIA A SAUDE LTDA";"3213";"NOSSA SAUDE OPERADORA DE PLAN";2;25370;57270;-12685;0;69955;27002,5;""
"";"HOSPITAL UNIMED REGI";"3214";"UNIMED REGIONAL JAU COOPERATI";2;0;220800;0;0;220800;0;""
"002529";"IRMANDADE DA SANTA CASA DE MISERICORDIA DE SAO CARLOS";"3215";"SANTA CASA DE MISERICORDIA DE";14;295872,04;88432,59;-21188,08;0;363116,55;177793,38;""
"";"HOSPITAL CARLOS CHAG";"3217";"AMICO SAUDE LTDA";1;0;40020,98;0;0;40020,98;0;""
"";"HOSPITAL PASTEUR";"3217";"AMICO SAUDE LTDA";2;0;32376,78;0;0;32376,78;0;""
"002291";"Associação São Francisco Vida";"3218";"ASSOCIACAO SAO FRANCISCO VIDA";2;14706,67;34985;-10327,33;0;39364,34;0;""
"002976";"ASSOCIACAO DOS AGENTES FISCAIS DE RENDAS DO ESTADO DE SAO PAULO";"3220";"ASSOCIACAO DOS AUDITORES FISC";1;0;426330;0;0;426330;0;""
"003227";"UNIMED JOAO PESSOA COOPERATIVA DE TRABALHO MEDICO";"3221";"UNIMED JOAO PESSOA COOPERATIV";5;518000;617546,43;0;0;1135546,43;518000;""
"";"HOSPITAL PEDIATRICO";"3221";"UNIMED JOAO PESSOA COOPERATIV";1;0;198000;0;0;198000;0;""
"003084";"AUSTACLINICAS ASSISTENCIA MEDICA E HOSPITALAR LTDA";"3222";"AUSTACLINICAS ASSISTENCIA MED";6;39860;432930;-39860;0;432930;0;""
"001399";"UNIMED GRANDE FLORIANOPOLIS - COOPERATIVA DE TRABALHO MEDICO";"3224";"UNIMED GRANDE FLORIANOPOLIS -";1;0;153000;0;0;153000;0;""
"002679";"SANTA CASA DE MISERICORDIA DA BAHIA";"3225";"SANTA CASA DE MISERICORDIA DA";4;95697,12;248444,14;-95697,12;0;248444,14;0;""
"002473";"HOSPITAL POLICLINICA CASCAVEL S.A.";"3226";"HOSPITAL POLICLINICA CASCAVEL";1;0;57350;0;0;57350;0;""
"002425";"UNIMED REGIONAL MARINGA - COOPERATIVA DE TRABALHO MEDICO";"3227";"UNIMED REGIONAL MARINGA - COO";5;451850;53150;-209850;0;295150;117850;""
"002503";"UNIMED DE LONDRINA COOPERATIVA DE TRABALHO MEDICO";"3228";"UNIMED DE LONDRINA COOPERATIV";2;0;52650;0;0;52650;0;""
"002534";"UNIMED DE SANTOS COOP DE TRABALHO MEDICO";"3230";"UNIMED DE SANTOS COOP DE TRAB";5;80059;257643;-80059;0;257643;0;""
"003156";"ASSOCIACAO HOSPITALAR FILHAS DE NOSSA SENHORA DO MONTE CALVARIO";"3231";"ASSOCIACAO HOSPITALAR FILHAS";1;1619,94;105256;-1619,94;0;105256;0;""
"";"APAS-BAURU";"3232";"ASSOCIACAO POLICIAL DE ASSIST";2;0;88851,5;0;0;88851,5;0;""
"003511";"PREVENT SENIOR ATENDIMENTO A SAUDE LTDA.";"3233";"PREVENT SENIOR ATENDIMENTO A";1;0;78200;0;0;78200;0;""
"002468";"ENDOCATH DIAGNOSTICOS E TRATAMENTOS LTDA";"3234";"ENDOCATH DIAGNOSTICOS E TRATA";1;0;70000;0;0;70000;0;""
"003443";"HUMANA SAUDE LTDA";"3235";"HUMANA SAUDE LTDA";1;0;60200;0;0;60200;0;""
"002956";"PROMEDICA PATRIMONIAL S A PROPAT";"3237";"PROMEDICA PATRIMONIAL S A PRO";6;64686;93848,5;0;0;158534,5;64686;""
"002505";"Unimed Goiânia Cooperativa de Trabalho Médico";"3240";"UNIMED GOIANIA COOPERATIVA DE";3;0;542300;0;0;542300;0;""
"002443";"Hospital de Clinicas";"3242";"HOSPITAL DE CLINICAS";10;256040,66;134967,34;-55467,43;0;335540,57;0;""
"";"CAPESESP";"3243";"CAIXA DE PREVIDENCIA E ASSIST";1;0;166543;0;0;166543;0;""
"";"SAGRADA FAMILIA SAUD";"3245";"SF SISTEMA DE SAUDE LTDA";4;0;94948,45;0;0;94948,45;0;""
"002243";"REDE DOR SAO LUIZ S.A- OSASCO";"3246";"REDE DOR SAO LUIZ S.A- OSASCO";2;0;78283,29;0;0;78283,29;0;""
"";"HOSPITAL SAMAR";"3247";"HSS SAUDE S/A";1;0;75000;0;0;75000;0;""
"001459";"PORTO SEGURO - SEGURO SAUDE S/A";"3249";"PORTO SEGURO - SEGURO SAUDE S";3;0;196190,45;0;0;196190,45;0;""
"003367";"UNIMED DE MARILIA COOPERATIVA DE TRABALHO MEDICO";"3250";"UNIMED DE MARILIA COOPERATIVA";1;0;67620;0;0;67620;0;""
"";"H. MEDICOS ASSOCIADO";"3251";"HOSPITAL 22 DE OUTUBRO SOCIED";1;0;133200;0;0;133200;0;""
"001029";"SOCIEDADE HOSPITALAR ANGELINA CARON";"3252";"SOCIEDADE HOSPITALAR ANGELINA";9;228851,62;148898,67;-55216,96;0;322533,33;0;""
"002650";"UNIMED DO SUDOESTE COOPERATIVA DE TRABALHO MEDICO LTDA";"3253";"UNIMED DO SUDOESTE COOPERATIV";4;502031,2;172862,13;-83671,87;0;591221,46;0;""
"";"APAS SAUDE SOROCABA";"3254";"ASSOCIACAO POLICIAL DE ASSIST";1;0;22000;0;0;22000;0;""
"";"HOSPITAL BENEFICENCI";"3255";"ASSOCIACAO BENEFICENTE PORTUG";1;0;13410,6;0;0;13410,6;0;""
"001474";"UNIMED SEGUROS SAUDE S/A";"3271";"UNIMED SEGUROS SAUDE S/A";3;70000;221724;0;0;291724;70000;""
"";"HOSPITAL VITORIA";"3272";"HOSPITAL ALVORADA TAGUATINGA";5;14405;200808,5;0;0;215213,5;0;""
"";"HOSPITAL SAMARITANO";"3272";"HOSPITAL ALVORADA TAGUATINGA";3;0;192127,89;0;0;192127,89;0;""
"002334";"HOSPITAL ALVORADA TAGUATINGA LTDA";"3272";"HOSPITAL ALVORADA TAGUATINGA";1;0;52493,2;0;0;52493,2;0;""
"002127";"AMIL ASSISTENCIA MEDICA INTERNACIONAL SA";"3273";"AMIL ASSISTENCIA MEDICA INTER";29;52618,56;2284838,7;-44509,28;0;2292947,98;0;""
"002542";"Hospital do Coração Samcordis Ltda";"3278";"HOSPITAL DO CORACAO SAMCORDIS";0;30758,17;0;-30758,17;0;0;0;""
"002622";"UNIMED SAO GONCALO NITEROI SOC COOP SERV";"3279";"UNIMED SAO GONCALO NITEROI SO";4;52564;162450;-26282;0;188732;0;""
"";"NITEROI D´OR";"3281";"HOSPITAL FLUMINENSE S/A";1;0;158022;0;0;158022;0;""
"002535";"REAL GRANDEZA FUNDACAO DE PREVIDENCIA E ASSIST SOCIAL";"3282";"REAL GRANDEZA FUNDACAO DE PRE";1;0;130926;0;0;130926;0;""
"";"BANCO BRADESCO S.A.";"3283";"";4;408920,63;0;0;0;408920,63;408920,63;""
"001208";"AMESC - ASSOCIACAO MEDICA ESPIRITA CRISTA";"3284";"AMESC - ASSOCIACAO MEDICA ESP";5;0;50152,35;0;0;50152,35;0;""
"001794";"HOSPITAL ILHA DO GOVERNADOR LTDA";"3285";"HOSPITAL ILHA DO GOVERNADOR L";6;124189,51;0;0;0;124189,51;124189,51;""
"";"ASSIM SAUDE";"3286";"GRUPO HOSPITALAR DO RIO DE JA";6;26165;269650;0;-45875;249940;0;""
"003139";"HOSPITAL DI CAMP LTDA";"3289";"HOSPITAL DI CAMP LTDA";1;0;19800;0;0;19800;0;""
"002506";"LEVE SAUDE OPERADORA DE PLANOS DE SAUDE S.A.";"3290";"LEVE SAUDE OPERADORA DE PLANO";2;0;30796;0;0;30796;0;""
"002649";"UNIMED DO EST R J FEDERACAO EST DAS COOPERATIVAS MED";"3295";"UNIMED DO EST R J FEDERACAO E";68;4013505,04;924663,54;0;0;4938168,58;3600982,730000001;""
"002208";"UNIMED DE VOLTA REDONDA COOPERATIVA DE TRABALHO MEDICO";"3296";"UNIMED DE VOLTA REDONDA COOPE";5;0;190810;0;0;190810;0;""
"";"HOSPITAL E CLINICA S";"3297";"CLINICA SAO GONCALO LTDA";2;225403,7;0;0;0;225403,7;128000;""
"";"HOSPITAL ICARAI";"3297";"CLINICA SAO GONCALO LTDA";4;101406,62;1200;0;-32815,2;69791,42;35158,4;""
"003501";"UNIMED CENTRO SUL FLUMINENSE COOPERATIVA DE TRABALHO MEDICO";"3298";"UNIMED CENTRO SUL FLUMINENSE";1;0;20594;0;0;20594;0;""
"";"HOSPITAL DOM ORIONE";"3300";"CASA DE CARIDADE DOM ORIONE";1;0;67000;0;0;67000;0;""
"";"UNIMED SERRANA RJ";"3301";"UNIMED DE NOVA FRIBURGO SOC.";1;0;305000;0;0;305000;0;""
"002359";"KLINI PLANOS DE SAUDE LTDA";"3304";"KLINI PLANOS DE SAUDE LTDA";1;483413,8;447518,34;-75123;-408290,8;447518,34;0;""
"003336";"LIV LINHAS INTELIGENTES DE ATENCAO A VIDA S/A";"3305";"LIV LINHAS INTELIGENTES DE AT";4;253703,35;66221,4;0;-66405,4;253519,35;5437,95;""
"";"HOSPITAL BALBINO";"3307";"HOSPITAL DR BALBINO LTDA";1;0;8206,4;0;0;8206,4;0;""
"";"HOSPITAL SANTA CECIL";"3308";"";1;2356;0;0;0;2356;2356;""
"002385";"MEDISE MEDICINA DIAGNOSTICO E SERVICOS SA";"3309";"MEDISE MEDICINA DIAGNOSTICO E";2;0;101452,8;0;0;101452,8;0;""
"";"SILVESTRE SAUDE";"3310";"OPERADORA UNIESTE DE PLANOS D";2;4780,38;23204,5;0;0;27984,88;4780,38;""
"";"CABERJ";"3311";"CAIXA DE ASSISTENCIA A SAUDE";1;0;364065;0;0;364065;0;""
"002280";"INSTITUTO CIRURGICO GABRIEL DE LUCENA LTDA";"3312";"INSTITUTO CIRURGICO GABRIEL D";1;0;263340;0;0;263340;0;""
"000654";"BeneficEncia Nipo-Brasileira de São Paulo";"3338";"BENEFICENCIA NIPO-BRASILEIRA";1;0;4050;0;0;4050;0;""
"";"ASSEM";"3340";"ASSOCIACAO DOS SERVIDORES DA";1;0;45681,91;0;0;45681,91;0;""
"003114";"UNIMED SUDOESTE DE MINAS COOPERATIVA DE TRABALHO MEDICO";"3341";"UNIMED SUDOESTE DE MINAS COOP";7;903700;91500;-58550;-45250;891400;45250;""
"";"GEAP SAUDE";"3342";"GEAP AUTOGESTAO EM SAUDE";1;0;60000;0;0;60000;0;""
"";"SERVIMED";"3343";"SERVICO DE ASSISTENCIA A SAUD";2;62310;89100;0;0;151410;0;""
"003826";"UNICA ASSISTENCIA MEDICA LTDA";"3345";"UNICA ASSISTENCIA MEDICA LTDA";1;0;8827,35;0;0;8827,35;0;""
"003018";"CARE PLUS MEDICINA ASSISTENCIAL LTDA";"3347";"CARE PLUS MEDICINA ASSISTENCI";1;0;26380;0;0;26380;0;""
"003128";"BRADESCO SAUDE OPERADORA DE PLANOS SA";"3348";"BRADESCO SAUDE OPERADORA DE P";1;0;89980;0;0;89980;0;""
"003016";"UNIVERSIDADE FEDERAL DA BAHIA";"3351";"UNIVERSIDADE FEDERAL DA BAHIA";3;13900;28000;0;0;41900;0;""
"001668";"UNIMED CAMPO GRANDE";"3352";"UNIMED CAMPO GRANDE";4;64940;105070;0;0;170010;64940;""
"003044";"FUNDO MUNICIPAL DE SAUDE - FMS";"3354";"FUNDO MUNICIPAL DE SAUDE - FM";1;0;31673,34;0;0;31673,34;0;""
"003502";"UNIMED COSTA DO DESCOBRIMENTO COOPERATIVA DE TRABALHO MEDICO";"3355";"UNIMED COSTA DO DESCOBRIMENTO";1;0;66446,89;0;0;66446,89;0;""
"";"CASSI SAO PAULO - SP";"3356";"CAIXA DE ASSISTENCIA DOS FUNC";4;31180,29;269736;0;0;300916,29;0;""
"003015";"ASSOCIACAO PETROBRAS DE SAUDE - APS";"3357";"ASSOCIACAO PETROBRAS DE SAUDE";4;0;982440,1;0;0;982440,1;0;""
"";"SAO LUIZ - UNIDADE M";"3358";"REDE D´OR SAO LUIZ S.A.- ITAI";1;0;1500;0;0;1500;0;""
"";"SANTA CASA DE MARING";"3361";"IRMANDADE SANTA CASA DE MISER";1;0;57300;0;0;57300;0;""
"002151";"C A MEDICAL IMP. EXP. E REPRESENTAÇÃO LTDA";"3362";"C A MEDICAL IMP. EXP. E REPRE";1;0;1700;0;0;1700;0;""
"003228";"ASS POLICIAL DE ASSISTENCIA A SAUDE DA BAIXADA SANTISTA";"3365";"ASS POLICIAL DE ASSISTENCIA A";1;0;14841;0;0;14841;0;""
"002631";"R.M.I. OPERADORA DE SAUDE INTEGRADA LTDA.";"3367";"R.M.I. OPERADORA DE SAUDE INT";2;44177,66;37684;-14710,91;0;67150,75;0;""
"002303";"CASA DE SAUDE NOSSA SENHORA DO CARMO";"3380";"";2;117795,8;0;0;0;117795,8;117795,8;""
"003149";"MED-TOUR ADMINISTRADORA DE BENEFICIOS E EMPREENDIMENTOS LTDA";"3416";"MED-TOUR ADMINISTRADORA DE BE";0;42171,5;0;0;-42171,5;0;0;""
"002211";"HOSPITAL SAO VICENTE - RIO DE JANEIRO";"3421";"HOSPITAL SAO VICENTE - RIO DE";8;610078,02;0;0;0;610078,02;610078,02;""
"003468";"VS  MEDICINA ESPECIALIZADA LTDA";"3430";"VS  MEDICINA ESPECIALIZADA LT";1;12210;0;0;-6105;6105;6105;""
"000025";"Fundação Adib Jatene";"3433";"FUNDACAO ADIB JATENE";4;133668,21;0;-29763,58;0;103904,63;0;""
"000112";"Rede Primavera - Assistencia Medica Hospitalar Ltda";"3441";"REDE PRIMAVERA - ASSISTENCIA";1;56105,28;0;-33232,08;0;22873,2;22873,2;""
"003434";"FUNDACAO UNIVERSIDADE FEDERAL DE MATO GROSSO DO SUL";"3443";"FUNDACAO UNIVERSIDADE FEDERAL";1;82066,67;0;-41033,33;0;41033,34;41033,34;""
"003211";"BIOCATH COMERCIO DE PRODUTOS HOSPITALARES LTDA";"3452";"BIOCATH COMERCIO DE PRODUTOS";0;1845;0;-1845;0;0;0;""
"003229";"CABERJ INTEGRAL SAUDE S";"3453";"CABERJ INTEGRAL SAUDE S";0;8023;0;-8023;0;0;0;""
"002988";"HOSPITAL SAO LUCAS SA";"3522";"HOSPITAL SAO LUCAS SA";1;118100;0;0;0;118100;0;""
"002993";"CRUZ VERMELHA BRASILEIRA - FILIAL DO ESTADO DO PARANA";"3524";"CRUZ VERMELHA BRASILEIRA - FI";3;310579,23;0;-77996;0;232583,23;176334;""
"003416";"UNIMED PETROPOLIS COOPERATIVA DE TRABALHO MEDICO";"3530";"UNIMED PETROPOLIS COOPERATIVA";1;243100;0;0;0;243100;30387,5;""
"000239";"UNIMED Cascavel - Coop. de Trabalho Médico Ltda";"3539";"UNIMED CASCAVEL - COOP. DE TR";0;1100;0;0;-1100;0;0;""
"000819";"Unimed Santa Bárbara d Oeste e Americana";"3544";"UNIMED SANTA BARBARA D OESTE";0;28666,68;0;-28666,68;0;0;0;""
"003098";"AMEPLAN ASSISTENCIA MEDICA PLANEJADA LTDA";"3564";"AMEPLAN ASSISTENCIA MEDICA PL";1;34926,15;0;0;0;34926,15;23284,1;""
"003005";"UNIMED LESTE PAULISTA COOPERATIVA DE TRABALHO MEDICO";"3566";"UNIMED LESTE PAULISTA COOPERA";1;103050;0;-69975;0;33075;0;""
"003479";"INSTITUTO MARIA SCHMITT DE DESENVOLVIMENTO DE ENSINO, ASSISTENCIA SOCIAL E SAUDE DO CIDADAO";"3576";"INSTITUTO MARIA SCHMITT DE DE";6;202605,82;0;0;0;202605,82;72079,42;""
"";"HOSPITAL SAO CAMILO";"3577";"SOCIEDADE BENEFICENTE SAO CAM";5;24248,7;503530,59;0;-17300;510479,29;0;""
"002239";"INSTITUTO BRASILEIRO DE GESTAO DA SAUDE";"3579";"INSTITUTO BRASILEIRO DE GESTA";2;78476,68;0;0;0;78476,68;0;""
"003255";"UNIMED DE GUARATINGUETA COOPERATIVA DE TRABALHO MEDICO";"3580";"UNIMED DE GUARATINGUETA COOPE";2;119214,28;0;-45990,47;0;73223,81;0;""
"";"SANTA CASA";"3583";"IRMANDADE DA SANTA CASA DE MI";2;88481,88;0;0;0;88481,88;88481,88;""
"001941";"FUNDACAO BAHIANA DE CARDIOLOGIA";"3585";"FUNDACAO BAHIANA DE CARDIOLOG";30;129144,8;0;0;0;129144,8;129144,8;""
"003157";"HOSPITAL ESPERANCA SA";"3589";"";1;4600;0;0;0;4600;0;""
"";"HOSPITAL BARRA D'OR";"3589";"";0;147853;0;-147853;0;0;0;""
"003250";"INTENSIVA DAY HOSPITAL LTDA";"3593";"";0;14976,58;0;-14976,58;0;0;0;""
"001117";"CENTRO TRASMONTANO DE SAO PAULO";"3617";"CENTRO TRASMONTANO DE SAO PAU";1;32500;0;0;0;32500;0;""
"003210";"UNIMED DE RIO CLARO SP COOPERATIVA DE TRABALHO MEDICO";"3644";"UNIMED DE RIO CLARO SP COOPER";1;85300;0;0;0;85300;85300;""
"000973";"GS - PLANO GLOBAL DE SAUDE LTDA";"3665";"GS - PLANO GLOBAL DE SAUDE LT";1;20214,48;0;-10107,24;0;10107,24;0;""
"003115";"UNIMED DE PINDAMONHANGABA COOPERATIVA DE TRABALHO MEDICO";"5721";"UNIMED DE PINDAMONHANGABA COO";5;311426,34;0;-84764,33;0;226662,01;0;""
"003079";"INSTITUTO DE NEUROLOGIA";"5722";"";0;141827;0;-141827;0;0;0;""
"000950";"HOSPITAL NOVO ATIBAIA S.A.";"5723";"HOSPITAL NOVO ATIBAIA S.A.";8;603919;0;-115670;0;488249;299849;""
"001646";"HOSPITAL LEFORTE LIBERDADE S.A.";"5725";"";0;42845;0;-42845;0;0;0;""
"";"FUSVE";"5727";"";13;229422,45;0;0;-65292,45;164130;164130;""
"";"HOSPITAL SANTA HELEN";"5744";"SOUZA E PRADO LTDA";4;182750;183600;0;0;366350;182750;""
"002620";"ANGIOCOR - SERVICO DE HEMODINAMICA LTDA";"5814";"";1;310815;0;0;-15000;295815;0;""
"002171";"UNIMED SANTA MARIA/RS - COOPERATIVA DE ASSIST. A SAUDE LTDA";"5816";"";0;153000;0;-153000;0;0;0;""
"003165";"UNIMED DE TAUBATE COOPERATIVA DE TRABALHO MEDICO";"5817";"";1;27600;0;-4600;0;23000;18400;""
"003484";"UNIMED DE CAMPOS COOPERATIVA DE TRABALHO MEDICO";"5818";"";0;76154;0;-76154;0;0;0;""
"003436";"BRUNO LEONARDO SANTOS FONTES";"5819";"";0;15214,8;0;-15214,8;0;0;0;""
"";"CENTRO MEDICO SANTA";"5820";"";1;121560;0;-50060;0;71500;71500;""
"003395";"SERGIO MILEV";"5823";"";0;93525;0;-93525;0;0;0;""
"003422";"HOSPITAL ESPERANCA OLINDA";"5824";"";0;132200;0;-132200;0;0;0;""
"002173";"MEDICAL SUPPORT MATERIAIS MEDICOS E HOSPITALARES LTDA";"5825";"";0;23489;0;-23489;0;0;0;""
"000217";"EDSON DOS SANTOS MARKETING E PROM. DE VENDAS";"5826";"";4;40510;0;-8102;0;32408;32408;""
"000104";"PRONTOCARDIO Pronto Atendimento Cardiologico SC Ltda";"5827";"";1;205816,2;0;0;-1390,65;204425,55;0;""
"003493";"OPLAN SAUDE OPERADORA DE PLANOS DE SAUDE LTDA";"5829";"";2;16211,55;0;0;0;16211,55;16211,55;""
"002524";"NEUROCOR - MS DIAGNOSTICOS S/A";"5830";"NEUROCOR - MS DIAGNOSTICOS S/";3;217805,33;0;0;0;217805,33;217805,33000000002;""
"";"LACIC - RONDONOPOLIS";"5878";"";1;161000;0;0;0;161000;0;""
"";"HOSPITAL LUXEMBURGO";"5885";"";2;29290,1;0;0;0;29290,1;0;""
"";"HUGOL";"5886";"";1;35000;0;0;0;35000;0;""
"";"GERENCIA REGIONAL DO";"5890";"GEAP AUTOGESTAO EM SAUDE RJ";37;1211399,43;0;0;0;1211399,43;1185212,01;""
"003220";"MED INOVACAO SERVICOS MEDICOS LTDA";"5891";"";84;488710;0;0;0;488710;488710;""
"002596";"ASSOCIACAO HOSPITALAR CASA DE SAUDE DE SANTOS";"5922";"ASSOCIACAO HOSPITALAR CASA DE";1;73660;0;0;0;73660;55245;""
"";"HOSPITAL ESCOLA ALVA";"5923";"";1;156100;0;0;0;156100;156100;""
"003294";"AUSTACOR - SERVICO ESPECIALIZADO DE HEMODINAMICA LTDA";"5924";"CENTRO MEDICO RIO PRETO S.A";1;38060;0;0;0;38060;0;""
"";"SANTA CASA DE SÃO PA";"6022";"";9;186000;0;0;0;186000;186000;""
"002428";"SANTA CASA DE MISERICORDIA DE JUIZ DE FORA";"6316";"";8;431348,66;0;0;0;431348,66;194448,66;""
"002628";"ASSOCIACAO MAIS SAUDE SANTA CASA DE SAO";"6659";"ASSOCIACAO MAIS SAUDE SANTA C";1;0;58090;0;0;58090;0;""
"";"UNIMED OESTE DO PARA";"6851";"";1;470264,16;0;0;0;470264,16;36174,17;""