empresa;cnpj;arquivo;situacao;regras_no_mister;regras_novas;das_quais_beneficiario;duplicadas_ignoradas;atencao
NAYARA HOSHINO RIBEIRO QUITERIO;22318534000101;novas/c296e2b6-a290-44d4-85b3-c172918b9a5d.json;nova;250;249;0;1;sem número da empresa | banco sem equivalente no app (Sicoob): usado planilha_excel | banco sem equivalente no app (Banco C6 S.A.): usado planilha_excel | banco sem equivalente no app (Caixa Econômica Federal): usado planilha_excel | banco sem equivalente no app (Itaú Unibanco S.A): usado planilha_excel | mesma descrição e banco com contas diferentes: brasilprev seguros (PAGAMENTO): contas ['2730', '401']
METALURGICA GAVIAO LTDA;01282597000177;atualizadas/da60bd7c-fc09-4ce9-81ef-815fae92a2be.json;existente (regras acrescentadas);281;280;31;1;banco sem equivalente no app (Sicoob): usado planilha_excel | banco sem equivalente no app (Itaú Unibanco S.A): usado planilha_excel | banco sem equivalente no app (Stone Pagamentos S.A.): usado planilha_excel
B3W LTDA;32589565000142;novas/dbc14436-ef96-4215-9de4-598ad65b6c3c.json;nova;164;162;14;2;sem número da empresa | banco sem equivalente no app (Itaú Unibanco S.A): usado planilha_excel | banco sem equivalente no app (Caixa Econômica Federal): usado planilha_excel | banco sem equivalente no app (Cora Sociedade Crédito Direto S.A): usado planilha_excel | banco sem equivalente no app (Sicoob): usado planilha_excel | banco sem equivalente no app (Banco Safra S.A): usado planilha_excel | mesma descrição e banco com contas diferentes: thais da silva estampreski (PAGAMENTO): contas ['2851', '3455']
BELEZA RENOVADA COMERCIO VAREJISTA DE COSMETICOS E PERFUMARIA LTDA;33487269000101;novas/52af2a34-d8ba-4c15-9109-fa1b6f30f657.json;nova;428;427;28;1;sem número da empresa | banco sem equivalente no app (Itaú Unibanco S.A): usado planilha_excel
R.S. COMERCIO DE PRODUTOS ALIMENTICIOS LTDA;34677790000166;novas/fe417afb-7c64-4026-bd31-2e5da0a0cdde.json;nova;74;68;2;6;sem número da empresa | banco sem equivalente no app (Sicoob): usado planilha_excel | banco sem equivalente no app (Caixa Econômica Federal): usado planilha_excel
PURO SABOR DISTRIBUIDORA DE ALIMENTOS LONDRINA LTDA;13601956000190;novas/5a5de82f-23cd-41b7-95d4-f365eea065c7.json;nova;32;32;0;0;sem número da empresa | banco sem equivalente no app (Sicoob): usado planilha_excel | banco sem equivalente no app (Caixa Econômica Federal): usado planilha_excel
REFORBENS - PECAS E SERVICOS DE VEICULOS AUTOMOTORES LTDA;09595066000146;novas/c2f9801b-1cf8-47ce-93ee-2c3205325bcd.json;nova;365;331;65;34;"sem número da empresa | banco sem equivalente no app (Sicoob): usado planilha_excel | banco sem equivalente no app (Cred Crea): usado planilha_excel | mesma descrição e banco com contas diferentes: truck ar condicionado ltda (PAGAMENTO): contas ['2759', '2851']; l f a acessorios e servicos (PAGAMENTO): contas ['2851', '3826']"
TRUCK BRASIL - PECAS E SERVICOS DE VEICULOS AUTOMOTORES LTDA;41578457000165;novas/ed658a9f-8d8a-4680-bf50-22c54054acd3.json;nova;25;25;1;0;sem número da empresa | banco sem equivalente no app (Cred Crea): usado planilha_excel
W & L COMERCIO DE TINTAS LTDA;20782550000117;novas/9eb42c73-3bb6-45b3-9120-340181ac8979.json;nova;110;108;20;1;sem número da empresa | banco sem equivalente no app (Cred Crea): usado planilha_excel | banco sem equivalente no app (Sicoob): usado planilha_excel | 1 regra(s) ignorada(s) do tipo INFORMACAO_ADICIONAL
B3N LTDA;57183803000146;novas/745290a5-d950-484b-a3af-c14f90d334a6.json;nova;18;18;4;0;sem número da empresa | banco sem equivalente no app (Itaú Unibanco S.A): usado planilha_excel
LOTERICA VILA CASONI LTDA;80356025000161;novas/70cef105-9c33-4679-999d-577df69dc6e5.json;nova;99;99;0;0;sem número da empresa | banco sem equivalente no app (Caixa Econômica Federal): usado planilha_excel
INSTITUTO LONDRINENSE DE EDUCACAO DE SURDOS;78622370000158;atualizadas/0a0ac2e5-b9d1-4e21-822f-c6baae0edc83.json;existente (regras acrescentadas);24;24;0;0;
MG INDUSTRIA E COMERCIO DE MOVEIS DE ACO LTDA;35414876000169;atualizadas/ddd8036d-3eab-4fe2-9820-a635318aef2e.json;existente (regras acrescentadas);31;31;12;0;
VARMEC COMERCIO DE PECAS LTDA;32545313000111;novas/753167bc-dc3e-48e0-897c-c34c54bde5f6.json;nova;121;120;0;1;sem número da empresa | banco sem equivalente no app (Sicoob): usado planilha_excel
RHYOS ENGENHARIA LTDA;34278356000103;novas/0f9697ff-999f-4176-a4e5-d19a6bbb4464.json;nova;136;136;0;0;sem número da empresa | banco sem equivalente no app (Sicoob): usado planilha_excel
BAUM, BEIRIGO & MILANI ADVOGADOS ASSOCIADOS;30177386000172;novas/9623c5f8-bb82-404b-a74f-79a2066b2af3.json;nova;43;43;12;0;sem número da empresa | banco sem equivalente no app (Sicoob): usado planilha_excel
D. L. A. - SERVICOS DE PREPARACAO DE DOCUMENTOS LTDA;06142174000175;novas/534ffb74-84ad-4fee-aed8-d9a4f4e56157.json;nova;289;287;53;2;sem número da empresa | banco sem equivalente no app (Sicoob): usado planilha_excel
ALYA NEGOCIOS LTDA;55927088000183;novas/ab11ca9c-78ee-4735-acc6-bdd07d5c8d4b.json;nova;42;42;0;0;sem número da empresa | banco sem equivalente no app (Sicoob): usado planilha_excel
LOJAS JOSYMIX LTDA;37873179000100;novas/a478f44f-b935-4ea3-ad6e-69896f032547.json;nova;73;73;0;0;sem número da empresa | banco sem equivalente no app (Itaú Unibanco S.A): usado planilha_excel
MICROMEDICAL IMPLANTES DO BRASIL LTDA;07326871000220;novas/4e7256c4-9c5a-4a03-8af9-e5f93c31aada.json;nova;23;23;0;0;sem número da empresa | banco sem equivalente no app (Banco Sofisa): usado planilha_excel
RECON DIESEL LTDA;45595183000173;novas/4a1e7947-fec4-4f99-a9fd-58504352eec4.json;nova;58;58;0;0;sem número da empresa | banco sem equivalente no app (Itaú Unibanco S.A): usado planilha_excel | banco sem equivalente no app (Sicoob): usado planilha_excel
PONTO MIX OUTLET LTDA;53700288000173;novas/14449bdf-9116-4c68-aa70-2a1bbb5d2617.json;nova;116;116;0;0;sem número da empresa | banco sem equivalente no app (Sicoob): usado planilha_excel
TC INDUSTRIA E COMERCIO DE METAIS LTDA;51899993000116;novas/a2dd26e2-e107-4751-8214-abf8930a6473.json;nova;28;28;0;0;sem número da empresa
